delay,freq,condition,thisN,thisTrialN,thisRepN,key_resp.keys,key_resp.rt,key_resp.duration,textbox.text,button.numClicks,button.timesOn,button.timesOff,trials.thisRepN,trials.thisTrialN,trials.thisN,trials.thisIndex,thisRow.t,notes,trial.started,fixation.started,fixation_2.started,key_resp.started,fixation.stopped,trial.stopped,trials.key_resp.keys,trials.key_resp.rt,trials.key_resp.duration,beep.started,sound_1.started,sound_1.stopped,beep.stopped,response.started,text.started,textbox.started,button.started,response.stopped,trials.textbox.text,trials.button.numClicks,trials.button.timesOn,trials.button.timesOff,participant,session,date,expName,expVersion,psychopyVersion,frameRate,expStart
0.7,1000,exp,0,0,0,space,1.5335362,None,"400 
",1,[6.367743599927053],[6.36774929985404],0,0,0,5,0.0222379,,0.0155817,0.0222379,1.0057956,1.0057956,1.0223087,2.5487284,space,1.5335362,None,2.5495745,0.7084914,1.0077623,3.5675984,3.5856592,3.6049932,3.6049932,3.6049932,9.972985,"400 
",1,[6.367743599927053],[6.36774929985404],1,1,2025-11-10_19h29.58.986,Intentional Binding,,2025.01.01,60.20719701,2025-11-10 19h30.07.139601 +0530
0.1,400,unexp,1,1,0,space,1.7391568,None,200,1,[4.268346600001678],[4.268353600054979],0,1,1,0,9.9891608,,9.9731466,9.9891608,10.9738186,10.9738186,10.9898407,12.7238628,space,1.7391568,None,12.7247279,0.0995553,0.3995782,13.1392694,13.1402385,13.155093,13.155093,13.155093,17.4236621,200,1,[4.268346600001678],[4.268353600054979],1,1,2025-11-10_19h29.58.986,Intentional Binding,,2025.01.01,60.20719701,2025-11-10 19h30.07.139601 +0530
0.7,1000,exp,2,2,0,space,0.410108,None,100,1,[2.2525605999398977],[2.2525712999049574],0,2,2,8,17.4393108,,17.4238289,17.4393108,18.4390866,18.4390866,18.4390866,18.8582589,space,0.410108,None,18.8594413,0.7147282,1.0149322,19.8914194,19.8924391,19.9049173,19.9049173,19.9049173,22.1578774,100,1,[2.2525605999398977],[2.2525712999049574],1,1,2025-11-10_19h29.58.986,Intentional Binding,,2025.01.01,60.20719701,2025-11-10 19h30.07.139601 +0530
0.4,400,unexp,3,3,0,space,0.930926,None,400,1,[2.850530199939385],[2.850540899904445],0,3,3,1,22.1729083,,22.1582419,22.1729083,23.1729042,23.1729042,23.1729042,24.1075352,space,0.930926,None,24.1082433,0.3994836,0.7302036,24.8378799,24.8386354,24.8555036,24.8555036,24.8555036,27.7063672,400,1,[2.850530199939385],[2.850540899904445],1,1,2025-11-10_19h29.58.986,Intentional Binding,,2025.01.01,60.20719701,2025-11-10 19h30.07.139601 +0530
0.1,1000,exp,4,4,0,space,1.2088355,None,200,1,[3.5355767998844385],[3.5355865999590605],0,4,4,9,27.7225942,,27.7065762,27.7225942,28.7066053,28.7066053,28.7230288,29.9237111,space,1.2088355,None,29.9246328,0.0991411,0.3989122,30.3324052,30.3333929,30.3548455,30.3548455,30.3548455,33.8907425,200,1,[3.5355767998844385],[3.5355865999590605],1,1,2025-11-10_19h29.58.986,Intentional Binding,,2025.01.01,60.20719701,2025-11-10 19h30.07.139601 +0530
0.1,1000,exp,5,5,0,space,2.3146403,None,200,1,[2.5196682000532746],[2.519681500038132],0,5,5,6,33.9061217,,33.8910005,33.9061217,34.8904343,34.8904343,34.9063241,37.2071198,space,2.3146403,None,37.2085073,0.114907,0.4160436,37.6423965,37.6433127,37.6543992,37.6543992,37.6543992,40.1744656,200,1,[2.5196682000532746],[2.519681500038132],1,1,2025-11-10_19h29.58.986,Intentional Binding,,2025.01.01,60.20719701,2025-11-10 19h30.07.139601 +0530
0.1,1000,exp,6,6,0,space,0.3508862,None,100,1,[4.950974100036547],[4.950989299919456],0,6,6,3,40.1899842,,40.1747848,40.1899842,41.1885492,41.1885492,41.2050984,41.5559708,space,0.3508862,None,41.5564868,0.0992654,0.4001323,41.9686369,41.9698758,41.988559,41.988559,41.988559,46.9399304,100,1,[4.950974100036547],[4.950989299919456],1,1,2025-11-10_19h29.58.986,Intentional Binding,,2025.01.01,60.20719701,2025-11-10 19h30.07.139601 +0530
0.7,1000,exp,7,7,0,space,0.3725752,None,700,1,[2.4183523000683635],[2.418368099955842],0,7,7,11,46.9567289,,46.9401924,46.9567289,47.9554206,47.9554206,47.9722367,48.3397991,space,0.3725752,None,48.3410135,0.6995192,0.9995959,49.3577425,49.3589965,49.3708093,49.3708093,49.3708093,51.7894972,700,1,[2.4183523000683635],[2.418368099955842],1,1,2025-11-10_19h29.58.986,Intentional Binding,,2025.01.01,60.20719701,2025-11-10 19h30.07.139601 +0530
0.4,1000,exp,8,8,0,space,0.9322932,None,400,1,[3.3845873000100255],[3.3845976998563856],0,8,8,4,51.8061039,,51.7897466,51.8061039,52.7894165,52.7894165,52.8056928,53.7234491,space,0.9322932,None,53.7243026,0.3993702,0.6997707,54.4427801,54.4438715,54.4717739,54.4717739,54.4717739,57.8566809,400,1,[3.3845873000100255],[3.3845976998563856],1,1,2025-11-10_19h29.58.986,Intentional Binding,,2025.01.01,60.20719701,2025-11-10 19h30.07.139601 +0530
0.4,1000,exp,9,9,0,space,0.3022243,None,300,1,[2.6189325000159442],[2.618943399982527],0,9,9,10,57.8726012,,57.8572133,57.8726012,58.8560477,58.8560477,58.8721825,59.1723637,space,0.3022243,None,59.1729115,0.4005782,0.7008103,59.8897942,59.8906877,59.90426,59.90426,59.90426,62.523518,300,1,[2.6189325000159442],[2.618943399982527],1,1,2025-11-10_19h29.58.986,Intentional Binding,,2025.01.01,60.20719701,2025-11-10 19h30.07.139601 +0530
0.7,400,unexp,10,10,0,space,0.3151628,None,600,1,[2.3516961000859737],[2.351708000060171],0,10,10,2,62.5391049,,62.5237854,62.5391049,63.5228019,63.5228019,63.5394737,63.8399018,space,0.3151628,None,63.8410507,0.6993182,1.0008034,64.851676,64.8539389,64.8708788,64.8708788,64.8708788,67.2228951,600,1,[2.3516961000859737],[2.351708000060171],1,1,2025-11-10_19h29.58.986,Intentional Binding,,2025.01.01,60.20719701,2025-11-10 19h30.07.139601 +0530
0.4,1000,exp,11,11,0,space,0.4318216,None,300,1,[2.7013126998208463],[2.7013265998102725],0,11,11,7,67.2395623,,67.2231504,67.2395623,68.2399828,68.2399828,68.2399828,68.673362,space,0.4318216,None,68.674305,0.3995588,0.6994438,69.3926272,69.3936606,69.4213073,69.4213073,69.4213073,72.122974,300,1,[2.7013126998208463],[2.7013265998102725],1,1,2025-11-10_19h29.58.986,Intentional Binding,,2025.01.01,60.20719701,2025-11-10 19h30.07.139601 +0530
0.7,1000,exp,12,0,1,space,0.9037188,None,800,1,[2.9344658001791686],[2.9344770000316203],1,0,12,8,72.1385411,,72.1232766,72.1385411,73.1386661,73.1386661,73.1386661,74.056356,space,0.9037188,None,74.0577958,0.6992754,1.0002092,75.0732883,75.0747803,75.0880448,75.0880448,75.0880448,78.0228488,800,1,[2.9344658001791686],[2.9344770000316203],1,1,2025-11-10_19h29.58.986,Intentional Binding,,2025.01.01,60.20719701,2025-11-10 19h30.07.139601 +0530
0.1,400,unexp,13,1,1,space,0.5100515,None,200,1,[3.035670799901709],[3.035680199973285],1,1,13,0,78.0389533,,78.0231011,78.0389533,79.0233289,79.0233289,79.0392709,79.5381888,space,0.5100515,None,79.5386004,0.1020351,0.4022613,79.9514558,79.9532175,79.9703877,79.9703877,79.9703877,83.0063643,200,1,[3.035670799901709],[3.035680199973285],1,1,2025-11-10_19h29.58.986,Intentional Binding,,2025.01.01,60.20719701,2025-11-10 19h30.07.139601 +0530
0.1,1000,exp,14,2,1,space,0.5720674,None,100,1,[2.001922800205648],[2.001935100182891],1,2,14,9,83.022892,,83.0065958,83.022892,84.005463,84.005463,84.0225262,84.5893567,space,0.5720674,None,84.5903411,0.0994652,0.3994093,85.0080358,85.0090617,85.0207622,85.0207622,85.0207622,87.0230987,100,1,[2.001922800205648],[2.001935100182891],1,1,2025-11-10_19h29.58.986,Intentional Binding,,2025.01.01,60.20719701,2025-11-10 19h30.07.139601 +0530
0.7,1000,exp,15,3,1,space,0.2662776,None,700,1,[2.784395700087771],[2.784405400045216],1,3,15,5,87.0385635,,87.0234095,87.0385635,88.0398319,88.0398319,88.0398319,88.3231621,space,0.2662776,None,88.3241857,0.6992548,0.9996543,89.340585,89.3414346,89.3538335,89.3538335,89.3538335,92.1385536,700,1,[2.784395700087771],[2.784405400045216],1,1,2025-11-10_19h29.58.986,Intentional Binding,,2025.01.01,60.20719701,2025-11-10 19h30.07.139601 +0530
0.1,1000,exp,16,4,1,space,0.7645986,None,200,1,[3.552271200111136],[3.5522805999498814],1,4,16,6,92.1543587,,92.1387953,92.1543587,93.1390175,93.1390175,93.1558046,93.907216,space,0.7645986,None,93.9082452,0.1153496,0.4148968,94.3391688,94.3403992,94.3534261,94.3534261,94.3534261,97.9060004,200,1,[3.552271200111136],[3.5522805999498814],1,1,2025-11-10_19h29.58.986,Intentional Binding,,2025.01.01,60.20719701,2025-11-10 19h30.07.139601 +0530
0.4,1000,exp,17,5,1,space,0.3376393,None,200,1,[4.318235900020227],[4.318246399983764],1,5,17,7,97.9219254,,97.9062501,97.9219254,98.9061801,98.9061801,98.923051,99.2558126,space,0.3376393,None,99.2566559,0.3992186,0.6996172,99.9703553,99.9712629,99.9872171,99.9872171,99.9872171,104.3057831,200,1,[4.318235900020227],[4.318246399983764],1,1,2025-11-10_19h29.58.986,Intentional Binding,,2025.01.01,60.20719701,2025-11-10 19h30.07.139601 +0530
0.4,1000,exp,18,6,1,space,0.4347444,None,300,1,[3.318593099946156],[3.318601500010118],1,6,18,4,104.3223065,,104.3060391,104.3223065,105.3050934,105.3050934,105.322125,105.7551048,space,0.4347444,None,105.7557755,0.3999208,0.7012855,106.4710524,106.4729766,106.4871436,106.4871436,106.4871436,109.8060277,300,1,[3.318593099946156],[3.318601500010118],1,1,2025-11-10_19h29.58.986,Intentional Binding,,2025.01.01,60.20719701,2025-11-10 19h30.07.139601 +0530
0.4,400,unexp,19,7,1,space,0.4414392,None,300,1,[2.5353631998877972],[2.5353732998482883],1,7,19,1,109.8219784,,109.8062624,109.8219784,110.8051063,110.8051063,110.8219393,111.2551334,space,0.4414392,None,111.2559837,0.3999238,0.7000769,111.9708342,111.9717476,111.9868073,111.9868073,111.9868073,114.5225105,300,1,[2.5353631998877972],[2.5353732998482883],1,1,2025-11-10_19h29.58.986,Intentional Binding,,2025.01.01,60.20719701,2025-11-10 19h30.07.139601 +0530
0.7,1000,exp,20,8,1,space,0.1866278,None,800,1,[3.568835400044918],[3.568848100025207],1,8,20,11,114.5381172,,114.522742,114.5381172,115.5231102,115.5231102,115.5385638,115.7226771,space,0.1866278,None,115.7235639,0.6993555,0.9991689,116.7420047,116.7429971,116.770449,116.770449,116.770449,120.3397253,800,1,[3.568835400044918],[3.568848100025207],1,1,2025-11-10_19h29.58.986,Intentional Binding,,2025.01.01,60.20719701,2025-11-10 19h30.07.139601 +0530
0.1,1000,exp,21,9,1,space,0.7079512,None,200,1,[2.552560299867764],[2.552572000073269],1,9,21,3,120.3547808,,120.3400449,120.3547808,121.3548179,121.3548179,121.3548179,122.0737828,space,0.7079512,None,122.0748944,0.1141302,0.414749,122.5010725,122.5028878,122.5203799,122.5203799,122.5203799,125.0732773,200,1,[2.552560299867764],[2.552572000073269],1,1,2025-11-10_19h29.58.986,Intentional Binding,,2025.01.01,60.20719701,2025-11-10 19h30.07.139601 +0530
0.7,400,unexp,22,10,1,space,1.5518395,None,600,1,[4.0357419000938535],[4.035752299940214],1,10,22,2,125.0885177,,125.0735306,125.0885177,126.0872607,126.0872607,126.0872607,127.6545003,space,1.5518395,None,127.6551156,0.7007677,1.0006907,128.6697768,128.6707359,128.6869231,128.6869231,128.6869231,132.7230024,600,1,[4.0357419000938535],[4.035752299940214],1,1,2025-11-10_19h29.58.986,Intentional Binding,,2025.01.01,60.20719701,2025-11-10 19h30.07.139601 +0530
0.4,1000,exp,23,11,1,space,0.8962573,None,300,1,[2.7694631000049412],[2.769473399966955],1,11,23,10,132.7381908,,132.7232503,132.7381908,133.736914,133.736914,133.736914,134.6390467,space,0.8962573,None,134.6401541,0.4146344,0.7149417,135.3687146,135.3694377,135.385796,135.385796,135.385796,138.1555749,300,1,[2.7694631000049412],[2.769473399966955],1,1,2025-11-10_19h29.58.986,Intentional Binding,,2025.01.01,60.20719701,2025-11-10 19h30.07.139601 +0530
0.4,1000,exp,24,0,2,space,0.4942893,None,500,1,[2.1517925998196006],[2.1518043999094516],2,0,24,7,138.1719543,,138.1558181,138.1719543,139.1547099,139.1547099,139.1717229,139.6547819,space,0.4942893,None,139.6558639,0.3990981,0.7002089,140.3705791,140.3719002,140.3864582,140.3864582,140.3864582,142.5387019,500,1,[2.1517925998196006],[2.1518043999094516],1,1,2025-11-10_19h29.58.986,Intentional Binding,,2025.01.01,60.20719701,2025-11-10 19h30.07.139601 +0530
0.7,1000,exp,25,1,2,space,0.5094887,None,700,1,[2.551501600071788],[2.551509100012481],2,1,25,11,142.5546957,,142.5390466,142.5546957,143.5380221,143.5380221,143.5551499,144.0562985,space,0.5094887,None,144.0577904,0.6993888,0.9987688,145.0716401,145.0728427,145.0862663,145.0862663,145.0862663,147.6380537,700,1,[2.551501600071788],[2.551509100012481],1,1,2025-11-10_19h29.58.986,Intentional Binding,,2025.01.01,60.20719701,2025-11-10 19h30.07.139601 +0530
0.1,1000,exp,26,2,2,space,1.6011187,None,200,1,[2.3690188999753445],[2.3690288001671433],2,2,26,3,147.653477,,147.6382762,147.653477,148.6380282,148.6380282,148.6547926,150.2550695,space,1.6011187,None,150.2561911,0.0994612,0.3989693,150.6715477,150.6725005,150.6859635,150.6859635,150.6859635,153.0552892,200,1,[2.3690188999753445],[2.3690288001671433],1,1,2025-11-10_19h29.58.986,Intentional Binding,,2025.01.01,60.20719701,2025-11-10 19h30.07.139601 +0530
0.4,400,unexp,27,3,2,space,0.533385,None,500,1,[2.4004646001849324],[2.400473300134763],2,3,27,1,153.0719168,,153.0555257,153.0719168,154.0716083,154.0716083,154.0716083,154.6054159,space,0.533385,None,154.6061623,0.3994403,0.7302216,155.3357661,155.3363082,155.3536079,155.3536079,155.3536079,157.7543544,500,1,[2.4004646001849324],[2.400473300134763],1,1,2025-11-10_19h29.58.986,Intentional Binding,,2025.01.01,60.20719701,2025-11-10 19h30.07.139601 +0530
0.1,1000,exp,28,4,2,space,0.4506541,None,100,1,[3.6022349998820573],[3.602243499830365],2,4,28,6,157.7715608,,157.7546005,157.7715608,158.7542574,158.7542574,158.7718537,159.2217737,space,0.4506541,None,159.2226898,0.0995567,0.399862,159.6407331,159.6415366,159.6526528,159.6526528,159.6526528,163.2551821,100,1,[3.6022349998820573],[3.602243499830365],1,1,2025-11-10_19h29.58.986,Intentional Binding,,2025.01.01,60.20719701,2025-11-10 19h30.07.139601 +0530
0.4,1000,exp,29,5,2,space,0.3620737,None,500,1,[3.43425349984318],[3.43426140001975],2,5,29,4,163.2708407,,163.2554177,163.2708407,164.255157,164.255157,164.2722811,164.6220928,space,0.3620737,None,164.6228829,0.3996337,0.6992032,165.3400269,165.3410925,165.3702302,165.3702302,165.3702302,168.8047653,500,1,[3.43425349984318],[3.43426140001975],1,1,2025-11-10_19h29.58.986,Intentional Binding,,2025.01.01,60.20719701,2025-11-10 19h30.07.139601 +0530
0.7,400,unexp,30,6,2,space,0.2989324,None,400,1,[5.584856200031936],[5.584865800105035],2,6,30,2,168.8212565,,168.8049618,168.8212565,169.8041414,169.8041414,169.8210223,170.1048698,space,0.2989324,None,170.1058127,0.7173645,1.0166595,171.139504,171.1405858,171.1695508,171.1695508,171.1695508,176.7547507,400,1,[5.584856200031936],[5.584865800105035],1,1,2025-11-10_19h29.58.986,Intentional Binding,,2025.01.01,60.20719701,2025-11-10 19h30.07.139601 +0530
0.1,400,unexp,31,7,2,space,0.4131009,None,200,1,[2.2858025999739766],[2.285813600057736],2,7,31,0,176.7711302,,176.7550067,176.7711302,177.754088,177.754088,177.7714517,178.1720342,space,0.4131009,None,178.1733017,0.0993187,0.3984912,178.5904382,178.591484,178.6188167,178.6188167,178.6188167,180.9049448,200,1,[2.2858025999739766],[2.285813600057736],1,1,2025-11-10_19h29.58.986,Intentional Binding,,2025.01.01,60.20719701,2025-11-10 19h30.07.139601 +0530
0.7,1000,exp,32,8,2,space,0.3577251,None,500,1,[3.0336731001734734],[3.0336915000807494],2,8,32,5,180.9216701,,180.9052017,180.9216701,181.9038958,181.9038958,181.9373365,182.2712457,space,0.3577251,None,182.2719722,0.7006729,1.0159428,183.287402,183.2884833,183.3036263,183.3036263,183.3036263,186.337845,500,1,[3.0336731001734734],[3.0336915000807494],1,1,2025-11-10_19h29.58.986,Intentional Binding,,2025.01.01,60.20719701,2025-11-10 19h30.07.139601 +0530
0.1,1000,exp,33,9,2,space,0.4470061,None,200,1,[2.136394100030884],[2.1364049001131207],2,9,33,9,186.3547233,,186.3382723,186.3547233,187.352974,187.352974,187.3695121,187.804479,space,0.4470061,None,187.8053461,0.0993216,0.3993689,188.2218401,188.2227988,188.2351163,188.2351163,188.2351163,190.3718163,200,1,[2.136394100030884],[2.1364049001131207],1,1,2025-11-10_19h29.58.986,Intentional Binding,,2025.01.01,60.20719701,2025-11-10 19h30.07.139601 +0530
0.7,1000,exp,34,10,2,space,0.3823955,None,500,1,[2.5011551999486983],[2.501170199830085],2,10,34,8,190.3871633,,190.3720713,190.3871633,191.3863879,191.3863879,191.403066,191.7713765,space,0.3823955,None,191.7721719,0.6998744,1.0006885,192.7897868,192.7911773,192.8192102,192.8192102,192.8192102,195.320703,500,1,[2.5011551999486983],[2.501170199830085],1,1,2025-11-10_19h29.58.986,Intentional Binding,,2025.01.01,60.20719701,2025-11-10 19h30.07.139601 +0530
0.4,1000,exp,35,11,2,space,0.3247295,None,400,1,[3.8189622999634594],[3.8189785999711603],2,11,35,10,195.3371713,,195.3209657,195.3371713,196.320756,196.320756,196.3369423,196.6544389,space,0.3247295,None,196.6553775,0.3990631,0.6992927,197.3717164,197.3724323,197.3854204,197.3854204,197.3854204,201.2047177,400,1,[3.8189622999634594],[3.8189785999711603],1,1,2025-11-10_19h29.58.986,Intentional Binding,,2025.01.01,60.20719701,2025-11-10 19h30.07.139601 +0530
0.4,1000,exp,36,0,3,space,0.3704273,None,300,1,[2.8541920999996364],[2.8542064998764545],3,0,36,4,201.2204236,,201.2049749,201.2204236,202.2036314,202.2036314,202.2211637,202.5885633,space,0.3704273,None,202.5894901,0.4150135,0.7151147,203.3223902,203.3236456,203.3352283,203.3352283,203.3352283,206.1898158,300,1,[2.8541920999996364],[2.8542064998764545],1,1,2025-11-10_19h29.58.986,Intentional Binding,,2025.01.01,60.20719701,2025-11-10 19h30.07.139601 +0530
0.1,1000,exp,37,1,3,space,0.4811173,None,200,1,[3.1508445001672953],[3.1508563000243157],3,1,37,3,206.2034168,,206.1901427,206.2034168,207.2035615,207.2035615,207.2035615,207.6860671,space,0.4811173,None,207.6870347,0.0997116,0.4011494,208.1017662,208.102781,208.1189239,208.1189239,208.1189239,211.2700978,200,1,[3.1508445001672953],[3.1508563000243157],1,1,2025-11-10_19h29.58.986,Intentional Binding,,2025.01.01,60.20719701,2025-11-10 19h30.07.139601 +0530
0.4,1000,exp,38,2,3,space,0.3861945,None,300,1,[3.6358091000001878],[3.6358197000809014],3,2,38,7,211.2865341,,211.2703216,211.2865341,212.2701777,212.2701777,212.2866902,212.6720601,space,0.3861945,None,212.672902,0.4146796,0.7137243,213.4002916,213.4010661,213.4182718,213.4182718,213.4182718,217.0544049,300,1,[3.6358091000001878],[3.6358197000809014],1,1,2025-11-10_19h29.58.986,Intentional Binding,,2025.01.01,60.20719701,2025-11-10 19h30.07.139601 +0530
0.1,1000,exp,39,3,3,space,0.4183538,None,100,1,[2.552313999971375],[2.5523228000383824],3,3,39,6,217.0696653,,217.0546522,217.0696653,218.0535692,218.0535692,218.0701664,218.4876962,space,0.4183538,None,218.4887979,0.1147513,0.4159851,218.9202131,218.9213993,218.9348009,218.9348009,218.9348009,221.4873791,100,1,[2.552313999971375],[2.5523228000383824],1,1,2025-11-10_19h29.58.986,Intentional Binding,,2025.01.01,60.20719701,2025-11-10 19h30.07.139601 +0530
0.7,1000,exp,40,4,3,space,0.774705,None,700,1,[4.118405100191012],[4.118414200143889],3,4,40,11,221.5031524,,221.4875876,221.5031524,222.4872177,222.4872177,222.5032234,223.2706093,space,0.774705,None,223.271377,0.7006989,0.9996981,224.2893969,224.2903518,224.3187857,224.3187857,224.3187857,228.4375114,700,1,[4.118405100191012],[4.118414200143889],1,1,2025-11-10_19h29.58.986,Intentional Binding,,2025.01.01,60.20719701,2025-11-10 19h30.07.139601 +0530
0.7,1000,exp,41,5,3,space,0.3179425,None,800,1,[2.80168140004389],[2.8016916001215577],3,5,41,5,228.4530697,,228.4377374,228.4530697,229.4537837,229.4537837,229.4537837,229.7873667,space,0.3179425,None,229.7882328,0.6994906,1.0002827,230.8020944,230.8036072,230.8182929,230.8182929,230.8182929,233.6202995,800,1,[2.80168140004389],[2.8016916001215577],1,1,2025-11-10_19h29.58.986,Intentional Binding,,2025.01.01,60.20719701,2025-11-10 19h30.07.139601 +0530
0.4,400,unexp,42,6,3,space,0.5126443,None,300,1,[3.1015957999043167],[3.1016077999956906],3,6,42,1,233.6361301,,233.6205513,233.6361301,234.6198103,234.6198103,234.6369887,235.1379777,space,0.5126443,None,235.1390169,0.4150724,0.7159513,235.8685241,235.8701429,235.8852411,235.8852411,235.8852411,238.9871543,300,1,[3.1015957999043167],[3.1016077999956906],1,1,2025-11-10_19h29.58.986,Intentional Binding,,2025.01.01,60.20719701,2025-11-10 19h30.07.139601 +0530
0.7,400,unexp,43,7,3,space,0.4615855,None,400,1,[3.5009054001420736],[3.50091450009495],3,7,43,2,239.0024763,,238.9873986,239.0024763,239.9871181,239.9871181,240.0026093,240.4550544,space,0.4615855,None,240.4562162,0.7158394,1.0464903,241.5017737,241.5030328,241.5191928,241.5191928,241.5191928,245.0203723,400,1,[3.5009054001420736],[3.50091450009495],1,1,2025-11-10_19h29.58.986,Intentional Binding,,2025.01.01,60.20719701,2025-11-10 19h30.07.139601 +0530
0.7,1000,exp,44,8,3,space,0.491423,None,400,1,[3.434341099811718],[3.4343512000050396],3,8,44,8,245.0368573,,245.020604,245.0368573,246.0204851,246.0204851,246.0361423,246.5202285,space,0.491423,None,246.5211278,0.715929,1.0157694,247.5483622,247.5497634,247.5683203,247.5683203,247.5683203,251.0029629,400,1,[3.434341099811718],[3.4343512000050396],1,1,2025-11-10_19h29.58.986,Intentional Binding,,2025.01.01,60.20719701,2025-11-10 19h30.07.139601 +0530
0.4,1000,exp,45,9,3,space,0.617956,None,300,1,[4.135485999984667],[4.135499200085178],3,9,45,10,251.0191072,,251.0031858,251.0191072,252.0032534,252.0032534,252.0200173,252.6353811,space,0.617956,None,252.6357885,0.4013574,0.700496,253.3516378,253.3529504,253.3677112,253.3677112,253.3677112,257.5036262,300,1,[4.135485999984667],[4.135499200085178],1,1,2025-11-10_19h29.58.986,Intentional Binding,,2025.01.01,60.20719701,2025-11-10 19h30.07.139601 +0530
0.1,400,unexp,46,10,3,space,0.6820701,None,100,1,[4.617906700121239],[4.617919800104573],3,10,46,0,257.5191837,,257.50385,257.5191837,258.5032039,258.5032039,258.5191334,259.1867906,space,0.6820701,None,259.1878278,0.1001985,0.3990262,259.6002978,259.6017566,259.6179657,259.6179657,259.6179657,264.2362663,100,1,[4.617906700121239],[4.617919800104573],1,1,2025-11-10_19h29.58.986,Intentional Binding,,2025.01.01,60.20719701,2025-11-10 19h30.07.139601 +0530
0.1,1000,exp,47,11,3,space,0.4165776,None,100,1,[2.9192821001634],[2.9192925000097603],3,11,47,9,264.2522302,,264.2366233,264.2522302,265.2359643,265.2359643,265.2533183,265.6684884,space,0.4165776,None,265.6690824,0.1015887,0.4012295,266.0813651,266.083124,266.1007162,266.1007162,266.1007162,269.0203006,100,1,[2.9192821001634],[2.9192925000097603],1,1,2025-11-10_19h29.58.986,Intentional Binding,,2025.01.01,60.20719701,2025-11-10 19h30.07.139601 +0530
0.1,400,unexp,48,0,4,space,0.3871241,None,100,1,[2.7865280001424253],[2.7865383999887854],4,0,48,0,269.0359275,,269.0205383,269.0359275,270.0364669,270.0364669,270.0364669,270.437176,space,0.3871241,None,270.4380317,0.0990501,0.3995535,270.8519202,270.8528672,270.86718,270.86718,270.86718,273.6540267,100,1,[2.7865280001424253],[2.7865383999887854],1,1,2025-11-10_19h29.58.986,Intentional Binding,,2025.01.01,60.20719701,2025-11-10 19h30.07.139601 +0530
0.7,400,unexp,49,1,4,space,0.3493168,None,700,1,[2.818211199948564],[2.81821779999882],4,1,49,2,273.6691845,,273.6542858,273.6691845,274.6690106,274.6690106,274.6690106,275.0209236,space,0.3493168,None,275.0221583,0.7144317,1.0154167,276.0492256,276.0505734,276.0678538,276.0678538,276.0678538,278.8863083,700,1,[2.818211199948564],[2.81821779999882],1,1,2025-11-10_19h29.58.986,Intentional Binding,,2025.01.01,60.20719701,2025-11-10 19h30.07.139601 +0530
0.4,1000,exp,50,2,4,space,0.5115882,None,400,1,[2.8847752998117357],[2.8847834998741746],4,2,50,7,278.9017166,,278.8865348,278.9017166,279.9013407,279.9013407,279.9013407,280.4192314,space,0.5115882,None,280.4201294,0.3991174,0.6993991,281.1283891,281.1297302,281.1508336,281.1508336,281.1508336,284.0358668,400,1,[2.8847752998117357],[2.8847834998741746],1,1,2025-11-10_19h29.58.986,Intentional Binding,,2025.01.01,60.20719701,2025-11-10 19h30.07.139601 +0530
0.4,400,unexp,51,3,4,space,0.4202392,None,300,1,[2.6862217001616955],[2.686230899998918],4,3,51,1,284.0514399,,284.0360611,284.0514399,285.0354775,285.0354775,285.0524712,285.4690269,space,0.4202392,None,285.4697159,0.4001366,0.6991712,286.1792485,286.1799251,286.2007481,286.2007481,286.2007481,288.8872556,300,1,[2.6862217001616955],[2.686230899998918],1,1,2025-11-10_19h29.58.986,Intentional Binding,,2025.01.01,60.20719701,2025-11-10 19h30.07.139601 +0530
0.7,1000,exp,52,4,4,space,0.545753,None,800,1,[2.9028798998333514],[2.9029051000252366],4,4,52,8,288.902696,,288.8874889,288.902696,289.9026988,289.9026988,289.9026988,290.4520823,space,0.545753,None,290.4526881,0.7009692,1.0003338,291.4715646,291.472588,291.483659,291.483659,291.483659,294.3869118,800,1,[2.9028798998333514],[2.9029051000252366],1,1,2025-11-10_19h29.58.986,Intentional Binding,,2025.01.01,60.20719701,2025-11-10 19h30.07.139601 +0530
0.4,1000,exp,53,5,4,space,0.6516904,None,800,1,[2.234595999820158],[2.234609899809584],4,5,53,10,294.4021593,,294.3871837,294.4021593,295.4025466,295.4025466,295.4025466,296.0696449,space,0.6516904,None,296.0706376,0.4160119,0.7468131,296.816655,296.8173021,296.8345634,296.8345634,296.8345634,299.069542,800,1,[2.234595999820158],[2.234609899809584],1,1,2025-11-10_19h29.58.986,Intentional Binding,,2025.01.01,60.20719701,2025-11-10 19h30.07.139601 +0530
0.1,1000,exp,54,6,4,space,0.2534494,None,200,1,[8.767649099929258],[8.767659900011495],4,6,54,6,299.0851508,,299.0698772,299.0851508,300.068715,300.068715,300.0849991,300.3374707,space,0.2534494,None,300.3389632,0.114663,0.4150921,300.7707977,300.7717472,300.8008601,300.8008601,300.8008601,309.5688636,200,1,[8.767649099929258],[8.767659900011495],1,1,2025-11-10_19h29.58.986,Intentional Binding,,2025.01.01,60.20719701,2025-11-10 19h30.07.139601 +0530
0.4,1000,exp,55,7,4,space,0.4727161,None,500,1,[4.035266999853775],[4.035280799958855],4,7,55,4,309.5851713,,309.5691058,309.5851713,310.5683285,310.5683285,310.5851197,311.0525467,space,0.4727161,None,311.0533731,0.4148629,0.7158026,311.7810761,311.7825719,311.8008228,311.8008228,311.8008228,315.8364753,500,1,[4.035266999853775],[4.035280799958855],1,1,2025-11-10_19h29.58.986,Intentional Binding,,2025.01.01,60.20719701,2025-11-10 19h30.07.139601 +0530
0.1,1000,exp,56,8,4,space,0.2890726,None,300,1,[2.6181361998897046],[2.618144999956712],4,8,56,3,315.8524338,,315.8368122,315.8524338,316.8516458,316.8516458,316.8516458,317.1526613,space,0.2890726,None,317.1535754,0.0991275,0.3992365,317.5714652,317.5724794,317.600748,317.600748,317.600748,320.2191971,300,1,[2.6181361998897046],[2.618144999956712],1,1,2025-11-10_19h29.58.986,Intentional Binding,,2025.01.01,60.20719701,2025-11-10 19h30.07.139601 +0530
0.7,1000,exp,57,9,4,space,14.4124323,None,300,1,[3.301733900094405],[3.301743100164458],4,9,57,11,320.2345687,,320.2194319,320.2345687,321.2180445,321.2180445,321.2348661,335.6357357,space,14.4124323,None,335.6370959,0.6991515,1.0002511,336.6496716,336.651556,336.6661449,336.6661449,336.6661449,339.9681525,300,1,[3.301733900094405],[3.301743100164458],1,1,2025-11-10_19h29.58.986,Intentional Binding,,2025.01.01,60.20719701,2025-11-10 19h30.07.139601 +0530
0.1,1000,exp,58,10,4,space,0.3992326,None,200,1,[2.3186132998671383],[2.3186242999508977],4,10,58,9,339.9842012,,339.9683808,339.9842012,340.9671006,340.9671006,340.9841409,341.3687171,space,0.3992326,None,341.369727,0.0991647,0.3990925,341.7794138,341.7807227,341.8001419,341.8001419,341.8001419,344.1191236,200,1,[2.3186132998671383],[2.3186242999508977],1,1,2025-11-10_19h29.58.986,Intentional Binding,,2025.01.01,60.20719701,2025-11-10 19h30.07.139601 +0530
0.7,1000,exp,59,11,4,space,0.3895972,None,600,1,[2.5509429001249373],[2.5509512000717223],4,11,59,5,344.1345743,,344.119371,344.1345743,345.1179229,345.1179229,345.1342456,345.518606,space,0.3895972,None,345.5195825,0.6993469,0.9993719,346.5298469,346.5312275,346.5503646,346.5503646,346.5503646,349.1015894,600,1,[2.5509429001249373],[2.5509512000717223],1,1,2025-11-10_19h29.58.986,Intentional Binding,,2025.01.01,60.20719701,2025-11-10 19h30.07.139601 +0530
0.1,1000,exp,60,0,5,space,0.4416302,None,200,1,[2.268097300082445],[2.268106000032276],5,0,60,6,349.1175462,,349.1018171,349.1175462,350.1011886,350.1011886,350.1172558,350.5523302,space,0.4416302,None,350.553225,0.099472,0.399035,350.9715626,350.9728121,351.0005609,351.0005609,351.0005609,353.2689788,200,1,[2.268097300082445],[2.268106000032276],1,1,2025-11-10_19h29.58.986,Intentional Binding,,2025.01.01,60.20719701,2025-11-10 19h30.07.139601 +0530
0.1,1000,exp,61,1,5,space,0.4792844,None,200,1,[2.3690477998461574],[2.3690603999421],5,1,61,9,353.2846224,,353.2692136,353.2846224,354.2677325,354.2677325,354.2847618,354.7521475,space,0.4792844,None,354.7530534,0.1001606,0.3994042,355.1689932,355.1699218,355.1824483,355.1824483,355.1824483,357.5518333,200,1,[2.3690477998461574],[2.3690603999421],1,1,2025-11-10_19h29.58.986,Intentional Binding,,2025.01.01,60.20719701,2025-11-10 19h30.07.139601 +0530
0.4,1000,exp,62,2,5,space,0.2563249,None,500,1,[2.700914300046861],[2.7009195999708027],5,2,62,4,357.5674669,,357.5521746,357.5674669,358.551312,358.551312,358.5679066,358.81846,space,0.2563249,None,358.819879,0.3996215,0.699156,359.5280157,359.529217,359.5499079,359.5499079,359.5499079,362.251025,500,1,[2.700914300046861],[2.7009195999708027],1,1,2025-11-10_19h29.58.986,Intentional Binding,,2025.01.01,60.20719701,2025-11-10 19h30.07.139601 +0530
0.7,1000,exp,63,3,5,space,0.2938274,None,900,1,[2.3193280999548733],[2.319336500018835],5,3,63,5,362.2664987,,362.2511683,362.2664987,363.2511833,363.2511833,363.2674458,363.5515867,space,0.2938274,None,363.5525677,0.7150636,1.0166442,364.5815113,364.583836,364.5986913,364.5986913,364.5986913,366.918282,900,1,[2.3193280999548733],[2.319336500018835],1,1,2025-11-10_19h29.58.986,Intentional Binding,,2025.01.01,60.20719701,2025-11-10 19h30.07.139601 +0530
0.7,1000,exp,64,4,5,space,0.391124,None,700,1,[2.5683138000313193],[2.56832249998115],5,4,64,11,366.9337336,,366.9184838,366.9337336,367.9171244,367.9171244,367.933841,368.3179652,space,0.391124,None,368.3188761,0.6995409,0.9997232,369.3289054,369.3302786,369.3494206,369.3494206,369.3494206,371.9180405,700,1,[2.5683138000313193],[2.56832249998115],1,1,2025-11-10_19h29.58.986,Intentional Binding,,2025.01.01,60.20719701,2025-11-10 19h30.07.139601 +0530
0.4,1000,exp,65,5,5,space,0.6945843,None,400,1,[2.4360646000131965],[2.4360770999919623],5,5,65,7,371.9336374,,371.9182776,371.9336374,372.9332525,372.9332525,372.9332525,373.6347873,space,0.6945843,None,373.6358547,0.3999672,0.6995294,374.3516358,374.3525557,374.3661229,374.3661229,374.3661229,376.8025551,400,1,[2.4360646000131965],[2.4360770999919623],1,1,2025-11-10_19h29.58.986,Intentional Binding,,2025.01.01,60.20719701,2025-11-10 19h30.07.139601 +0530
0.4,400,unexp,66,6,5,space,0.5523906,None,300,1,[2.3515815001446754],[2.351592600112781],5,6,66,1,376.8172458,,376.8028815,376.8172458,377.8174412,377.8174412,377.8174412,378.3846935,space,0.5523906,None,378.3857482,0.399092,0.7001976,379.0999939,379.1012765,379.1157049,379.1157049,379.1157049,381.4676152,300,1,[2.3515815001446754],[2.351592600112781],1,1,2025-11-10_19h29.58.986,Intentional Binding,,2025.01.01,60.20719701,2025-11-10 19h30.07.139601 +0530
0.1,1000,exp,67,7,5,space,0.3367582,None,200,1,[2.5191357999574393],[2.519144600024447],5,7,67,3,381.4839889,,381.467874,381.4839889,382.4678857,382.4678857,382.4841417,382.8179072,space,0.3367582,None,382.8187932,0.0998542,0.3989985,383.2306502,383.2313304,383.248455,383.248455,383.248455,385.7679138,200,1,[2.5191357999574393],[2.519144600024447],1,1,2025-11-10_19h29.58.986,Intentional Binding,,2025.01.01,60.20719701,2025-11-10 19h30.07.139601 +0530
0.4,1000,exp,68,8,5,space,0.4401799,None,100,1,[2.45236700004898],[2.4523776001296937],5,8,68,10,385.7833608,,385.7681306,385.7833608,386.7842803,386.7842803,386.7842803,387.2345263,space,0.4401799,None,387.2353973,0.3992374,0.700791,387.9514758,387.9524306,387.9657448,387.9657448,387.9657448,390.4184203,100,1,[2.45236700004898],[2.4523776001296937],1,1,2025-11-10_19h29.58.986,Intentional Binding,,2025.01.01,60.20719701,2025-11-10 19h30.07.139601 +0530
0.1,400,unexp,69,9,5,space,0.5397177,None,100,1,[2.085742900148034],[2.0857558001298457],5,9,69,0,390.4339354,,390.4186849,390.4339354,391.4342037,391.4342037,391.4342037,391.98477,space,0.5397177,None,391.9857847,0.0994618,0.3990475,392.3998061,392.4014302,392.4156933,392.4156933,392.4156933,394.5017881,100,1,[2.085742900148034],[2.0857558001298457],1,1,2025-11-10_19h29.58.986,Intentional Binding,,2025.01.01,60.20719701,2025-11-10 19h30.07.139601 +0530
0.7,400,unexp,70,10,5,space,0.4337504,None,700,1,[2.76857650000602],[2.7685873999726027],5,10,70,2,394.5173861,,394.5020719,394.5173861,395.5172628,395.5172628,395.5172628,395.9684258,space,0.4337504,None,395.9694712,0.6990059,0.9986589,396.9819446,396.9829486,396.9986949,396.9986949,396.9986949,399.7675985,700,1,[2.76857650000602],[2.7685873999726027],1,1,2025-11-10_19h29.58.986,Intentional Binding,,2025.01.01,60.20719701,2025-11-10 19h30.07.139601 +0530
0.7,1000,exp,71,11,5,space,0.4311094,None,600,1,[2.1681813998147845],[2.168192399898544],5,11,71,8,399.7834716,,399.7678491,399.7834716,400.7674117,400.7674117,400.7832731,401.2004717,space,0.4311094,None,401.2011977,0.7008388,1.031073,402.2317116,402.2324003,402.2493097,402.2493097,402.2493097,404.4178704,600,1,[2.1681813998147845],[2.168192399898544],1,1,2025-11-10_19h29.58.986,Intentional Binding,,2025.01.01,60.20719701,2025-11-10 19h30.07.139601 +0530
0.4,400,unexp,72,0,6,space,0.7061432,None,400,1,[2.5351286998484284],[2.5351389998104423],6,0,72,1,404.4344938,,404.4182563,404.4344938,405.4174654,405.4174654,405.4336188,406.1343031,space,0.7061432,None,406.1352172,0.3994854,0.6992369,406.8495071,406.8506333,406.8656348,406.8656348,406.8656348,409.4010805,400,1,[2.5351286998484284],[2.5351389998104423],1,1,2025-11-10_19h29.58.986,Intentional Binding,,2025.01.01,60.20719701,2025-11-10 19h30.07.139601 +0530
0.4,1000,exp,73,1,6,space,0.4920091,None,300,1,[2.6352499998174608],[2.635259699774906],6,1,73,10,409.4171325,,409.4013778,409.4171325,410.4003902,410.4003902,410.4168836,410.9010224,space,0.4920091,None,410.901932,0.4000846,0.6997816,411.608602,411.6095477,411.632475,411.632475,411.632475,414.268072,300,1,[2.6352499998174608],[2.635259699774906],1,1,2025-11-10_19h29.58.986,Intentional Binding,,2025.01.01,60.20719701,2025-11-10 19h30.07.139601 +0530
0.7,1000,exp,74,2,6,space,0.6759007,None,300,1,[6.035210000118241],[6.035221100086346],6,2,74,11,414.2834923,,414.2683482,414.2834923,415.2833618,415.2833618,415.2833618,415.9671012,space,0.6759007,None,415.9680019,0.7000089,0.9998296,416.9814535,416.9824223,416.9986825,416.9986825,416.9986825,423.0341972,300,1,[6.035210000118241],[6.035221100086346],1,1,2025-11-10_19h29.58.986,Intentional Binding,,2025.01.01,60.20719701,2025-11-10 19h30.07.139601 +0530
0.1,400,unexp,75,3,6,space,0.5095632,None,200,1,[2.818769299890846],[2.818779199849814],6,3,75,0,423.0496692,,423.0344322,423.0496692,424.0332484,424.0332484,424.0500738,424.5503598,space,0.5095632,None,424.5512994,0.1002625,0.4002999,424.9606012,424.9617127,424.9819693,424.9819693,424.9819693,427.8010556,200,1,[2.818769299890846],[2.818779199849814],1,1,2025-11-10_19h29.58.986,Intentional Binding,,2025.01.01,60.20719701,2025-11-10 19h30.07.139601 +0530
0.1,1000,exp,76,4,6,space,0.4567079,None,200,1,[2.419351400109008],[2.419361400185153],6,4,76,3,427.8167911,,427.8012921,427.8167911,428.8170407,428.8170407,428.8170407,429.2838475,space,0.4567079,None,429.2848019,0.0992413,0.4001318,429.7002759,429.7012263,429.7145431,429.7145431,429.7145431,432.1341791,200,1,[2.419351400109008],[2.419361400185153],1,1,2025-11-10_19h29.58.986,Intentional Binding,,2025.01.01,60.20719701,2025-11-10 19h30.07.139601 +0530
0.1,1000,exp,77,5,6,space,0.4288462,None,200,1,[2.634881000034511],[2.6348961000330746],6,5,77,6,432.1493309,,432.134421,432.1493309,433.1329827,433.1329827,433.1502764,433.5674483,space,0.4288462,None,433.5684454,0.0992478,0.3999834,433.9789929,433.9804778,433.9989582,433.9989582,433.9989582,436.6343076,200,1,[2.634881000034511],[2.6348961000330746],1,1,2025-11-10_19h29.58.986,Intentional Binding,,2025.01.01,60.20719701,2025-11-10 19h30.07.139601 +0530
0.7,400,unexp,78,6,6,space,0.6192718,None,700,1,[2.3019063000101596],[2.3019165999721736],6,6,78,2,436.649588,,436.6346911,436.649588,437.6497057,437.6497057,437.6497057,438.2840297,space,0.6192718,None,438.2849186,0.6990304,0.9988324,439.299446,439.3005206,439.3148815,439.3148815,439.3148815,441.617112,700,1,[2.3019063000101596],[2.3019165999721736],1,1,2025-11-10_19h29.58.986,Intentional Binding,,2025.01.01,60.20719701,2025-11-10 19h30.07.139601 +0530
0.4,1000,exp,79,7,6,space,0.5584023,None,500,1,[2.5014939000830054],[2.5015020000282675],6,7,79,7,441.6326213,,441.6174049,441.6326213,442.6162549,442.6162549,442.6333009,443.1837182,space,0.5584023,None,443.1848067,0.3994397,0.6992911,443.8989713,443.8999859,443.9145419,443.9145419,443.9145419,446.4162815,500,1,[2.5014939000830054],[2.5015020000282675],1,1,2025-11-10_19h29.58.986,Intentional Binding,,2025.01.01,60.20719701,2025-11-10 19h30.07.139601 +0530
0.7,1000,exp,80,8,6,space,0.3217563,None,900,1,[3.2191248999442905],[3.2191327000036836],6,8,80,5,446.432086,,446.416618,446.432086,447.41562,447.41562,447.4319575,447.7492957,space,0.3217563,None,447.7499052,0.7012748,1.0015039,448.7584011,448.7598795,448.7811006,448.7811006,448.7811006,452.0005021,900,1,[3.2191248999442905],[3.2191327000036836],1,1,2025-11-10_19h29.58.986,Intentional Binding,,2025.01.01,60.20719701,2025-11-10 19h30.07.139601 +0530
0.7,1000,exp,81,9,6,space,0.501632,None,800,1,[2.585440000053495],[2.585450600134209],6,9,81,8,452.0161715,,452.0007313,452.0161715,453.016939,453.016939,453.016939,453.5346955,space,0.501632,None,453.5358406,0.7147914,1.014553,454.5604159,454.5617314,454.5816777,454.5816777,454.5816777,457.1674418,800,1,[2.585440000053495],[2.585450600134209],1,1,2025-11-10_19h29.58.986,Intentional Binding,,2025.01.01,60.20719701,2025-11-10 19h30.07.139601 +0530
0.4,1000,exp,82,10,6,space,0.3546838,None,200,1,[3.334959900006652],[3.3349685000721365],6,10,82,4,457.1834917,,457.1677054,457.1834917,458.165667,458.165667,458.1993051,458.5335185,space,0.3546838,None,458.5348193,0.3995776,0.7001268,459.2505421,459.2516225,459.2641395,459.2641395,459.2641395,462.5993813,200,1,[3.334959900006652],[3.3349685000721365],1,1,2025-11-10_19h29.58.986,Intentional Binding,,2025.01.01,60.20719701,2025-11-10 19h30.07.139601 +0530
0.1,1000,exp,83,11,6,space,0.7597576,None,300,1,[4.618038000073284],[4.618047600146383],6,11,83,9,462.6161319,,462.5995772,462.6161319,463.6153506,463.6153506,463.6153506,464.3836914,space,0.7597576,None,464.3847285,0.0991213,0.3990332,464.8015985,464.8025563,464.8144219,464.8144219,464.8144219,469.4327589,300,1,[4.618038000073284],[4.618047600146383],1,1,2025-11-10_19h29.58.986,Intentional Binding,,2025.01.01,60.20719701,2025-11-10 19h30.07.139601 +0530
0.1,400,unexp,84,0,7,space,1.3373109,None,100,1,[2.4522687001153827],[2.4522816999815404],7,0,84,0,469.4484582,,469.432971,469.4484582,470.4506616,470.4506616,470.4506616,471.798949,space,1.3373109,None,471.7994437,0.1003266,0.4003095,472.2104143,472.2117606,472.2309712,472.2309712,472.2309712,474.683617,100,1,[2.4522687001153827],[2.4522816999815404],1,1,2025-11-10_19h29.58.986,Intentional Binding,,2025.01.01,60.20719701,2025-11-10 19h30.07.139601 +0530
0.7,1000,exp,85,1,7,space,2.7783827,None,900,1,[2.3849667001049966],[2.3849746000487357],7,1,85,11,474.6998005,,474.6839012,474.6998005,475.6995181,475.6995181,475.6995181,478.4837197,space,2.7783827,None,478.4847486,0.6990238,0.9984068,479.5020585,479.5030875,479.5145325,479.5145325,479.5145325,481.8997604,900,1,[2.3849667001049966],[2.3849746000487357],1,1,2025-11-10_19h29.58.986,Intentional Binding,,2025.01.01,60.20719701,2025-11-10 19h30.07.139601 +0530
0.1,1000,exp,86,2,7,space,1.8343244,None,100,1,[4.769473300082609],[4.769481900148094],7,2,86,6,481.9152801,,481.8999741,481.9152801,482.8991058,482.8991058,482.9157818,484.7499309,space,1.8343244,None,484.7507666,0.0997192,0.3990554,485.16827,485.1690268,485.1803314,485.1803314,485.1803314,489.9500536,100,1,[4.769473300082609],[4.769481900148094],1,1,2025-11-10_19h29.58.986,Intentional Binding,,2025.01.01,60.20719701,2025-11-10 19h30.07.139601 +0530
0.7,400,unexp,87,3,7,space,0.7242864,None,600,1,[4.835300300037488],[4.8353142000269145],7,3,87,2,489.9659329,,489.9502604,489.9659329,490.9659976,490.9659976,490.9659976,491.6995629,space,0.7242864,None,491.7009716,0.7012569,1.0311801,492.7310221,492.7327275,492.7635298,492.7635298,492.7635298,497.599324,600,1,[4.835300300037488],[4.8353142000269145],1,1,2025-11-10_19h29.58.986,Intentional Binding,,2025.01.01,60.20719701,2025-11-10 19h30.07.139601 +0530
0.1,1000,exp,88,4,7,space,2.7315158,None,300,1,[4.201469300081953],[4.201477600028738],7,4,88,3,497.615905,,497.5997056,497.615905,498.6006556,498.6006556,498.6151155,501.33396,space,2.7315158,None,501.3351648,0.1151001,0.4151714,501.7621699,501.7634471,501.7809579,501.7809579,501.7809579,505.9826959,300,1,[4.201469300081953],[4.201477600028738],1,1,2025-11-10_19h29.58.986,Intentional Binding,,2025.01.01,60.20719701,2025-11-10 19h30.07.139601 +0530
0.4,1000,exp,89,5,7,space,0.508236,None,600,1,[2.618328500073403],[2.618337400024757],7,5,89,4,505.9985565,,505.9829302,505.9985565,506.9987172,506.9987172,506.9987172,507.5150082,space,0.508236,None,507.5155676,0.4009903,0.731479,508.2466112,508.2473442,508.2644251,508.2644251,508.2644251,510.8830538,600,1,[2.618328500073403],[2.618337400024757],1,1,2025-11-10_19h29.58.986,Intentional Binding,,2025.01.01,60.20719701,2025-11-10 19h30.07.139601 +0530
0.4,1000,exp,90,6,7,space,0.4625197,None,200,1,[4.518467199988663],[4.5184764000587165],7,6,90,7,510.8986314,,510.8832715,510.8986314,511.9001989,511.9001989,511.9001989,512.3652841,space,0.4625197,None,512.3659809,0.3996551,0.7003338,513.0780722,513.0799646,513.0968629,513.0968629,513.0968629,517.6156614,200,1,[4.518467199988663],[4.5184764000587165],1,1,2025-11-10_19h29.58.986,Intentional Binding,,2025.01.01,60.20719701,2025-11-10 19h30.07.139601 +0530
0.4,400,unexp,91,7,7,space,0.9908084,None,300,1,[5.551162200048566],[5.551170600112528],7,7,91,1,517.6318837,,517.6158978,517.6318837,518.6148429,518.6148429,518.6322193,519.6152385,space,0.9908084,None,519.6161481,0.3998059,0.7001597,520.3272473,520.3288224,520.3475207,520.3475207,520.3475207,525.8989716,300,1,[5.551162200048566],[5.551170600112528],1,1,2025-11-10_19h29.58.986,Intentional Binding,,2025.01.01,60.20719701,2025-11-10 19h30.07.139601 +0530
0.4,1000,exp,92,8,7,space,2.4396111,None,500,1,[3.017372499918565],[3.0173803998623043],7,8,92,10,525.9148528,,525.8991822,525.9148528,526.8988049,526.8988049,526.916016,529.3489004,space,2.4396111,None,529.349927,0.4005934,0.6996124,530.0599157,530.0614895,530.0802944,530.0802944,530.0802944,533.0979397,500,1,[3.017372499918565],[3.0173803998623043],1,1,2025-11-10_19h29.58.986,Intentional Binding,,2025.01.01,60.20719701,2025-11-10 19h30.07.139601 +0530
0.7,1000,exp,93,9,7,space,0.899979,None,700,1,[2.418424499919638],[2.4184337998740375],7,9,93,8,533.1139512,,533.0981529,533.1139512,534.0979416,534.0979416,534.1151781,534.9983397,space,0.899979,None,534.9990144,0.7005401,1.0008839,536.0186507,536.0197891,536.0468919,536.0468919,536.0468919,538.4656395,700,1,[2.418424499919638],[2.4184337998740375],1,1,2025-11-10_19h29.58.986,Intentional Binding,,2025.01.01,60.20719701,2025-11-10 19h30.07.139601 +0530
0.1,1000,exp,94,10,7,space,0.8765367,None,200,1,[2.4680081999395043],[2.46801620000042],7,10,94,9,538.4819233,,538.4658754,538.4819233,539.4814523,539.4814523,539.4814523,540.3641738,space,0.8765367,None,540.3647111,0.0996722,0.4009359,540.7806422,540.7822616,540.7964898,540.7964898,540.7964898,543.2647761,200,1,[2.4680081999395043],[2.46801620000042],1,1,2025-11-10_19h29.58.986,Intentional Binding,,2025.01.01,60.20719701,2025-11-10 19h30.07.139601 +0530
0.7,1000,exp,95,11,7,space,0.2594144,None,800,1,[2.4844895000569522],[2.4844971001148224],7,11,95,5,543.2805718,,543.2649724,543.2805718,544.2651784,544.2651784,544.2818931,544.5328634,space,0.2594144,None,544.5341505,0.7145134,1.0156217,545.5614956,545.5624979,545.5803224,545.5803224,545.5803224,548.0650979,800,1,[2.4844895000569522],[2.4844971001148224],1,1,2025-11-10_19h29.58.986,Intentional Binding,,2025.01.01,60.20719701,2025-11-10 19h30.07.139601 +0530
0.7,1000,exp,96,0,8,space,0.44227,None,600,1,[4.634033000096679],[4.634050899883732],8,0,96,11,548.0818154,,548.0652918,548.0818154,549.0646272,549.0646272,549.0818121,549.5152969,space,0.44227,None,549.5163542,0.7005074,1.0315702,550.5470752,550.5482725,550.5642277,550.5642277,550.5642277,555.1987333,600,1,[4.634033000096679],[4.634050899883732],1,1,2025-11-10_19h29.58.986,Intentional Binding,,2025.01.01,60.20719701,2025-11-10 19h30.07.139601 +0530
0.4,1000,exp,97,1,8,space,0.2449518,None,400,1,[2.2339586999733],[2.2339659999124706],8,1,97,4,555.2148425,,555.1990517,555.2148425,556.1979816,556.1979816,556.2146161,556.4484604,space,0.2449518,None,556.449402,0.3995025,0.6994737,557.1593388,557.1607775,557.18016,557.18016,557.18016,559.4144347,400,1,[2.2339586999733],[2.2339659999124706],1,1,2025-11-10_19h29.58.986,Intentional Binding,,2025.01.01,60.20719701,2025-11-10 19h30.07.139601 +0530
0.7,400,unexp,98,2,8,space,0.298016,None,500,1,[3.08508069999516],[3.085088400170207],8,2,98,2,559.430706,,559.4146484,559.430706,560.4143195,560.4143195,560.4323463,560.7154569,space,0.298016,None,560.7169096,0.7159736,1.0161079,561.7472557,561.7482885,561.7629759,561.7629759,561.7629759,564.8483281,500,1,[3.08508069999516],[3.085088400170207],1,1,2025-11-10_19h29.58.986,Intentional Binding,,2025.01.01,60.20719701,2025-11-10 19h30.07.139601 +0530
0.1,1000,exp,99,3,8,space,0.5268093,None,200,1,[2.533959599910304],[2.5339690998662263],8,3,99,6,564.8643104,,564.8485274,564.8643104,565.8476945,565.8476945,565.8640456,566.3819449,space,0.5268093,None,566.382873,0.1149331,0.4156795,566.8095786,566.8111981,566.8299764,566.8299764,566.8299764,569.364231,200,1,[2.533959599910304],[2.5339690998662263],1,1,2025-11-10_19h29.58.986,Intentional Binding,,2025.01.01,60.20719701,2025-11-10 19h30.07.139601 +0530
0.4,400,unexp,100,4,8,space,0.420019,None,400,1,[2.452458299929276],[2.4524675998836756],8,4,100,1,569.3807749,,569.3644558,569.3807749,570.3644038,570.3644038,570.3815717,570.7977443,space,0.420019,None,570.7986132,0.4000321,0.6995612,571.5108122,571.5113136,571.5294753,571.5294753,571.5294753,573.9822158,400,1,[2.452458299929276],[2.4524675998836756],1,1,2025-11-10_19h29.58.986,Intentional Binding,,2025.01.01,60.20719701,2025-11-10 19h30.07.139601 +0530
0.1,400,unexp,101,5,8,space,0.3701916,None,200,1,[2.8850904998835176],[2.8850970999337733],8,5,101,0,573.9967781,,573.982455,573.9967781,574.9978716,574.9978716,574.9978716,575.3822744,space,0.3701916,None,575.3832093,0.0991822,0.3990671,575.7993078,575.8002471,575.8124709,575.8124709,575.8124709,578.6978266,200,1,[2.8850904998835176],[2.8850970999337733],1,1,2025-11-10_19h29.58.986,Intentional Binding,,2025.01.01,60.20719701,2025-11-10 19h30.07.139601 +0530
0.7,1000,exp,102,6,8,space,9.9781205,None,600,1,[3.3701222999952734],[3.370134700089693],8,6,102,5,578.7138763,,578.6980223,578.7138763,579.6974461,579.6974461,579.7143012,589.6809618,space,9.9781205,None,589.6815625,0.6999614,1.0002413,590.6991655,590.7000823,590.7123403,590.7123403,590.7123403,594.0828249,600,1,[3.3701222999952734],[3.370134700089693],1,1,2025-11-10_19h29.58.986,Intentional Binding,,2025.01.01,60.20719701,2025-11-10 19h30.07.139601 +0530
0.1,1000,exp,103,7,8,space,0.4763637,None,100,1,[3.301614800002426],[3.3016256999690086],8,7,103,3,594.0975477,,594.0831308,594.0975477,595.0971043,595.0971043,595.0971043,595.5813246,space,0.4763637,None,595.5823981,0.0998613,0.430364,596.0118387,596.0125726,596.0295108,596.0295108,596.0295108,599.3314285,100,1,[3.301614800002426],[3.3016256999690086],1,1,2025-11-10_19h29.58.986,Intentional Binding,,2025.01.01,60.20719701,2025-11-10 19h30.07.139601 +0530
0.1,1000,exp,104,8,8,space,0.3860394,None,100,1,[3.018993299920112],[3.019002699991688],8,8,104,9,599.3469106,,599.3316942,599.3469106,600.3315897,600.3315897,600.3473313,600.7316208,space,0.3860394,None,600.7325507,0.0994015,0.4008543,601.1504205,601.1513671,601.1621829,601.1621829,601.1621829,604.181455,100,1,[3.018993299920112],[3.019002699991688],1,1,2025-11-10_19h29.58.986,Intentional Binding,,2025.01.01,60.20719701,2025-11-10 19h30.07.139601 +0530
0.4,1000,exp,105,9,8,space,0.2965146,None,500,1,[2.93537660012953],[2.935386100085452],8,9,105,7,604.1974588,,604.1816782,604.1974588,605.1976331,605.1976331,605.1976331,605.4980983,space,0.2965146,None,605.4990564,0.4155475,0.7159493,606.2316159,606.2326384,606.2454494,606.2454494,606.2454494,609.1812348,500,1,[2.93537660012953],[2.935386100085452],1,1,2025-11-10_19h29.58.986,Intentional Binding,,2025.01.01,60.20719701,2025-11-10 19h30.07.139601 +0530
0.7,1000,exp,106,10,8,space,0.8108408,None,300,1,[2.7841604999266565],[2.784168800106272],8,10,106,8,609.1967007,,609.1816251,609.1967007,610.1803409,610.1803409,610.1980215,610.9973634,space,0.8108408,None,610.9982571,0.6999918,0.999525,612.0085797,612.0100212,612.0296369,612.0296369,612.0296369,614.8140937,300,1,[2.7841604999266565],[2.784168800106272],1,1,2025-11-10_19h29.58.986,Intentional Binding,,2025.01.01,60.20719701,2025-11-10 19h30.07.139601 +0530
0.4,1000,exp,107,11,8,space,0.6851925,None,500,1,[2.9195715999230742],[2.919581899885088],8,11,107,10,614.830461,,614.8143338,614.830461,615.8133103,615.8133103,615.8301135,616.5136221,space,0.6851925,None,616.5144745,0.3990352,0.699019,617.2282229,617.2290374,617.2449594,617.2449594,617.2449594,620.164889,500,1,[2.9195715999230742],[2.919581899885088],1,1,2025-11-10_19h29.58.986,Intentional Binding,,2025.01.01,60.20719701,2025-11-10 19h30.07.139601 +0530
0.1,1000,exp,108,0,9,space,0.2987717,None,300,1,[4.184405399952084],[4.184413800016046],9,0,108,9,620.1803578,,620.1651653,620.1803578,621.1803552,621.1803552,621.1803552,621.481644,space,0.2987717,None,621.4827504,0.1153679,0.4151514,621.9086916,621.9099534,621.9286516,621.9286516,621.9286516,626.1133613,300,1,[4.184405399952084],[4.184413800016046],1,1,2025-11-10_19h29.58.986,Intentional Binding,,2025.01.01,60.20719701,2025-11-10 19h30.07.139601 +0530
0.4,1000,exp,109,1,9,space,0.3341504,None,600,1,[2.352236600127071],[2.352244900073856],9,1,109,7,626.1302319,,626.1135713,626.1302319,627.1134072,627.1134072,627.1305002,627.464095,space,0.3341504,None,627.4650575,0.3991595,0.6992147,628.1793646,628.1808407,628.1953159,628.1953159,628.1953159,630.547845,600,1,[2.352236600127071],[2.352244900073856],1,1,2025-11-10_19h29.58.986,Intentional Binding,,2025.01.01,60.20719701,2025-11-10 19h30.07.139601 +0530
0.7,1000,exp,110,2,9,space,0.5087005,None,400,1,[2.8361553999129683],[2.8361633999738842],9,2,110,8,630.5633148,,630.5480899,630.5633148,631.5467467,631.5467467,631.5631694,632.0639573,space,0.5087005,None,632.0648456,0.6999023,0.9998113,633.0795189,633.080506,633.0948795,633.0948795,633.0948795,635.9312923,400,1,[2.8361553999129683],[2.8361633999738842],1,1,2025-11-10_19h29.58.986,Intentional Binding,,2025.01.01,60.20719701,2025-11-10 19h30.07.139601 +0530
0.1,1000,exp,111,3,9,space,0.4479747,None,300,1,[3.5855655998457223],[3.5855751999188215],9,3,111,6,635.9467244,,635.9315078,635.9467244,636.9466788,636.9466788,636.9466788,637.3982734,space,0.4479747,None,637.3995091,0.1150452,0.4149357,637.8292632,637.8302339,637.8445282,637.8445282,637.8445282,641.4303756,300,1,[3.5855655998457223],[3.5855751999188215],1,1,2025-11-10_19h29.58.986,Intentional Binding,,2025.01.01,60.20719701,2025-11-10 19h30.07.139601 +0530
0.4,1000,exp,112,4,9,space,0.2745928,None,500,1,[2.8849043999798596],[2.8849120000377297],9,4,112,4,641.4464772,,641.4306084,641.4464772,642.4456641,642.4456641,642.4456641,642.7316095,space,0.2745928,None,642.7326368,0.4150118,0.7149905,643.4594789,643.4613383,643.478331,643.478331,643.478331,646.3634934,500,1,[2.8849043999798596],[2.8849120000377297],1,1,2025-11-10_19h29.58.986,Intentional Binding,,2025.01.01,60.20719701,2025-11-10 19h30.07.139601 +0530
0.7,400,unexp,113,5,9,space,0.3306687,None,600,1,[2.602213399950415],[2.6022240999154747],9,5,113,2,646.3796763,,646.3637021,646.3796763,647.3629062,647.3629062,647.3810228,647.697284,space,0.3306687,None,647.6981657,0.6995235,1.0302164,648.7276321,648.7283437,648.7452905,648.7452905,648.7452905,651.3478115,600,1,[2.602213399950415],[2.6022240999154747],1,1,2025-11-10_19h29.58.986,Intentional Binding,,2025.01.01,60.20719701,2025-11-10 19h30.07.139601 +0530
0.4,1000,exp,114,6,9,space,0.4415707,None,600,1,[2.653423799900338],[2.653433999978006],9,6,114,10,651.3632338,,651.348072,651.3632338,652.3628723,652.3628723,652.3628723,652.8136697,space,0.4415707,None,652.814542,0.3998917,0.6993074,653.5290021,653.5302604,653.5446372,653.5446372,653.5446372,656.1984699,600,1,[2.653423799900338],[2.653433999978006],1,1,2025-11-10_19h29.58.986,Intentional Binding,,2025.01.01,60.20719701,2025-11-10 19h30.07.139601 +0530
0.7,1000,exp,115,7,9,space,0.4530285,None,700,1,[2.385803099954501],[2.385814500041306],9,7,115,5,656.2135697,,656.1987088,656.2135697,657.2119042,657.2119042,657.2283364,657.6800057,space,0.4530285,None,657.6809505,0.7000046,0.9996956,658.6993055,658.7002265,658.7113905,658.7113905,658.7113905,661.0975507,700,1,[2.385803099954501],[2.385814500041306],1,1,2025-11-10_19h29.58.986,Intentional Binding,,2025.01.01,60.20719701,2025-11-10 19h30.07.139601 +0530
0.7,1000,exp,116,8,9,space,0.4042142,None,300,1,[2.384907400002703],[2.3849229000043124],9,8,116,11,661.1128793,,661.0978364,661.1128793,662.1136094,662.1136094,662.1136094,662.5298128,space,0.4042142,None,662.5306008,0.7003957,1.0309082,663.5608577,663.5614998,663.5782124,663.5782124,663.5782124,665.9635446,300,1,[2.384907400002703],[2.3849229000043124],1,1,2025-11-10_19h29.58.986,Intentional Binding,,2025.01.01,60.20719701,2025-11-10 19h30.07.139601 +0530
0.1,400,unexp,117,9,9,space,0.2972542,None,200,1,[2.8690363001078367],[2.8690443001687527],9,9,117,0,665.9798952,,665.9639391,665.9798952,666.9626994,666.9626994,666.9793186,667.2636942,space,0.2972542,None,667.2645978,0.0990618,0.3985662,667.6800182,667.6806892,667.6939338,667.6939338,667.6939338,670.5632318,200,1,[2.8690363001078367],[2.8690443001687527],1,1,2025-11-10_19h29.58.986,Intentional Binding,,2025.01.01,60.20719701,2025-11-10 19h30.07.139601 +0530
0.4,400,unexp,118,10,9,space,0.2702107,None,300,1,[2.8356230999343097],[2.83563210000284],9,10,118,1,670.5793983,,670.5634318,670.5793983,671.5625881,671.5625881,671.5800928,671.8471422,space,0.2702107,None,671.8481499,0.4152364,0.7156187,672.5820186,672.5829841,672.611006,672.611006,672.611006,675.4469915,300,1,[2.8356230999343097],[2.83563210000284],1,1,2025-11-10_19h29.58.986,Intentional Binding,,2025.01.01,60.20719701,2025-11-10 19h30.07.139601 +0530
0.1,1000,exp,119,11,9,space,0.312064,None,200,1,[2.9351067000534385],[2.935117900138721],9,11,119,3,675.4622528,,675.4472179,675.4622528,676.4466134,676.4466134,676.4631475,676.7635759,space,0.312064,None,676.7645173,0.0996929,0.3988358,677.1785866,677.1795329,677.1941676,677.1941676,677.1941676,680.1295889,200,1,[2.9351067000534385],[2.935117900138721],1,1,2025-11-10_19h29.58.986,Intentional Binding,,2025.01.01,60.20719701,2025-11-10 19h30.07.139601 +0530
0.7,1000,exp,120,0,10,space,0.3243919,None,400,1,[2.7692823000252247],[2.769298000028357],10,0,120,11,680.1459641,,680.1299009,680.1459641,681.129097,681.129097,681.1459383,681.4632208,space,0.3243919,None,681.4643398,0.6992632,0.9992876,682.476816,682.4778226,682.4942209,682.4942209,682.4942209,685.2639719,400,1,[2.7692823000252247],[2.769298000028357],1,1,2025-11-10_19h29.58.986,Intentional Binding,,2025.01.01,60.20719701,2025-11-10 19h30.07.139601 +0530
0.7,1000,exp,121,1,10,space,0.3720727,None,500,1,[2.9687161999754608],[2.968726900173351],10,1,121,5,685.2789057,,685.2643278,685.2789057,686.2623055,686.2623055,686.2800204,686.6464616,space,0.3720727,None,686.6475152,0.6992177,0.9993858,687.6622927,687.6635864,687.6775124,687.6775124,687.6775124,690.6465753,500,1,[2.9687161999754608],[2.968726900173351],1,1,2025-11-10_19h29.58.986,Intentional Binding,,2025.01.01,60.20719701,2025-11-10 19h30.07.139601 +0530
0.4,1000,exp,122,2,10,space,0.3714708,None,400,1,[5.133743099868298],[5.133753799833357],10,2,122,4,690.6626123,,690.6468176,690.6626123,691.662435,691.662435,691.662435,692.0465835,space,0.3714708,None,692.0476669,0.4166434,0.7478617,692.7946737,692.7958308,692.8116303,692.8116303,692.8116303,697.9457251,400,1,[5.133743099868298],[5.133753799833357],1,1,2025-11-10_19h29.58.986,Intentional Binding,,2025.01.01,60.20719701,2025-11-10 19h30.07.139601 +0530
0.1,1000,exp,123,3,10,space,0.6301038,None,400,1,[9.618944399990141],[9.61895430018194],10,3,123,9,697.9618522,,697.9459658,697.9618522,698.9464121,698.9464121,698.9625777,699.5797394,space,0.6301038,None,699.5806532,0.0993606,0.3991174,699.9912592,699.9926738,700.0107246,700.0107246,700.0107246,709.629968,400,1,[9.618944399990141],[9.61895430018194],1,1,2025-11-10_19h29.58.986,Intentional Binding,,2025.01.01,60.20719701,2025-11-10 19h30.07.139601 +0530
0.7,1000,exp,124,4,10,space,0.5998597,None,700,1,[2.185243899933994],[2.1852606998290867],10,4,124,8,709.6452971,,709.6302107,709.6452971,710.6451589,710.6451589,710.6451589,711.2464765,space,0.5998597,None,711.2475991,0.7156788,1.0158152,712.2813908,712.282471,712.3103721,712.3103721,712.3103721,714.496057,700,1,[2.185243899933994],[2.1852606998290867],1,1,2025-11-10_19h29.58.986,Intentional Binding,,2025.01.01,60.20719701,2025-11-10 19h30.07.139601 +0530
0.1,1000,exp,125,5,10,space,0.4266258,None,300,1,[2.9683405000250787],[2.9683489000890404],10,5,125,6,714.5127702,,714.4964187,714.5127702,715.4954225,715.4954225,715.5125697,715.9292959,space,0.4266258,None,715.9302118,0.0990024,0.3998584,716.3398505,716.3415157,716.360299,716.360299,716.360299,719.3289215,300,1,[2.9683405000250787],[2.9683489000890404],1,1,2025-11-10_19h29.58.986,Intentional Binding,,2025.01.01,60.20719701,2025-11-10 19h30.07.139601 +0530
0.1,400,unexp,126,6,10,space,0.519724,None,200,1,[3.518570499960333],[3.5185781000182033],10,6,126,0,719.3451338,,719.3291277,719.3451338,720.3285414,720.3285414,720.3455437,720.862453,space,0.519724,None,720.8635763,0.0998679,0.3995619,721.2802719,721.2812235,721.293337,721.293337,721.293337,724.8121634,200,1,[3.518570499960333],[3.5185781000182033],1,1,2025-11-10_19h29.58.986,Intentional Binding,,2025.01.01,60.20719701,2025-11-10 19h30.07.139601 +0530
0.4,1000,exp,127,7,10,space,0.4122977,None,400,1,[2.6350849999580532],[2.635093499906361],10,7,127,7,724.8272102,,724.812384,724.8272102,725.8118764,725.8118764,725.8284265,726.2298287,space,0.4122977,None,726.2307449,0.3997812,0.6996794,726.9477927,726.9491864,726.9771594,726.9771594,726.9771594,729.6125673,400,1,[2.6350849999580532],[2.635093499906361],1,1,2025-11-10_19h29.58.986,Intentional Binding,,2025.01.01,60.20719701,2025-11-10 19h30.07.139601 +0530
0.7,400,unexp,128,8,10,space,0.5099087,None,400,1,[2.567742699990049],[2.567752300063148],10,8,128,2,729.6283126,,729.6127692,729.6283126,730.61197,730.61197,730.6284488,731.1283213,space,0.5099087,None,731.1289726,0.7000713,0.9999268,732.1419988,732.1431785,732.1610168,732.1610168,732.1610168,734.7290489,400,1,[2.567742699990049],[2.567752300063148],1,1,2025-11-10_19h29.58.986,Intentional Binding,,2025.01.01,60.20719701,2025-11-10 19h30.07.139601 +0530
0.4,400,unexp,129,9,10,space,0.5619372,None,500,1,[3.052847299957648],[3.0528579000383615],10,9,129,1,734.7451869,,734.7292891,734.7451869,735.7286681,735.7286681,735.7450162,736.2970796,space,0.5619372,None,736.2979887,0.414844,0.7152696,737.0304757,737.0316519,737.0429537,737.0429537,737.0429537,740.0965916,500,1,[3.052847299957648],[3.0528579000383615],1,1,2025-11-10_19h29.58.986,Intentional Binding,,2025.01.01,60.20719701,2025-11-10 19h30.07.139601 +0530
0.4,1000,exp,130,10,10,space,0.5242435,None,300,1,[3.1688932001125067],[3.168902900069952],10,10,130,10,740.1111277,,740.0968934,740.1111277,741.11213,741.11213,741.11213,741.6446656,space,0.5242435,None,741.6453738,0.4015048,0.7006071,742.360837,742.3622531,742.3763981,742.3763981,742.3763981,745.545673,300,1,[3.1688932001125067],[3.168902900069952],1,1,2025-11-10_19h29.58.986,Intentional Binding,,2025.01.01,60.20719701,2025-11-10 19h30.07.139601 +0530
0.1,1000,exp,131,11,10,space,0.512864,None,200,1,[2.468162499833852],[2.468170200008899],10,11,131,3,745.5615783,,745.5459049,745.5615783,746.5455467,746.5455467,746.5636225,747.0613059,space,0.512864,None,747.0619159,0.1018291,0.4018747,747.4794993,747.4807336,747.4929325,747.4929325,747.4929325,749.9613495,200,1,[2.468162499833852],[2.468170200008899],1,1,2025-11-10_19h29.58.986,Intentional Binding,,2025.01.01,60.20719701,2025-11-10 19h30.07.139601 +0530
0.1,400,unexp,132,0,11,space,0.5807334,None,200,1,[2.634689599974081],[2.6346986999269575],11,0,132,0,749.9771027,,749.9615402,749.9771027,750.9614529,750.9614529,750.9780765,751.545866,space,0.5807334,None,751.5477032,0.115426,0.414662,751.9809195,751.9819087,751.9930918,751.9930918,751.9930918,754.6280823,200,1,[2.634689599974081],[2.6346986999269575],1,1,2025-11-10_19h29.58.986,Intentional Binding,,2025.01.01,60.20719701,2025-11-10 19h30.07.139601 +0530
0.7,1000,exp,133,1,11,space,0.3774882,None,600,1,[2.3349363999441266],[2.33495149994269],11,1,133,5,754.6436661,,754.6283112,754.6436661,755.6272969,755.6272969,755.6437199,756.0124909,space,0.3774882,None,756.0135322,0.7157059,1.0150529,757.0399233,757.0414302,757.0598726,757.0598726,757.0598726,759.3952382,600,1,[2.3349363999441266],[2.33495149994269],1,1,2025-11-10_19h29.58.986,Intentional Binding,,2025.01.01,60.20719701,2025-11-10 19h30.07.139601 +0530
0.1,1000,exp,134,2,11,space,0.4055956,None,100,1,[2.551772000035271],[2.5517798999790102],11,2,134,9,759.4117008,,759.3956121,759.4117008,760.3948489,760.3948489,760.4115046,760.8125221,space,0.4055956,None,760.8134089,0.0992566,0.4001822,761.2276704,761.2290381,761.2427284,761.2427284,761.2427284,763.7947638,100,1,[2.551772000035271],[2.5517798999790102],1,1,2025-11-10_19h29.58.986,Intentional Binding,,2025.01.01,60.20719701,2025-11-10 19h30.07.139601 +0530
0.4,1000,exp,135,3,11,space,0.335722,None,500,1,[2.86927180015482],[2.869281900115311],11,3,135,7,763.8111407,,763.7949647,763.8111407,764.8099698,764.8099698,764.8099698,765.1622386,space,0.335722,None,765.16316,0.3992046,0.6992177,765.8775853,765.8789808,765.8926421,765.8926421,765.8926421,768.7622091,500,1,[2.86927180015482],[2.869281900115311],1,1,2025-11-10_19h29.58.986,Intentional Binding,,2025.01.01,60.20719701,2025-11-10 19h30.07.139601 +0530
0.7,400,unexp,136,4,11,space,0.4133011,None,500,1,[2.0352791999466717],[2.035286499885842],11,4,136,2,768.7774025,,768.7624522,768.7774025,769.7787702,769.7787702,769.7787702,770.1946164,space,0.4133011,None,770.1955373,0.700287,1.0006157,771.2108139,771.2124253,771.2257038,771.2257038,771.2257038,773.2612135,500,1,[2.0352791999466717],[2.035286499885842],1,1,2025-11-10_19h29.58.986,Intentional Binding,,2025.01.01,60.20719701,2025-11-10 19h30.07.139601 +0530
0.4,1000,exp,137,5,11,space,0.605888,None,400,1,[4.502256799954921],[4.50226500001736],11,5,137,10,773.2771537,,773.26141,773.2771537,774.278015,774.278015,774.278015,774.8955811,space,0.605888,None,774.8967815,0.4144678,0.7158644,775.6304126,775.6313431,775.642381,775.642381,775.642381,780.1449194,400,1,[4.502256799954921],[4.50226500001736],1,1,2025-11-10_19h29.58.986,Intentional Binding,,2025.01.01,60.20719701,2025-11-10 19h30.07.139601 +0530
0.1,1000,exp,138,6,11,space,0.4702013,None,400,1,[34.10165940015577],[34.10167140001431],11,6,138,6,780.1613265,,780.1451495,780.1613265,781.1601188,781.1601188,781.1763776,781.6437479,space,0.4702013,None,781.6441661,0.1010667,0.4003139,782.0585065,782.0594577,782.0756825,782.0756825,782.0756825,816.1777738,400,1,[34.10165940015577],[34.10167140001431],1,1,2025-11-10_19h29.58.986,Intentional Binding,,2025.01.01,60.20719701,2025-11-10 19h30.07.139601 +0530
0.4,1000,exp,139,7,11,space,0.3205239,None,500,1,[2.6519460999406874],[2.651953599881381],11,7,139,4,816.1934731,,816.1781682,816.1934731,817.1771907,817.1771907,817.1934839,817.5101511,space,0.3205239,None,817.5106619,0.4007291,0.7006704,818.2275922,818.2285084,818.2420151,818.2420151,818.2420151,820.8942144,500,1,[2.6519460999406874],[2.651953599881381],1,1,2025-11-10_19h29.58.986,Intentional Binding,,2025.01.01,60.20719701,2025-11-10 19h30.07.139601 +0530
0.7,1000,exp,140,8,11,space,0.3797954,None,400,1,[9.301804300164804],[9.301818100037053],11,8,140,11,820.9105094,,820.8944222,820.9105094,821.9105322,821.9105322,821.9105322,822.2950719,space,0.3797954,None,822.2964613,0.7154726,1.0156163,823.3289079,823.329804,823.3418967,823.3418967,823.3418967,832.6440356,400,1,[9.301804300164804],[9.301818100037053],1,1,2025-11-10_19h29.58.986,Intentional Binding,,2025.01.01,60.20719701,2025-11-10 19h30.07.139601 +0530
0.7,1000,exp,141,9,11,space,0.3118472,None,800,1,[2.3010696000419557],[2.301083500031382],11,9,141,8,832.6602621,,832.6442626,832.6602621,833.6434829,833.6434829,833.6600532,833.961577,space,0.3118472,None,833.9627241,0.6998531,1.030313,834.9920869,834.9931073,835.0098853,835.0098853,835.0098853,837.3113175,800,1,[2.3010696000419557],[2.301083500031382],1,1,2025-11-10_19h29.58.986,Intentional Binding,,2025.01.01,60.20719701,2025-11-10 19h30.07.139601 +0530
0.4,400,unexp,142,10,11,space,0.7544032,None,300,1,[2.8686169998254627],[2.868623999878764],11,10,142,1,837.3271891,,837.3115799,837.3271891,838.3274781,838.3274781,838.3274781,839.0938345,space,0.7544032,None,839.0950515,0.3993977,0.7002767,839.8095303,839.8110401,839.8243635,839.8243635,839.8243635,842.6932681,300,1,[2.8686169998254627],[2.868623999878764],1,1,2025-11-10_19h29.58.986,Intentional Binding,,2025.01.01,60.20719701,2025-11-10 19h30.07.139601 +0530
0.1,1000,exp,143,11,11,space,0.4192872,None,200,1,[2.301519500091672],[2.301528099924326],11,11,143,3,842.7090354,,842.6935097,842.7090354,843.6934605,843.6934605,843.7106523,844.126851,space,0.4192872,None,844.1275851,0.0999645,0.399927,844.539865,844.541315,844.5577192,844.5577192,844.5577192,846.8595105,200,1,[2.301519500091672],[2.301528099924326],1,1,2025-11-10_19h29.58.986,Intentional Binding,,2025.01.01,60.20719701,2025-11-10 19h30.07.139601 +0530
0.7,1000,exp,144,0,12,space,0.2989287,None,700,1,[1.9846751999575645],[1.9846826000139117],12,0,144,5,846.875396,,846.8597213,846.875396,847.8605288,847.8605288,847.8765913,848.159783,space,0.2989287,None,848.1603179,0.7002437,1.0000844,849.169612,849.1704409,849.1917604,849.1917604,849.1917604,851.1766839,700,1,[1.9846751999575645],[1.9846826000139117],1,1,2025-11-10_19h29.58.986,Intentional Binding,,2025.01.01,60.20719701,2025-11-10 19h30.07.139601 +0530
0.4,1000,exp,145,1,12,space,0.4013646,None,600,1,[2.702801999868825],[2.702811799943447],12,1,145,4,851.1922033,,851.1768832,851.1922033,852.1763042,852.1763042,852.1930356,852.5930193,space,0.4013646,None,852.5937925,0.4003767,0.6997114,853.3079267,853.3090492,853.3246704,853.3246704,853.3246704,856.0278155,600,1,[2.702801999868825],[2.702811799943447],1,1,2025-11-10_19h29.58.986,Intentional Binding,,2025.01.01,60.20719701,2025-11-10 19h30.07.139601 +0530
0.7,1000,exp,146,2,12,space,0.4080258,None,900,1,[4.834837300004438],[4.834845999954268],12,2,146,11,856.042773,,856.0280617,856.042773,857.0431799,857.0431799,857.0431799,857.4588756,space,0.4080258,None,857.4593955,0.7014574,1.0011656,858.4791632,858.4801838,858.5084982,858.5084982,858.5084982,863.3436207,900,1,[4.834837300004438],[4.834845999954268],1,1,2025-11-10_19h29.58.986,Intentional Binding,,2025.01.01,60.20719701,2025-11-10 19h30.07.139601 +0530
0.4,1000,exp,147,3,12,space,0.5998089,None,700,1,[3.7684772999491543],[3.7684869000222534],12,3,147,10,863.3601461,,863.3438194,863.3601461,864.343671,864.343671,864.3610148,864.9600534,space,0.5998089,None,864.9607077,0.4000335,0.6995052,865.6765286,865.6779497,865.6911564,865.6911564,865.6911564,869.4599168,700,1,[3.7684772999491543],[3.7684869000222534],1,1,2025-11-10_19h29.58.986,Intentional Binding,,2025.01.01,60.20719701,2025-11-10 19h30.07.139601 +0530
0.1,1000,exp,148,4,12,space,0.4576744,None,300,1,[3.018218799959868],[3.018229400040582],12,4,148,3,869.4761262,,869.4601428,869.4761262,870.4596265,870.4596265,870.4762592,870.9271188,space,0.4576744,None,870.9281709,0.099189,0.3993486,871.3411539,871.3425386,871.3580967,871.3580967,871.3580967,874.3766882,300,1,[3.018218799959868],[3.018229400040582],1,1,2025-11-10_19h29.58.986,Intentional Binding,,2025.01.01,60.20719701,2025-11-10 19h30.07.139601 +0530
0.1,1000,exp,149,5,12,space,0.3647005,None,200,1,[2.2845902000553906],[2.284597299993038],12,5,149,6,874.3924534,,874.3769086,874.3924534,875.377099,875.377099,875.3936128,875.7440741,space,0.3647005,None,875.744969,0.1153452,0.4152602,876.1692555,876.1701361,876.191085,876.191085,876.191085,878.4759878,200,1,[2.2845902000553906],[2.284597299993038],1,1,2025-11-10_19h29.58.986,Intentional Binding,,2025.01.01,60.20719701,2025-11-10 19h30.07.139601 +0530
0.1,400,unexp,150,6,12,space,0.320731,None,400,1,[44.75050919991918],[44.75051849987358],12,6,150,0,878.4916285,,878.4761841,878.4916285,879.4766134,879.4766134,879.4923704,879.8098985,space,0.320731,None,879.8109828,0.0995719,0.3994033,880.2281398,880.2292065,880.2410943,880.2410943,880.2410943,924.9919458,400,1,[44.75050919991918],[44.75051849987358],1,1,2025-11-10_19h29.58.986,Intentional Binding,,2025.01.01,60.20719701,2025-11-10 19h30.07.139601 +0530
0.4,400,unexp,151,7,12,space,0.2980039,None,300,1,[6.485500799957663],[6.485510200029239],12,7,151,1,925.0071778,,924.9921825,925.0071778,925.9918688,925.9918688,926.0085652,926.292244,space,0.2980039,None,926.2930741,0.3997386,0.6991069,927.0086492,927.0099732,927.0234791,927.0234791,927.0234791,933.5092608,300,1,[6.485500799957663],[6.485510200029239],1,1,2025-11-10_19h29.58.986,Intentional Binding,,2025.01.01,60.20719701,2025-11-10 19h30.07.139601 +0530
0.7,1000,exp,152,8,12,space,0.476729,None,500,1,[3.018445200053975],[3.018457000143826],12,8,152,8,933.525066,,933.509503,933.525066,934.5083224,934.5083224,934.5252252,934.9910429,space,0.476729,None,934.9915703,0.7018666,1.0010055,936.0119199,936.0129164,936.0401145,936.0401145,936.0401145,939.0588578,500,1,[3.018445200053975],[3.018457000143826],1,1,2025-11-10_19h29.58.986,Intentional Binding,,2025.01.01,60.20719701,2025-11-10 19h30.07.139601 +0530
0.7,400,unexp,153,9,12,space,0.3676318,None,700,1,[2.184839199995622],[2.1848484999500215],12,9,153,2,939.0748388,,939.05911,939.0748388,940.0586751,940.0586751,940.0750295,940.4426447,space,0.3676318,None,940.4436221,0.6991153,0.9997887,941.4603335,941.4613166,941.4731738,941.4731738,941.4731738,943.6582769,700,1,[2.184839199995622],[2.1848484999500215],1,1,2025-11-10_19h29.58.986,Intentional Binding,,2025.01.01,60.20719701,2025-11-10 19h30.07.139601 +0530
0.1,1000,exp,154,10,12,space,0.4188826,None,300,1,[2.6340396001469344],[2.6340499001089483],12,10,154,9,943.6738876,,943.6584807,943.6738876,944.6582995,944.6582995,944.6751856,945.0926599,space,0.4188826,None,945.0935417,0.0990422,0.400284,945.5107721,945.5122008,945.5413213,945.5413213,945.5413213,948.1757057,300,1,[2.6340396001469344],[2.6340499001089483],1,1,2025-11-10_19h29.58.986,Intentional Binding,,2025.01.01,60.20719701,2025-11-10 19h30.07.139601 +0530
0.4,1000,exp,155,11,12,space,0.2654478,None,600,1,[2.151635400019586],[2.1516453998629004],12,11,155,7,948.1921081,,948.1761049,948.1921081,949.1757084,949.1757084,949.1922735,949.4432899,space,0.2654478,None,949.4445008,0.3997566,0.7296047,950.1731235,950.1736619,950.1907262,950.1907262,950.1907262,952.3426761,600,1,[2.151635400019586],[2.1516453998629004],1,1,2025-11-10_19h29.58.986,Intentional Binding,,2025.01.01,60.20719701,2025-11-10 19h30.07.139601 +0530
0.7,1000,exp,156,0,13,space,0.2718565,None,600,1,[1.8684668999630958],[1.8684826998505741],13,0,156,5,952.3573777,,952.3429281,952.3573777,953.3593563,953.3593563,953.3593563,953.642689,space,0.2718565,None,953.6436613,0.7141283,1.0168968,954.6702202,954.6717073,954.6901765,954.6901765,954.6901765,956.5590885,600,1,[1.8684668999630958],[1.8684826998505741],1,1,2025-11-10_19h29.58.986,Intentional Binding,,2025.01.01,60.20719701,2025-11-10 19h30.07.139601 +0530
0.1,400,unexp,157,1,13,space,0.2735643,None,400,1,[2.8677394001279026],[2.8677478001918644],13,1,157,0,956.5741296,,956.5594147,956.5741296,957.5580533,957.5580533,957.5744021,957.8421733,space,0.2735643,None,957.8431056,0.0991732,0.3997851,958.2609366,958.2618576,958.2905652,958.2905652,958.2905652,961.1585936,400,1,[2.8677394001279026],[2.8677478001918644],1,1,2025-11-10_19h29.58.986,Intentional Binding,,2025.01.01,60.20719701,2025-11-10 19h30.07.139601 +0530
0.7,400,unexp,158,2,13,space,0.3242896,None,500,1,[2.985056000063196],[2.985065400134772],13,2,158,2,961.1748358,,961.1588097,961.1748358,962.1581052,962.1581052,962.1749618,962.492096,space,0.3242896,None,962.4929931,0.699832,0.9994356,963.510351,963.5115767,963.5401204,963.5401204,963.5401204,966.5254778,500,1,[2.985056000063196],[2.985065400134772],1,1,2025-11-10_19h29.58.986,Intentional Binding,,2025.01.01,60.20719701,2025-11-10 19h30.07.139601 +0530
0.4,1000,exp,159,3,13,space,0.6140782,None,300,1,[2.1183722999412566],[2.1183824001345783],13,3,159,4,966.541056,,966.5257371,966.541056,967.5420089,967.5420089,967.5420089,968.1583083,space,0.6140782,None,968.1592858,0.4006532,0.7007908,968.876514,968.877205,968.8891876,968.8891876,968.8891876,971.0078144,300,1,[2.1183722999412566],[2.1183824001345783],1,1,2025-11-10_19h29.58.986,Intentional Binding,,2025.01.01,60.20719701,2025-11-10 19h30.07.139601 +0530
0.7,1000,exp,160,4,13,space,0.2842525,None,500,1,[2.035906800068915],[2.035918400157243],13,4,160,11,971.0232019,,971.0080057,971.0232019,972.0080685,972.0080685,972.0242162,972.3083117,space,0.2842525,None,972.3092137,0.7014074,1.0015372,973.3267279,973.3277223,973.3393592,973.3393592,973.3393592,975.3755967,500,1,[2.035906800068915],[2.035918400157243],1,1,2025-11-10_19h29.58.986,Intentional Binding,,2025.01.01,60.20719701,2025-11-10 19h30.07.139601 +0530
0.1,1000,exp,161,5,13,space,0.4314245,None,500,1,[2.8005327000282705],[2.8005468000192195],13,5,161,9,975.3909876,,975.3760349,975.3909876,976.391231,976.391231,976.391231,976.8252042,space,0.4314245,None,976.8264344,0.1001956,0.4312274,977.2566463,977.2576929,977.2738122,977.2738122,977.2738122,980.0747421,500,1,[2.8005327000282705],[2.8005468000192195],1,1,2025-11-10_19h29.58.986,Intentional Binding,,2025.01.01,60.20719701,2025-11-10 19h30.07.139601 +0530
0.1,1000,exp,162,6,13,space,0.7100578,None,300,1,[3.1833453001454473],[3.183354699984193],13,6,162,3,980.0911843,,980.0751027,980.0911843,981.0744449,981.0744449,981.0913836,981.7919084,space,0.7100578,None,981.7927865,0.0997019,0.3990918,982.2109895,982.2126401,982.2408249,982.2408249,982.2408249,985.4245027,300,1,[3.1833453001454473],[3.183354699984193],1,1,2025-11-10_19h29.58.986,Intentional Binding,,2025.01.01,60.20719701,2025-11-10 19h30.07.139601 +0530
0.7,1000,exp,163,7,13,space,0.7398896,None,300,1,[3.152421300066635],[3.152429200010374],13,7,163,8,985.44126,,985.4247298,985.44126,986.4243564,986.4243564,986.4412945,987.1748613,space,0.7398896,None,987.1758441,0.7152123,1.0163536,988.2110585,988.2118042,988.2223718,988.2223718,988.2223718,991.3750651,300,1,[3.152421300066635],[3.152429200010374],1,1,2025-11-10_19h29.58.986,Intentional Binding,,2025.01.01,60.20719701,2025-11-10 19h30.07.139601 +0530
0.4,400,unexp,164,8,13,space,0.2822248,None,400,1,[6.768733900040388],[6.7687436998821795],13,8,164,1,991.3906213,,991.3753071,991.3906213,992.3747257,992.3747257,992.3917612,992.6580042,space,0.2822248,None,992.6588219,0.3992614,0.6996803,993.3690464,993.3704751,993.3895634,993.3895634,993.3895634,1000.158614,400,1,[6.768733900040388],[6.7687436998821795],1,1,2025-11-10_19h29.58.986,Intentional Binding,,2025.01.01,60.20719701,2025-11-10 19h30.07.139601 +0530
0.4,1000,exp,165,9,13,space,0.6006905,None,400,1,[2.7841159000527114],[2.78412270010449],13,9,165,10,1000.173731,,1000.158862,1000.173731,1001.173902,1001.173902,1001.173902,1001.789216,space,0.6006905,None,1001.789804,0.4027906,0.718301,1002.510769,1002.511462,1002.523407,1002.523407,1002.523407,1005.307771,400,1,[2.7841159000527114],[2.78412270010449],1,1,2025-11-10_19h29.58.986,Intentional Binding,,2025.01.01,60.20719701,2025-11-10 19h30.07.139601 +0530
0.4,1000,exp,166,10,13,space,0.2693226,None,600,1,[2.3688935001846403],[2.368902600137517],13,10,166,7,1005.323711,,1005.307968,1005.323711,1006.306896,1006.306896,1006.323691,1006.59165,space,0.2693226,None,1006.592654,0.3999904,0.6993195,1007.307871,1007.308799,1007.32227,1007.32227,1007.32227,1009.691457,600,1,[2.3688935001846403],[2.368902600137517],1,1,2025-11-10_19h29.58.986,Intentional Binding,,2025.01.01,60.20719701,2025-11-10 19h30.07.139601 +0530
0.1,1000,exp,167,11,13,space,0.3477056,None,300,1,[2.8841592001263052],[2.8841687000822276],13,11,167,6,1009.707099,,1009.691694,1009.707099,1010.706799,1010.706799,1010.706799,1011.056365,space,0.3477056,None,1011.056921,0.1007026,0.4009925,1011.468131,1011.469547,1011.48933,1011.48933,1011.48933,1014.373786,300,1,[2.8841592001263052],[2.8841687000822276],1,1,2025-11-10_19h29.58.986,Intentional Binding,,2025.01.01,60.20719701,2025-11-10 19h30.07.139601 +0530
0.4,1000,exp,168,0,14,space,0.3352654,None,500,1,[2.26863900013268],[2.268657699925825],14,0,168,7,1014.390673,,1014.374005,1014.390673,1015.389664,1015.389664,1015.405996,1015.741443,space,0.3352654,None,1015.742343,0.4002342,0.6995288,1016.456874,1016.457893,1016.471963,1016.471963,1016.471963,1018.74097,500,1,[2.26863900013268],[2.268657699925825],1,1,2025-11-10_19h29.58.986,Intentional Binding,,2025.01.01,60.20719701,2025-11-10 19h30.07.139601 +0530
0.7,1000,exp,169,1,14,space,0.2794352,None,700,1,[2.2518096000421792],[2.251819800119847],14,1,169,5,1018.756873,,1018.741223,1018.756873,1019.757009,1019.757009,1019.757009,1020.042368,space,0.2794352,None,1020.043568,0.7146145,1.0146708,1021.069206,1021.070721,1021.089358,1021.089358,1021.089358,1023.341479,700,1,[2.2518096000421792],[2.251819800119847],1,1,2025-11-10_19h29.58.986,Intentional Binding,,2025.01.01,60.20719701,2025-11-10 19h30.07.139601 +0530
0.1,1000,exp,170,2,14,space,0.8921073,None,400,1,[3.0357963999267668],[3.035806299885735],14,2,170,3,1023.356346,,1023.341737,1023.356346,1024.34025,1024.34025,1024.356911,1025.241512,space,0.8921073,None,1025.242428,0.0992247,0.3999095,1025.656872,1025.657776,1025.671958,1025.671958,1025.671958,1028.708063,400,1,[3.0357963999267668],[3.035806299885735],1,1,2025-11-10_19h29.58.986,Intentional Binding,,2025.01.01,60.20719701,2025-11-10 19h30.07.139601 +0530
0.4,1000,exp,171,3,14,space,0.3062802,None,600,1,[3.1343410999979824],[3.1343527999706566],14,3,171,4,1028.723761,,1028.708325,1028.723761,1029.72346,1029.72346,1029.72346,1030.040121,space,0.3062802,None,1030.040571,0.4002182,0.7002745,1030.750239,1030.751127,1030.77242,1030.77242,1030.77242,1033.907099,600,1,[3.1343410999979824],[3.1343527999706566],1,1,2025-11-10_19h29.58.986,Intentional Binding,,2025.01.01,60.20719701,2025-11-10 19h30.07.139601 +0530
0.4,1000,exp,172,4,14,space,0.7624076,None,400,1,[11.252361600054428],[11.252374300034717],14,4,172,10,1033.922983,,1033.907359,1033.922983,1034.906552,1034.906552,1034.923339,1035.674208,space,0.7624076,None,1035.675155,0.3991232,0.6981317,1036.387601,1036.388178,1036.404755,1036.404755,1036.404755,1047.657489,400,1,[11.252361600054428],[11.252374300034717],1,1,2025-11-10_19h29.58.986,Intentional Binding,,2025.01.01,60.20719701,2025-11-10 19h30.07.139601 +0530
0.1,1000,exp,173,5,14,space,0.3007786,None,300,1,[3.8517817000392824],[3.8517877000849694],14,5,173,6,1047.672854,,1047.657799,1047.672854,1048.673755,1048.673755,1048.673755,1048.98921,space,0.3007786,None,1048.989618,0.1000162,0.3996887,1049.408081,1049.408993,1049.421089,1049.421089,1049.421089,1053.273067,300,1,[3.8517817000392824],[3.8517877000849694],1,1,2025-11-10_19h29.58.986,Intentional Binding,,2025.01.01,60.20719701,2025-11-10 19h30.07.139601 +0530
0.7,400,unexp,174,6,14,space,0.2396774,None,700,1,[1.7857739999890327],[1.7857825998216867],14,6,174,2,1053.289033,,1053.27324,1053.289033,1054.273711,1054.273711,1054.290711,1054.522799,space,0.2396774,None,1054.523667,0.6996541,0.9993129,1055.538814,1055.539516,1055.554243,1055.554243,1055.554243,1057.340314,700,1,[1.7857739999890327],[1.7857825998216867],1,1,2025-11-10_19h29.58.986,Intentional Binding,,2025.01.01,60.20719701,2025-11-10 19h30.07.139601 +0530
0.4,400,unexp,175,7,14,space,1.0144197,None,700,1,[2.6345832999795675],[2.6345929000526667],14,7,175,1,1057.355281,,1057.340538,1057.355281,1058.340504,1058.340504,1058.357511,1059.358031,space,1.0144197,None,1059.358996,0.3993838,0.7148689,1060.080541,1060.081648,1060.105183,1060.105183,1060.105183,1062.740051,700,1,[2.6345832999795675],[2.6345929000526667],1,1,2025-11-10_19h29.58.986,Intentional Binding,,2025.01.01,60.20719701,2025-11-10 19h30.07.139601 +0530
0.1,400,unexp,176,8,14,space,0.2707272,None,200,1,[2.418270899914205],[2.4182802999857813],14,8,176,0,1062.756228,,1062.74027,1062.756228,1063.755508,1063.755508,1063.755508,1064.040057,space,0.2707272,None,1064.040791,0.0997714,0.400683,1064.447864,1064.448785,1064.471656,1064.471656,1064.471656,1066.890264,200,1,[2.418270899914205],[2.4182802999857813],1,1,2025-11-10_19h29.58.986,Intentional Binding,,2025.01.01,60.20719701,2025-11-10 19h30.07.139601 +0530
0.7,1000,exp,177,9,14,space,0.4086698,None,400,1,[2.6184372999705374],[2.6184465000405908],14,9,177,11,1066.906116,,1066.89048,1066.906116,1067.905316,1067.905316,1067.922032,1068.323872,space,0.4086698,None,1068.324744,0.6994124,0.9993472,1069.337192,1069.338699,1069.354348,1069.354348,1069.354348,1071.973137,400,1,[2.6184372999705374],[2.6184465000405908],1,1,2025-11-10_19h29.58.986,Intentional Binding,,2025.01.01,60.20719701,2025-11-10 19h30.07.139601 +0530
0.1,1000,exp,178,10,14,space,0.3169651,None,100,1,[2.268895500106737],[2.268904499942437],14,10,178,9,1071.989669,,1071.973383,1071.989669,1072.989544,1072.989544,1072.989544,1073.307248,space,0.3169651,None,1073.30814,0.1163633,0.4155015,1073.738769,1073.739439,1073.754324,1073.754324,1073.754324,1076.023504,100,1,[2.268895500106737],[2.268904499942437],1,1,2025-11-10_19h29.58.986,Intentional Binding,,2025.01.01,60.20719701,2025-11-10 19h30.07.139601 +0530
0.7,1000,exp,179,11,14,space,0.2908114,None,700,1,[2.219031299930066],[2.219043599907309],14,11,179,8,1076.038992,,1076.023729,1076.038992,1077.02262,1077.02262,1077.039551,1077.323172,space,0.2908114,None,1077.324038,0.6997985,0.9996427,1078.337884,1078.338899,1078.354238,1078.354238,1078.354238,1080.573647,700,1,[2.219031299930066],[2.219043599907309],1,1,2025-11-10_19h29.58.986,Intentional Binding,,2025.01.01,60.20719701,2025-11-10 19h30.07.139601 +0530
0.4,1000,exp,180,0,15,space,1.3098529,None,400,1,[2.1012106998823583],[2.1012203998398036],15,0,180,4,1080.589248,,1080.573964,1080.589248,1081.590525,1081.590525,1081.590525,1082.906114,space,1.3098529,None,1082.907096,0.4002044,0.6993016,1083.620187,1083.62179,1083.637586,1083.637586,1083.637586,1085.739115,400,1,[2.1012106998823583],[2.1012203998398036],1,1,2025-11-10_19h29.58.986,Intentional Binding,,2025.01.01,60.20719701,2025-11-10 19h30.07.139601 +0530
0.7,1000,exp,181,1,15,space,0.349527,None,700,1,[2.3687605001032352],[2.368769400054589],15,1,181,5,1085.755934,,1085.739326,1085.755934,1086.738825,1086.738825,1086.756112,1087.105163,space,0.349527,None,1087.106066,0.7009629,1.000981,1088.126321,1088.127441,1088.154249,1088.154249,1088.154249,1090.523335,700,1,[2.3687605001032352],[2.368769400054589],1,1,2025-11-10_19h29.58.986,Intentional Binding,,2025.01.01,60.20719701,2025-11-10 19h30.07.139601 +0530
0.4,1000,exp,182,2,15,space,0.5408326,None,400,1,[4.135089500108734],[4.13510030019097],15,2,182,10,1090.539795,,1090.523571,1090.539795,1091.52354,1091.52354,1091.541336,1092.07327,space,0.5408326,None,1092.074189,0.3992367,0.6992721,1092.790691,1092.791946,1092.804696,1092.804696,1092.804696,1096.940104,400,1,[4.135089500108734],[4.13510030019097],1,1,2025-11-10_19h29.58.986,Intentional Binding,,2025.01.01,60.20719701,2025-11-10 19h30.07.139601 +0530
0.7,1000,exp,183,3,15,space,0.302664,None,600,1,[2.3352006999775767],[2.335212499834597],15,3,183,11,1096.955536,,1096.940365,1096.955536,1097.956482,1097.956482,1097.956482,1098.273,space,0.302664,None,1098.273969,0.7159188,1.0167954,1099.300509,1099.301654,1099.320677,1099.320677,1099.320677,1101.656228,600,1,[2.3352006999775767],[2.335212499834597],1,1,2025-11-10_19h29.58.986,Intentional Binding,,2025.01.01,60.20719701,2025-11-10 19h30.07.139601 +0530
0.1,1000,exp,184,4,15,space,0.5282697,None,200,1,[2.6350561999715865],[2.6350727998651564],15,4,184,6,1101.67191,,1101.65645,1101.67191,1102.656233,1102.656233,1102.671915,1103.1886,space,0.5282697,None,1103.18912,0.101614,0.417275,1103.611219,1103.612108,1103.637626,1103.637626,1103.637626,1106.272997,200,1,[2.6350561999715865],[2.6350727998651564],1,1,2025-11-10_19h29.58.986,Intentional Binding,,2025.01.01,60.20719701,2025-11-10 19h30.07.139601 +0530
0.4,1000,exp,185,5,15,space,0.4388627,None,300,1,[2.2850816000718623],[2.285093800164759],15,5,185,7,1106.289392,,1106.273238,1106.289392,1107.272215,1107.272215,1107.28913,1107.722616,space,0.4388627,None,1107.72358,0.4153328,0.7158607,1108.447975,1108.449031,1108.470759,1108.470759,1108.470759,1110.756216,300,1,[2.2850816000718623],[2.285093800164759],1,1,2025-11-10_19h29.58.986,Intentional Binding,,2025.01.01,60.20719701,2025-11-10 19h30.07.139601 +0530
0.1,1000,exp,186,6,15,space,0.2978673,None,100,1,[2.569052199833095],[2.569063799921423],15,6,186,3,1110.77201,,1110.756459,1110.77201,1111.755878,1111.755878,1111.772278,1112.056205,space,0.2978673,None,1112.057242,0.0993681,0.40068,1112.469868,1112.471728,1112.487078,1112.487078,1112.487078,1115.056516,100,1,[2.569052199833095],[2.569063799921423],1,1,2025-11-10_19h29.58.986,Intentional Binding,,2025.01.01,60.20719701,2025-11-10 19h30.07.139601 +0530
0.7,400,unexp,187,7,15,space,0.4878543,None,700,1,[6.368521200027317],[6.368530699983239],15,7,187,2,1115.071838,,1115.056775,1115.071838,1116.056458,1116.056458,1116.07292,1116.554726,space,0.4878543,None,1116.555277,0.6995954,1.0004548,1117.57041,1117.571116,1117.587369,1117.587369,1117.587369,1123.956227,700,1,[6.368521200027317],[6.368530699983239],1,1,2025-11-10_19h29.58.986,Intentional Binding,,2025.01.01,60.20719701,2025-11-10 19h30.07.139601 +0530
0.7,1000,exp,188,8,15,space,0.2533125,None,800,1,[3.3851371000055224],[3.3851476998534054],15,8,188,8,1123.971715,,1123.956505,1123.971715,1124.970888,1124.970888,1124.970888,1125.240421,space,0.2533125,None,1125.241559,0.7152352,1.0469903,1126.287674,1126.289077,1126.304536,1126.304536,1126.304536,1129.690003,800,1,[3.3851371000055224],[3.3851476998534054],1,1,2025-11-10_19h29.58.986,Intentional Binding,,2025.01.01,60.20719701,2025-11-10 19h30.07.139601 +0530
0.1,400,unexp,189,9,15,space,0.3810949,None,300,1,[3.301422599935904],[3.3014297999907285],15,9,189,0,1129.705708,,1129.690265,1129.705708,1130.70509,1130.70509,1130.70509,1131.087939,space,0.3810949,None,1131.088597,0.1157217,0.4175894,1131.520521,1131.521517,1131.537174,1131.537174,1131.537174,1134.838859,300,1,[3.301422599935904],[3.3014297999907285],1,1,2025-11-10_19h29.58.986,Intentional Binding,,2025.01.01,60.20719701,2025-11-10 19h30.07.139601 +0530
0.1,1000,exp,190,10,15,space,1.7891243,None,200,1,[2.8188082999549806],[2.8188189000356942],15,10,190,9,1134.854975,,1134.839037,1134.854975,1135.854044,1135.854044,1135.854044,1137.654439,space,1.7891243,None,1137.655022,0.1006209,0.4017904,1138.067931,1138.069467,1138.087187,1138.087187,1138.087187,1140.906333,200,1,[2.8188082999549806],[2.8188189000356942],1,1,2025-11-10_19h29.58.986,Intentional Binding,,2025.01.01,60.20719701,2025-11-10 19h30.07.139601 +0530
0.4,400,unexp,191,11,15,space,0.4073831,None,200,1,[3.168316800147295],[3.1683341001626104],15,11,191,1,1140.920956,,1140.906594,1140.920956,1141.920649,1141.920649,1141.920649,1142.339589,space,0.4073831,None,1142.340663,0.3998141,0.7307088,1143.070515,1143.071954,1143.087844,1143.087844,1143.087844,1146.256658,200,1,[3.168316800147295],[3.1683341001626104],1,1,2025-11-10_19h29.58.986,Intentional Binding,,2025.01.01,60.20719701,2025-11-10 19h30.07.139601 +0530
0.7,1000,exp,192,0,16,space,0.4196114,None,400,1,[2.3010927999857813],[2.301105299964547],16,0,192,5,1146.271933,,1146.257049,1146.271933,1147.27218,1147.27218,1147.27218,1147.706596,space,0.4196114,None,1147.707524,0.7158657,1.0154293,1148.737751,1148.738738,1148.753609,1148.753609,1148.753609,1151.055099,400,1,[2.3010927999857813],[2.301105299964547],1,1,2025-11-10_19h29.58.986,Intentional Binding,,2025.01.01,60.20719701,2025-11-10 19h30.07.139601 +0530
0.1,1000,exp,193,1,16,space,0.357073,None,200,1,[2.5029216001275927],[2.5029325999785215],16,1,193,9,1151.071817,,1151.055423,1151.071817,1152.054835,1152.054835,1152.07168,1152.420838,space,0.357073,None,1152.421379,0.1006178,0.4010721,1152.837839,1152.838791,1152.852968,1152.852968,1152.852968,1155.356209,200,1,[2.5029216001275927],[2.5029325999785215],1,1,2025-11-10_19h29.58.986,Intentional Binding,,2025.01.01,60.20719701,2025-11-10 19h30.07.139601 +0530
0.4,1000,exp,194,2,16,space,0.4379142,None,400,1,[2.6691831001080573],[2.669193800073117],16,2,194,7,1155.371508,,1155.356449,1155.371508,1156.3548,1156.3548,1156.371523,1156.806337,space,0.4379142,None,1156.8076,0.4153947,0.7155973,1157.539465,1157.540507,1157.553047,1157.553047,1157.553047,1160.222542,400,1,[2.6691831001080573],[2.669193800073117],1,1,2025-11-10_19h29.58.986,Intentional Binding,,2025.01.01,60.20719701,2025-11-10 19h30.07.139601 +0530
0.4,400,unexp,195,3,16,space,0.7131662,None,100,1,[4.203186100116],[4.20319340005517],16,3,195,1,1160.237648,,1160.222786,1160.237648,1161.239008,1161.239008,1161.239008,1161.953813,space,0.7131662,None,1161.954311,0.3997347,0.6993989,1162.669652,1162.670357,1162.685739,1162.685739,1162.685739,1166.889219,100,1,[4.203186100116],[4.20319340005517],1,1,2025-11-10_19h29.58.986,Intentional Binding,,2025.01.01,60.20719701,2025-11-10 19h30.07.139601 +0530
0.7,1000,exp,196,4,16,space,0.2788069,None,300,1,[2.6335880998522043],[2.6335974999237806],16,4,196,8,1166.904734,,1166.889426,1166.904734,1167.904788,1167.904788,1167.904788,1168.189128,space,0.2788069,None,1168.190139,0.7152669,1.017695,1169.219416,1169.220325,1169.237577,1169.237577,1169.237577,1171.871478,300,1,[2.6335880998522043],[2.6335974999237806],1,1,2025-11-10_19h29.58.986,Intentional Binding,,2025.01.01,60.20719701,2025-11-10 19h30.07.139601 +0530
0.1,400,unexp,197,5,16,space,0.2965726,None,200,1,[2.551974199945107],[2.5519874000456184],16,5,197,0,1171.887755,,1171.871721,1171.887755,1172.8722,1172.8722,1172.889308,1173.172842,space,0.2965726,None,1173.173864,0.1150149,0.4140457,1173.596473,1173.597176,1173.619535,1173.619535,1173.619535,1176.171883,200,1,[2.551974199945107],[2.5519874000456184],1,1,2025-11-10_19h29.58.986,Intentional Binding,,2025.01.01,60.20719701,2025-11-10 19h30.07.139601 +0530
0.4,1000,exp,198,6,16,space,36.2024516,None,300,1,[4.8344354999717325],[4.834447799948975],16,6,198,4,1176.188287,,1176.172211,1176.188287,1177.171547,1177.171547,1177.188005,1213.388234,space,36.2024516,None,1213.389369,0.4001251,0.6992657,1214.099293,1214.100923,1214.119265,1214.119265,1214.119265,1218.954029,300,1,[4.8344354999717325],[4.834447799948975],1,1,2025-11-10_19h29.58.986,Intentional Binding,,2025.01.01,60.20719701,2025-11-10 19h30.07.139601 +0530
0.1,1000,exp,199,7,16,space,0.2968395,None,200,1,[2.5523536999244243],[2.5523675999138504],16,7,199,6,1218.970461,,1218.95426,1218.970461,1219.969629,1219.969629,1219.986263,1220.271707,space,0.2968395,None,1220.272643,0.1154036,0.4149542,1220.697224,1220.698229,1220.719522,1220.719522,1220.719522,1223.272289,200,1,[2.5523536999244243],[2.5523675999138504],1,1,2025-11-10_19h29.58.986,Intentional Binding,,2025.01.01,60.20719701,2025-11-10 19h30.07.139601 +0530
0.1,1000,exp,200,8,16,space,1.0472572,None,500,1,[3.1519432000350207],[3.1519516000989825],16,8,200,3,1223.28676,,1223.272605,1223.28676,1224.288019,1224.288019,1224.288019,1225.33742,space,1.0472572,None,1225.338266,0.0994569,0.3995553,1225.749329,1225.75097,1225.769092,1225.769092,1225.769092,1228.921303,500,1,[3.1519432000350207],[3.1519516000989825],1,1,2025-11-10_19h29.58.986,Intentional Binding,,2025.01.01,60.20719701,2025-11-10 19h30.07.139601 +0530
0.7,1000,exp,201,9,16,space,0.4597457,None,600,1,[2.102455300046131],[2.1024643001146615],16,9,201,11,1228.937397,,1228.921507,1228.937397,1229.936823,1229.936823,1229.936823,1230.403814,space,0.4597457,None,1230.404713,0.6997115,0.9994418,1231.419495,1231.420902,1231.435091,1231.435091,1231.435091,1233.537842,600,1,[2.102455300046131],[2.1024643001146615],1,1,2025-11-10_19h29.58.986,Intentional Binding,,2025.01.01,60.20719701,2025-11-10 19h30.07.139601 +0530
0.7,400,unexp,202,10,16,space,0.3296996,None,700,1,[2.668499399907887],[2.6685100998729467],16,10,202,2,1233.553558,,1233.538067,1233.553558,1234.553865,1234.553865,1234.553865,1234.886173,space,0.3296996,None,1234.886849,0.7006606,1.0011754,1235.89996,1235.901349,1235.918824,1235.918824,1235.918824,1238.587659,700,1,[2.668499399907887],[2.6685100998729467],1,1,2025-11-10_19h29.58.986,Intentional Binding,,2025.01.01,60.20719701,2025-11-10 19h30.07.139601 +0530
0.4,1000,exp,203,11,16,space,0.2620777,None,400,1,[2.534923099912703],[2.534930400084704],16,11,203,10,1238.603202,,1238.587942,1238.603202,1239.586597,1239.586597,1239.602952,1239.853914,space,0.2620777,None,1239.854838,0.3992389,0.6990722,1240.570931,1240.572096,1240.58489,1240.58489,1240.58489,1243.12005,400,1,[2.534923099912703],[2.534930400084704],1,1,2025-11-10_19h29.58.986,Intentional Binding,,2025.01.01,60.20719701,2025-11-10 19h30.07.139601 +0530
0.1,1000,exp,204,0,17,space,0.4324881,None,300,1,[4.652033600024879],[4.6520487000234425],17,0,204,9,1243.135643,,1243.120259,1243.135643,1244.11999,1244.11999,1244.136597,1244.570145,space,0.4324881,None,1244.570847,0.0999186,0.4000427,1244.98653,1244.987521,1245.001718,1245.001718,1245.001718,1249.654269,300,1,[4.652033600024879],[4.6520487000234425],1,1,2025-11-10_19h29.58.986,Intentional Binding,,2025.01.01,60.20719701,2025-11-10 19h30.07.139601 +0530
0.1,1000,exp,205,1,17,space,0.4508273,None,300,1,[3.135575900087133],[3.1355850000400096],17,1,205,6,1249.670021,,1249.654696,1249.670021,1250.670193,1250.670193,1250.670193,1251.136734,space,0.4508273,None,1251.137442,0.1000309,0.3993407,1251.547307,1251.548037,1251.567996,1251.567996,1251.567996,1254.703896,300,1,[3.135575900087133],[3.1355850000400096],1,1,2025-11-10_19h29.58.986,Intentional Binding,,2025.01.01,60.20719701,2025-11-10 19h30.07.139601 +0530
0.1,1000,exp,206,2,17,space,0.3338903,None,500,1,[4.468733399873599],[4.468745099846274],17,2,206,3,1254.719019,,1254.704138,1254.719019,1255.719791,1255.719791,1255.719791,1256.068903,space,0.3338903,None,1256.069327,0.1005431,0.4022708,1256.488629,1256.489566,1256.501407,1256.501407,1256.501407,1260.970447,500,1,[4.468733399873599],[4.468745099846274],1,1,2025-11-10_19h29.58.986,Intentional Binding,,2025.01.01,60.20719701,2025-11-10 19h30.07.139601 +0530
0.1,400,unexp,207,3,17,space,0.5474693,None,200,1,[4.668809600174427],[4.6688212000299245],17,3,207,0,1260.98655,,1260.970712,1260.98655,1261.986047,1261.986047,1261.986047,1262.538175,space,0.5474693,None,1262.539376,0.1151731,0.4144951,1262.971238,1262.972166,1262.98474,1262.98474,1262.98474,1267.653895,200,1,[4.668809600174427],[4.6688212000299245],1,1,2025-11-10_19h29.58.986,Intentional Binding,,2025.01.01,60.20719701,2025-11-10 19h30.07.139601 +0530
0.4,1000,exp,208,4,17,space,0.4826447,None,400,1,[2.2356998999603093],[2.2357103000395],17,4,208,10,1267.669826,,1267.654148,1267.669826,1268.669677,1268.669677,1268.669677,1269.153724,space,0.4826447,None,1269.154654,0.3992968,0.6990122,1269.866127,1269.867721,1269.884722,1269.884722,1269.884722,1272.120734,400,1,[2.2356998999603093],[2.2357103000395],1,1,2025-11-10_19h29.58.986,Intentional Binding,,2025.01.01,60.20719701,2025-11-10 19h30.07.139601 +0530
0.7,1000,exp,209,5,17,space,0.3143357,None,400,1,[2.4517656001262367],[2.4517765999771655],17,5,209,8,1272.136361,,1272.120975,1272.136361,1273.136826,1273.136826,1273.136826,1273.453677,space,0.3143357,None,1273.454601,0.6991427,0.9992099,1274.467731,1274.468852,1274.485061,1274.485061,1274.485061,1276.937206,400,1,[2.4517656001262367],[2.4517765999771655],1,1,2025-11-10_19h29.58.986,Intentional Binding,,2025.01.01,60.20719701,2025-11-10 19h30.07.139601 +0530
0.7,1000,exp,210,6,17,space,0.2789762,None,300,1,[3.3183255000039935],[3.3183357000816613],17,6,210,5,1276.953106,,1276.93751,1276.953106,1277.936076,1277.936076,1277.952216,1278.220429,space,0.2789762,None,1278.221423,0.6994504,0.999186,1279.237348,1279.238589,1279.250854,1279.250854,1279.250854,1282.56948,300,1,[3.3183255000039935],[3.3183357000816613],1,1,2025-11-10_19h29.58.986,Intentional Binding,,2025.01.01,60.20719701,2025-11-10 19h30.07.139601 +0530
0.4,1000,exp,211,7,17,space,0.0352383,None,300,1,[2.9015118998941034],[2.9015238999854773],17,7,211,4,1282.585425,,1282.569705,1282.585425,1283.570813,1283.570813,1283.586507,1283.62039,space,0.0352383,None,1283.621404,0.3992086,0.6992442,1284.338562,1284.339467,1284.351261,1284.351261,1284.351261,1287.253103,300,1,[2.9015118998941034],[2.9015238999854773],1,1,2025-11-10_19h29.58.986,Intentional Binding,,2025.01.01,60.20719701,2025-11-10 19h30.07.139601 +0530
0.7,1000,exp,212,8,17,space,0.3756754,None,300,1,[3.1013127001933753],[3.101323200156912],17,8,212,11,1287.268644,,1287.253384,1287.268644,1288.252532,1288.252532,1288.26999,1288.63631,space,0.3756754,None,1288.6372,0.7001679,1.0323646,1289.668916,1289.670246,1289.685297,1289.685297,1289.685297,1292.786934,300,1,[3.1013127001933753],[3.101323200156912],1,1,2025-11-10_19h29.58.986,Intentional Binding,,2025.01.01,60.20719701,2025-11-10 19h30.07.139601 +0530
0.4,1000,exp,213,9,17,space,0.3358125,None,500,1,[3.3680676000658423],[3.3680779000278562],17,9,213,7,1292.802549,,1292.787151,1292.802549,1293.801605,1293.801605,1293.818143,1294.15338,space,0.3358125,None,1294.154187,0.3994112,0.6990232,1294.871454,1294.872421,1294.884495,1294.884495,1294.884495,1298.252877,500,1,[3.3680676000658423],[3.3680779000278562],1,1,2025-11-10_19h29.58.986,Intentional Binding,,2025.01.01,60.20719701,2025-11-10 19h30.07.139601 +0530
0.7,400,unexp,214,10,17,space,0.6024891,None,700,1,[2.119571400107816],[2.119581300066784],17,10,214,2,1298.269387,,1298.253119,1298.269387,1299.252284,1299.252284,1299.26984,1299.869983,space,0.6024891,None,1299.871167,0.6991679,0.9992025,1300.886976,1300.888043,1300.900853,1300.900853,1300.900853,1303.020718,700,1,[2.119571400107816],[2.119581300066784],1,1,2025-11-10_19h29.58.986,Intentional Binding,,2025.01.01,60.20719701,2025-11-10 19h30.07.139601 +0530
0.4,400,unexp,215,11,17,space,0.2608883,None,700,1,[1.967024700017646],[1.9670348998624831],17,11,215,1,1303.035416,,1303.020968,1303.035416,1304.035952,1304.035952,1304.035952,1304.302091,space,0.2608883,None,1304.302609,0.4015708,0.7318522,1305.034069,1305.034678,1305.052183,1305.052183,1305.052183,1307.019523,700,1,[1.967024700017646],[1.9670348998624831],1,1,2025-11-10_19h29.58.986,Intentional Binding,,2025.01.01,60.20719701,2025-11-10 19h30.07.139601 +0530
0.7,1000,exp,216,0,18,space,1.3823149,None,800,1,[2.1682619999628514],[2.1682692000176758],18,0,216,5,1307.035154,,1307.019766,1307.035154,1308.036003,1308.036003,1308.036003,1309.419531,space,1.3823149,None,1309.420411,0.69911,1.0000624,1310.430453,1310.431855,1310.450898,1310.450898,1310.450898,1312.619434,800,1,[2.1682619999628514],[2.1682692000176758],1,1,2025-11-10_19h29.58.986,Intentional Binding,,2025.01.01,60.20719701,2025-11-10 19h30.07.139601 +0530
0.1,400,unexp,217,1,18,space,0.6577817,None,200,1,[2.8018114999867976],[2.801828399999067],18,1,217,0,1312.635611,,1312.619647,1312.635611,1313.635989,1313.635989,1313.635989,1314.303218,space,0.6577817,None,1314.304067,0.1164763,0.4158888,1314.729384,1314.73073,1314.750786,1314.750786,1314.750786,1317.552999,200,1,[2.8018114999867976],[2.801828399999067],1,1,2025-11-10_19h29.58.986,Intentional Binding,,2025.01.01,60.20719701,2025-11-10 19h30.07.139601 +0530
0.7,400,unexp,218,2,18,space,0.4506304,None,600,1,[2.2179491999559104],[2.2179586000274867],18,2,218,2,1317.568881,,1317.55333,1317.568881,1318.552535,1318.552535,1318.569407,1319.018729,space,0.4506304,None,1319.01943,0.7008377,1.0152788,1320.03414,1320.0348,1320.050961,1320.050961,1320.050961,1322.269196,600,1,[2.2179491999559104],[2.2179586000274867],1,1,2025-11-10_19h29.58.986,Intentional Binding,,2025.01.01,60.20719701,2025-11-10 19h30.07.139601 +0530
0.4,400,unexp,219,3,18,space,0.2706797,None,400,1,[3.5334470998495817],[3.533460299950093],18,3,219,1,1322.284965,,1322.269425,1322.284965,1323.284401,1323.284401,1323.284401,1323.569305,space,0.2706797,None,1323.570214,0.4009899,0.7311368,1324.300665,1324.301978,1324.318208,1324.318208,1324.318208,1327.852062,400,1,[3.5334470998495817],[3.533460299950093],1,1,2025-11-10_19h29.58.986,Intentional Binding,,2025.01.01,60.20719701,2025-11-10 19h30.07.139601 +0530
0.4,1000,exp,220,4,18,space,0.2881108,None,500,1,[2.2858143001794815],[2.2858247000258416],18,4,220,7,1327.869298,,1327.852374,1327.869298,1328.852534,1328.852534,1328.868822,1329.152921,space,0.2881108,None,1329.153861,0.4146375,0.7163205,1329.877418,1329.8786,1329.900313,1329.900313,1329.900313,1332.186468,500,1,[2.2858143001794815],[2.2858247000258416],1,1,2025-11-10_19h29.58.986,Intentional Binding,,2025.01.01,60.20719701,2025-11-10 19h30.07.139601 +0530
0.4,1000,exp,221,5,18,space,0.3296264,None,700,1,[2.6515516000799835],[2.651561199920252],18,5,221,10,1332.20171,,1332.186726,1332.20171,1333.18501,1333.18501,1333.201664,1333.519885,space,0.3296264,None,1333.520807,0.3998044,0.7147764,1334.234913,1334.236189,1334.251032,1334.251032,1334.251032,1336.902893,700,1,[2.6515516000799835],[2.651561199920252],1,1,2025-11-10_19h29.58.986,Intentional Binding,,2025.01.01,60.20719701,2025-11-10 19h30.07.139601 +0530
0.1,1000,exp,222,6,18,space,0.3674119,None,200,1,[3.402053400175646],[3.40206510014832],18,6,222,9,1336.918041,,1336.903154,1336.918041,1337.901651,1337.901651,1337.918954,1338.286432,space,0.3674119,None,1338.287801,0.1157983,0.4148452,1338.716688,1338.717848,1338.733437,1338.733437,1338.733437,1342.13592,200,1,[3.402053400175646],[3.40206510014832],1,1,2025-11-10_19h29.58.986,Intentional Binding,,2025.01.01,60.20719701,2025-11-10 19h30.07.139601 +0530
0.7,1000,exp,223,7,18,space,0.344548,None,900,1,[2.952727199997753],[2.952737999847159],18,7,223,8,1342.151557,,1342.136178,1342.151557,1343.134742,1343.134742,1343.151562,1343.485192,space,0.344548,None,1343.486424,0.6998217,0.9998841,1344.497151,1344.49879,1344.51734,1344.51734,1344.51734,1347.47043,900,1,[2.952727199997753],[2.952737999847159],1,1,2025-11-10_19h29.58.986,Intentional Binding,,2025.01.01,60.20719701,2025-11-10 19h30.07.139601 +0530
0.1,1000,exp,224,8,18,space,0.3511084,None,200,1,[2.8168550999835134],[2.8168678998481482],18,8,224,3,1347.484755,,1347.470713,1347.484755,1348.484669,1348.484669,1348.484669,1348.83641,space,0.3511084,None,1348.837311,0.0994635,0.4307784,1349.267402,1349.268653,1349.284506,1349.284506,1349.284506,1352.101685,200,1,[2.8168550999835134],[2.8168678998481482],1,1,2025-11-10_19h29.58.986,Intentional Binding,,2025.01.01,60.20719701,2025-11-10 19h30.07.139601 +0530
0.4,1000,exp,225,9,18,space,0.4149073,None,400,1,[11.036249800119549],[11.036259999964386],18,9,225,4,1352.118028,,1352.101939,1352.118028,1353.101676,1353.101676,1353.118803,1353.518648,space,0.4149073,None,1353.519671,0.4151457,0.7170984,1354.247576,1354.249256,1354.266183,1354.266183,1354.266183,1365.302746,400,1,[11.036249800119549],[11.036259999964386],1,1,2025-11-10_19h29.58.986,Intentional Binding,,2025.01.01,60.20719701,2025-11-10 19h30.07.139601 +0530
0.7,1000,exp,226,10,18,space,0.3021706,None,600,1,[2.4025803999975324],[2.402591000078246],18,10,226,11,1365.317774,,1365.302992,1365.317774,1366.31891,1366.31891,1366.31891,1366.635753,space,0.3021706,None,1366.636658,0.699161,0.9982524,1367.649826,1367.651897,1367.665805,1367.665805,1367.665805,1370.068688,600,1,[2.4025803999975324],[2.402591000078246],1,1,2025-11-10_19h29.58.986,Intentional Binding,,2025.01.01,60.20719701,2025-11-10 19h30.07.139601 +0530
0.1,1000,exp,227,11,18,space,0.4488759,None,200,1,[2.6844263998791575],[2.684435599949211],18,11,227,6,1370.084779,,1370.06895,1370.084779,1371.067754,1371.067754,1371.084679,1371.51897,space,0.4488759,None,1371.520051,0.0993274,0.4154436,1371.937548,1371.938574,1371.967334,1371.967334,1371.967334,1374.652098,200,1,[2.6844263998791575],[2.684435599949211],1,1,2025-11-10_19h29.58.986,Intentional Binding,,2025.01.01,60.20719701,2025-11-10 19h30.07.139601 +0530
0.7,1000,exp,228,0,19,space,0.5491039,None,700,1,[1.8514243999961764],[1.8514334000647068],19,0,228,5,1374.667683,,1374.652314,1374.667683,1375.650423,1375.650423,1375.667971,1376.203668,space,0.5491039,None,1376.204696,0.7139837,1.0141997,1377.230332,1377.232036,1377.250013,1377.250013,1377.250013,1379.101733,700,1,[1.8514243999961764],[1.8514334000647068],1,1,2025-11-10_19h29.58.986,Intentional Binding,,2025.01.01,60.20719701,2025-11-10 19h30.07.139601 +0530
0.1,1000,exp,229,1,19,space,0.4993804,None,500,1,[3.0516069000586867],[3.0516133001074195],19,1,229,6,1379.117482,,1379.101977,1379.117482,1380.101683,1380.101683,1380.11793,1380.602579,space,0.4993804,None,1380.603592,0.0990293,0.3988711,1381.017491,1381.018612,1381.032544,1381.032544,1381.032544,1384.084369,500,1,[3.0516069000586867],[3.0516133001074195],1,1,2025-11-10_19h29.58.986,Intentional Binding,,2025.01.01,60.20719701,2025-11-10 19h30.07.139601 +0530
0.4,1000,exp,230,2,19,space,0.3098033,None,500,1,[1.9188597002066672],[1.9188719000667334],19,2,230,4,1384.101149,,1384.084546,1384.101149,1385.084415,1385.084415,1385.101269,1385.401528,space,0.3098033,None,1385.402429,0.4000984,0.6994493,1386.120871,1386.122043,1386.13269,1386.13269,1386.13269,1388.051879,500,1,[1.9188597002066672],[1.9188719000667334],1,1,2025-11-10_19h29.58.986,Intentional Binding,,2025.01.01,60.20719701,2025-11-10 19h30.07.139601 +0530
0.1,1000,exp,231,3,19,space,0.8103974,None,100,1,[2.468505699886009],[2.4685145998373628],19,3,231,9,1388.067435,,1388.052146,1388.067435,1389.067593,1389.067593,1389.067593,1389.884598,space,0.8103974,None,1389.885796,0.0997982,0.3991909,1390.299015,1390.300001,1390.316161,1390.316161,1390.316161,1392.784961,100,1,[2.468505699886009],[2.4685145998373628],1,1,2025-11-10_19h29.58.986,Intentional Binding,,2025.01.01,60.20719701,2025-11-10 19h30.07.139601 +0530
0.4,1000,exp,232,4,19,space,0.4494567,None,100,1,[2.550946099916473],[2.550954599864781],19,4,232,10,1392.800762,,1392.785182,1392.800762,1393.78425,1393.78425,1393.800817,1394.235541,space,0.4494567,None,1394.236768,0.4159813,0.7465318,1394.982228,1394.982902,1395.000297,1395.000297,1395.000297,1397.551544,100,1,[2.550946099916473],[2.550954599864781],1,1,2025-11-10_19h29.58.986,Intentional Binding,,2025.01.01,60.20719701,2025-11-10 19h30.07.139601 +0530
0.1,1000,exp,233,5,19,space,0.449895,None,100,1,[2.3679737001657486],[2.367987700039521],19,5,233,3,1397.567217,,1397.55179,1397.567217,1398.55102,1398.55102,1398.567793,1399.001779,space,0.449895,None,1399.002725,0.0999449,0.4305785,1399.4325,1399.433172,1399.450016,1399.450016,1399.450016,1401.818444,100,1,[2.3679737001657486],[2.367987700039521],1,1,2025-11-10_19h29.58.986,Intentional Binding,,2025.01.01,60.20719701,2025-11-10 19h30.07.139601 +0530
0.7,1000,exp,234,6,19,space,0.2701422,None,700,1,[2.1858487999998033],[2.1858585998415947],19,6,234,11,1401.833873,,1401.818804,1401.833873,1402.833988,1402.833988,1402.833988,1403.117911,space,0.2701422,None,1403.118865,0.7165768,1.0158437,1404.150129,1404.15178,1404.165727,1404.165727,1404.165727,1406.351871,700,1,[2.1858487999998033],[2.1858585998415947],1,1,2025-11-10_19h29.58.986,Intentional Binding,,2025.01.01,60.20719701,2025-11-10 19h30.07.139601 +0530
0.7,1000,exp,235,7,19,space,0.3134847,None,600,1,[2.0852498000022024],[2.0852612000890076],19,7,235,8,1406.367365,,1406.352116,1406.367365,1407.367572,1407.367572,1407.367572,1407.683518,space,0.3134847,None,1407.684318,0.7007893,1.0008974,1408.697721,1408.699174,1408.71571,1408.71571,1408.71571,1410.801262,600,1,[2.0852498000022024],[2.0852612000890076],1,1,2025-11-10_19h29.58.986,Intentional Binding,,2025.01.01,60.20719701,2025-11-10 19h30.07.139601 +0530
0.4,400,unexp,236,8,19,space,0.3251578,None,500,1,[2.20177480019629],[2.201782700140029],19,8,236,1,1410.817113,,1410.801505,1410.817113,1411.816062,1411.816062,1411.816062,1412.1511,space,0.3251578,None,1412.151884,0.3997577,0.7002405,1412.869476,1412.871005,1412.899894,1412.899894,1412.899894,1415.101942,500,1,[2.20177480019629],[2.201782700140029],1,1,2025-11-10_19h29.58.986,Intentional Binding,,2025.01.01,60.20719701,2025-11-10 19h30.07.139601 +0530
0.1,400,unexp,237,9,19,space,0.4574866,None,400,1,[2.551756499800831],[2.551763999974355],19,9,237,0,1415.117134,,1415.102153,1415.117134,1416.116456,1416.116456,1416.134472,1416.584938,space,0.4574866,None,1416.586652,0.1161736,0.4159098,1417.019563,1417.020624,1417.048557,1417.048557,1417.048557,1419.600563,400,1,[2.551756499800831],[2.551763999974355],1,1,2025-11-10_19h29.58.986,Intentional Binding,,2025.01.01,60.20719701,2025-11-10 19h30.07.139601 +0530
0.7,400,unexp,238,10,19,space,0.3073856,None,700,1,[2.135845100041479],[2.1358560000080615],19,10,238,2,1419.616093,,1419.600772,1419.616093,1420.60159,1420.60159,1420.617086,1420.91812,space,0.3073856,None,1420.91917,0.7157492,1.0157985,1421.947568,1421.948916,1421.965791,1421.965791,1421.965791,1424.101991,700,1,[2.135845100041479],[2.1358560000080615],1,1,2025-11-10_19h29.58.986,Intentional Binding,,2025.01.01,60.20719701,2025-11-10 19h30.07.139601 +0530
0.4,1000,exp,239,11,19,space,0.2837122,None,400,1,[2.8700101000722498],[2.870019700145349],19,11,239,7,1424.117349,,1424.10224,1424.117349,1425.117264,1425.117264,1425.117264,1425.401473,space,0.2837122,None,1425.402396,0.4005254,0.699567,1426.119072,1426.119979,1426.131686,1426.131686,1426.131686,1429.001986,400,1,[2.8700101000722498],[2.870019700145349],1,1,2025-11-10_19h29.58.986,Intentional Binding,,2025.01.01,60.20719701,2025-11-10 19h30.07.139601 +0530
0.7,1000,exp,240,0,20,space,0.3189156,None,300,1,[2.6013054999057204],[2.6013148999772966],20,0,240,5,1429.016774,,1429.002226,1429.016774,1430.01696,1430.01696,1430.01696,1430.350913,space,0.3189156,None,1430.351796,0.6993474,0.9997745,1431.357014,1431.357873,1431.38291,1431.38291,1431.38291,1433.984541,300,1,[2.6013054999057204],[2.6013148999772966],1,1,2025-11-10_19h29.58.986,Intentional Binding,,2025.01.01,60.20719701,2025-11-10 19h30.07.139601 +0530
0.7,400,unexp,241,1,20,space,0.3304141,None,200,1,[2.4022140000015497],[2.40222439984791],20,1,241,2,1434.000251,,1433.98482,1434.000251,1435.000333,1435.000333,1435.000333,1435.33433,space,0.3304141,None,1435.33559,0.699795,0.9997566,1436.350544,1436.351528,1436.365274,1436.365274,1436.365274,1438.767813,200,1,[2.4022140000015497],[2.40222439984791],1,1,2025-11-10_19h29.58.986,Intentional Binding,,2025.01.01,60.20719701,2025-11-10 19h30.07.139601 +0530
0.1,1000,exp,242,2,20,space,0.3434508,None,100,1,[3.869009800022468],[3.869019200094044],20,2,242,9,1438.783366,,1438.768029,1438.783366,1439.783894,1439.783894,1439.783894,1440.133982,space,0.3434508,None,1440.134926,0.0993992,0.3994077,1440.549445,1440.550481,1440.565387,1440.565387,1440.565387,1444.434732,100,1,[3.869009800022468],[3.869019200094044],1,1,2025-11-10_19h29.58.986,Intentional Binding,,2025.01.01,60.20719701,2025-11-10 19h30.07.139601 +0530
0.4,1000,exp,243,3,20,space,11.2829287,None,200,1,[2.8696069999132305],[2.869619899895042],20,3,243,7,1444.451033,,1444.43498,1444.451033,1445.450538,1445.450538,1445.450538,1456.7501,space,11.2829287,None,1456.751105,0.3997357,0.6995598,1457.459363,1457.460278,1457.481918,1457.481918,1457.481918,1460.351903,200,1,[2.8696069999132305],[2.869619899895042],1,1,2025-11-10_19h29.58.986,Intentional Binding,,2025.01.01,60.20719701,2025-11-10 19h30.07.139601 +0530
0.7,1000,exp,244,4,20,space,0.7261401,None,300,1,[2.701692500151694],[2.701706200139597],20,4,244,11,1460.36661,,1460.352255,1460.36661,1461.366416,1461.366416,1461.366416,1462.100761,space,0.7261401,None,1462.101668,0.6993551,0.9988836,1463.118605,1463.120036,1463.131173,1463.131173,1463.131173,1465.83332,300,1,[2.701692500151694],[2.701706200139597],1,1,2025-11-10_19h29.58.986,Intentional Binding,,2025.01.01,60.20719701,2025-11-10 19h30.07.139601 +0530
0.4,1000,exp,245,5,20,space,0.640128,None,500,1,[2.834953100187704],[2.8349600001238286],20,5,245,4,1465.850019,,1465.833715,1465.850019,1466.848822,1466.848822,1466.865526,1467.499182,space,0.640128,None,1467.499595,0.3995693,0.7015007,1468.22086,1468.221644,1468.247544,1468.247544,1468.247544,1471.082749,500,1,[2.834953100187704],[2.8349600001238286],1,1,2025-11-10_19h29.58.986,Intentional Binding,,2025.01.01,60.20719701,2025-11-10 19h30.07.139601 +0530
0.4,400,unexp,246,6,20,space,1.6894981,None,400,1,[3.7188118000049144],[3.718899899860844],20,6,246,1,1471.098727,,1471.082983,1471.098727,1472.083327,1472.083327,1472.100162,1473.781969,space,1.6894981,None,1473.782583,0.3995045,0.699794,1474.500244,1474.500818,1474.514137,1474.514137,1474.514137,1478.233485,400,1,[3.7188118000049144],[3.718899899860844],1,1,2025-11-10_19h29.58.986,Intentional Binding,,2025.01.01,60.20719701,2025-11-10 19h30.07.139601 +0530
0.1,400,unexp,247,7,20,space,0.367469,None,200,1,[2.084805899998173],[2.0848184002097696],20,7,247,0,1478.249772,,1478.233795,1478.249772,1479.233245,1479.233245,1479.249409,1479.601845,space,0.367469,None,1479.603003,0.1143117,0.4143752,1480.0303,1480.031197,1480.048325,1480.048325,1480.048325,1482.133525,200,1,[2.084805899998173],[2.0848184002097696],1,1,2025-11-10_19h29.58.986,Intentional Binding,,2025.01.01,60.20719701,2025-11-10 19h30.07.139601 +0530
0.1,1000,exp,248,8,20,space,2.0331879,None,200,1,[2.5509832000825554],[2.550994399935007],20,8,248,3,1482.150504,,1482.133907,1482.150504,1483.149798,1483.149798,1483.165842,1485.200343,space,2.0331879,None,1485.201411,0.1003128,0.4009279,1485.619815,1485.621047,1485.649234,1485.649234,1485.649234,1488.200594,200,1,[2.5509832000825554],[2.550994399935007],1,1,2025-11-10_19h29.58.986,Intentional Binding,,2025.01.01,60.20719701,2025-11-10 19h30.07.139601 +0530
0.7,1000,exp,249,9,20,space,0.5100519,None,700,1,[2.1516005999874324],[2.1516070999205112],20,9,249,8,1488.215752,,1488.200883,1488.215752,1489.216799,1489.216799,1489.216799,1489.733028,space,0.5100519,None,1489.734088,0.699558,0.9996429,1490.749004,1490.74997,1490.764221,1490.764221,1490.764221,1492.916049,700,1,[2.1516005999874324],[2.1516070999205112],1,1,2025-11-10_19h29.58.986,Intentional Binding,,2025.01.01,60.20719701,2025-11-10 19h30.07.139601 +0530
0.4,1000,exp,250,10,20,space,0.4071863,None,500,1,[2.018088399898261],[2.018098699860275],20,10,250,10,1492.931522,,1492.91624,1492.931522,1493.916652,1493.916652,1493.932334,1494.332212,space,0.4071863,None,1494.332845,0.4004111,0.7004077,1495.051672,1495.052461,1495.064442,1495.064442,1495.064442,1497.082878,500,1,[2.018088399898261],[2.018098699860275],1,1,2025-11-10_19h29.58.986,Intentional Binding,,2025.01.01,60.20719701,2025-11-10 19h30.07.139601 +0530
0.1,1000,exp,251,11,20,space,0.281615,None,200,1,[2.0518128001131117],[2.0518234001938254],20,11,251,6,1497.09969,,1497.083131,1497.09969,1498.082849,1498.082849,1498.099261,1498.365464,space,0.281615,None,1498.366,0.0994394,0.4002411,1498.777578,1498.778956,1498.797603,1498.797603,1498.797603,1500.849724,200,1,[2.0518128001131117],[2.0518234001938254],1,1,2025-11-10_19h29.58.986,Intentional Binding,,2025.01.01,60.20719701,2025-11-10 19h30.07.139601 +0530
0.4,400,unexp,252,0,21,space,0.3081279,None,500,1,[2.601372200064361],[2.6013841000385582],21,0,252,1,1500.86549,,1500.849976,1500.86549,1501.848511,1501.848511,1501.865921,1502.166632,space,0.3081279,None,1502.167437,0.3994997,0.6995787,1502.879097,1502.880938,1502.897204,1502.897204,1502.897204,1505.498832,500,1,[2.601372200064361],[2.6013841000385582],1,1,2025-11-10_19h29.58.986,Intentional Binding,,2025.01.01,60.20719701,2025-11-10 19h30.07.139601 +0530
0.7,400,unexp,253,1,21,space,0.2819238,None,500,1,[2.1178814999293536],[2.1178953999187797],21,1,253,2,1505.515614,,1505.499035,1505.515614,1506.498687,1506.498687,1506.515469,1506.783519,space,0.2819238,None,1506.784509,0.7145118,1.016727,1507.811481,1507.813168,1507.831114,1507.831114,1507.831114,1509.949421,500,1,[2.1178814999293536],[2.1178953999187797],1,1,2025-11-10_19h29.58.986,Intentional Binding,,2025.01.01,60.20719701,2025-11-10 19h30.07.139601 +0530
0.4,1000,exp,254,2,21,space,0.3086508,None,300,1,[2.3679172000847757],[2.367926900042221],21,2,254,7,1509.966772,,1509.949691,1509.966772,1510.94939,1510.94939,1510.965607,1511.266334,space,0.3086508,None,1511.267241,0.3991967,0.6990169,1511.980921,1511.981905,1511.997845,1511.997845,1511.997845,1514.366099,300,1,[2.3679172000847757],[2.367926900042221],1,1,2025-11-10_19h29.58.986,Intentional Binding,,2025.01.01,60.20719701,2025-11-10 19h30.07.139601 +0530
0.1,1000,exp,255,3,21,space,0.2712971,None,200,1,[3.2856026000808924],[3.285617599962279],21,3,255,9,1514.382031,,1514.366335,1514.382031,1515.380928,1515.380928,1515.380928,1515.665726,space,0.2712971,None,1515.666717,0.0998755,0.3998453,1516.079432,1516.080514,1516.097676,1516.097676,1516.097676,1519.383724,200,1,[3.2856026000808924],[3.285617599962279],1,1,2025-11-10_19h29.58.986,Intentional Binding,,2025.01.01,60.20719701,2025-11-10 19h30.07.139601 +0530
0.1,400,unexp,256,4,21,space,0.3101866,None,400,1,[2.402391000185162],[2.40240540006198],21,4,256,0,1519.399009,,1519.384097,1519.399009,1520.398983,1520.398983,1520.398983,1520.716128,space,0.3101866,None,1520.717354,0.0998614,0.3996492,1521.129307,1521.130472,1521.147302,1521.147302,1521.147302,1523.550161,400,1,[2.402391000185162],[2.40240540006198],1,1,2025-11-10_19h29.58.986,Intentional Binding,,2025.01.01,60.20719701,2025-11-10 19h30.07.139601 +0530
0.1,1000,exp,257,5,21,space,0.4776123,None,200,1,[2.1518383999355137],[2.1518489001318812],21,5,257,6,1523.565521,,1523.550492,1523.565521,1524.565427,1524.565427,1524.565427,1525.048757,space,0.4776123,None,1525.049656,0.1001312,0.4001012,1525.457696,1525.459061,1525.480639,1525.480639,1525.480639,1527.632784,200,1,[2.1518383999355137],[2.1518489001318812],1,1,2025-11-10_19h29.58.986,Intentional Binding,,2025.01.01,60.20719701,2025-11-10 19h30.07.139601 +0530
0.7,1000,exp,258,6,21,space,0.2873512,None,500,1,[2.9682695001829416],[2.968279200140387],21,6,258,11,1527.648325,,1527.633017,1527.648325,1528.631832,1528.631832,1528.649349,1528.932157,space,0.2873512,None,1528.932911,0.6995498,0.9993312,1529.950654,1529.951912,1529.963991,1529.963991,1529.963991,1532.932561,500,1,[2.9682695001829416],[2.968279200140387],1,1,2025-11-10_19h29.58.986,Intentional Binding,,2025.01.01,60.20719701,2025-11-10 19h30.07.139601 +0530
0.4,1000,exp,259,7,21,space,0.2661641,None,400,1,[2.5682063000276685],[2.5682159001007676],21,7,259,4,1532.948692,,1532.932805,1532.948692,1533.931562,1533.931562,1533.94911,1534.200176,space,0.2661641,None,1534.201123,0.3996303,0.7147988,1534.919179,1534.920109,1534.947344,1534.947344,1534.947344,1537.515905,400,1,[2.5682063000276685],[2.5682159001007676],1,1,2025-11-10_19h29.58.986,Intentional Binding,,2025.01.01,60.20719701,2025-11-10 19h30.07.139601 +0530
0.7,1000,exp,260,8,21,space,0.3117,None,700,1,[2.7354535998310894],[2.7354678998235613],21,8,260,5,1537.531544,,1537.516128,1537.531544,1538.530773,1538.530773,1538.530773,1538.84881,space,0.3117,None,1538.849664,0.7002786,0.9995619,1539.86826,1539.869146,1539.880234,1539.880234,1539.880234,1542.616016,700,1,[2.7354535998310894],[2.7354678998235613],1,1,2025-11-10_19h29.58.986,Intentional Binding,,2025.01.01,60.20719701,2025-11-10 19h30.07.139601 +0530
0.1,1000,exp,261,9,21,space,0.2903797,None,500,1,[2.6345142999198288],[2.634521899977699],21,9,261,3,1542.631403,,1542.616299,1542.631403,1543.615342,1543.615342,1543.631425,1543.916407,space,0.2903797,None,1543.917444,0.1154884,0.4150791,1544.348997,1544.349884,1544.363496,1544.363496,1544.363496,1546.998311,500,1,[2.6345142999198288],[2.634521899977699],1,1,2025-11-10_19h29.58.986,Intentional Binding,,2025.01.01,60.20719701,2025-11-10 19h30.07.139601 +0530
0.4,1000,exp,262,10,21,space,0.531344,None,400,1,[4.168517099926248],[4.16852519987151],21,10,262,10,1547.014071,,1546.998519,1547.014071,1547.998409,1547.998409,1548.015116,1548.532147,space,0.531344,None,1548.533125,0.3994454,0.6994976,1549.248834,1549.2498,1549.263045,1549.263045,1549.263045,1553.431854,400,1,[4.168517099926248],[4.16852519987151],1,1,2025-11-10_19h29.58.986,Intentional Binding,,2025.01.01,60.20719701,2025-11-10 19h30.07.139601 +0530
0.7,1000,exp,263,11,21,space,0.542837,None,500,1,[2.585985500132665],[2.585993600077927],21,11,263,8,1553.447284,,1553.432092,1553.447284,1554.431391,1554.431391,1554.448372,1554.980686,space,0.542837,None,1554.981242,0.7005411,1.0006936,1556.000015,1556.000953,1556.013615,1556.013615,1556.013615,1558.599886,500,1,[2.585985500132665],[2.585993600077927],1,1,2025-11-10_19h29.58.986,Intentional Binding,,2025.01.01,60.20719701,2025-11-10 19h30.07.139601 +0530
0.1,1000,exp,264,0,22,space,0.3182945,None,200,1,[2.8851084001362324],[2.885116600198671],22,0,264,6,1558.614638,,1558.600109,1558.614638,1559.613845,1559.613845,1559.613845,1559.949062,space,0.3182945,None,1559.950065,0.0990378,0.399457,1560.368546,1560.369496,1560.396429,1560.396429,1560.396429,1563.28183,200,1,[2.8851084001362324],[2.885116600198671],1,1,2025-11-10_19h29.58.986,Intentional Binding,,2025.01.01,60.20719701,2025-11-10 19h30.07.139601 +0530
0.7,1000,exp,265,1,22,space,0.4625297,None,400,1,[2.6693689001258463],[2.669379600090906],22,1,265,11,1563.298193,,1563.282049,1563.298193,1564.281239,1564.281239,1564.298229,1564.749669,space,0.4625297,None,1564.750587,0.7156776,1.015386,1565.780691,1565.781681,1565.796266,1565.796266,1565.796266,1568.465944,400,1,[2.6693689001258463],[2.669379600090906],1,1,2025-11-10_19h29.58.986,Intentional Binding,,2025.01.01,60.20719701,2025-11-10 19h30.07.139601 +0530
0.7,1000,exp,266,2,22,space,0.3784265,None,400,1,[2.1017248001880944],[2.101733700139448],22,2,266,8,1568.481266,,1568.466192,1568.481266,1569.481091,1569.481091,1569.481091,1569.865182,space,0.3784265,None,1569.866324,0.6997081,0.9996635,1570.880738,1570.88165,1570.896498,1570.896498,1570.896498,1572.998508,400,1,[2.1017248001880944],[2.101733700139448],1,1,2025-11-10_19h29.58.986,Intentional Binding,,2025.01.01,60.20719701,2025-11-10 19h30.07.139601 +0530
0.7,400,unexp,267,3,22,space,0.4906714,None,500,1,[2.1194075997918844],[2.1194187998771667],22,3,267,2,1573.014771,,1572.998738,1573.014771,1573.997887,1573.997887,1574.014541,1574.497966,space,0.4906714,None,1574.49887,0.6999279,1.000442,1575.506737,1575.507759,1575.529939,1575.529939,1575.529939,1577.64968,500,1,[2.1194075997918844],[2.1194187998771667],1,1,2025-11-10_19h29.58.986,Intentional Binding,,2025.01.01,60.20719701,2025-11-10 19h30.07.139601 +0530
0.1,1000,exp,268,4,22,space,0.3228336,None,200,1,[2.3844062997959554],[2.3844137999694794],22,4,268,3,1577.664287,,1577.649951,1577.664287,1578.664831,1578.664831,1578.664831,1578.998616,space,0.3228336,None,1578.999484,0.099555,0.3995306,1579.410422,1579.412055,1579.430078,1579.430078,1579.430078,1581.814751,200,1,[2.3844062997959554],[2.3844137999694794],1,1,2025-11-10_19h29.58.986,Intentional Binding,,2025.01.01,60.20719701,2025-11-10 19h30.07.139601 +0530
0.1,400,unexp,269,5,22,space,0.3762115,None,200,1,[1.9846608000807464],[1.9846685000229627],22,5,269,0,1581.830487,,1581.814948,1581.830487,1582.830069,1582.830069,1582.830069,1583.214823,space,0.3762115,None,1583.215899,0.0995299,0.3996543,1583.628524,1583.629916,1583.646544,1583.646544,1583.646544,1585.631475,200,1,[1.9846608000807464],[1.9846685000229627],1,1,2025-11-10_19h29.58.986,Intentional Binding,,2025.01.01,60.20719701,2025-11-10 19h30.07.139601 +0530
0.4,1000,exp,270,6,22,space,0.2945494,None,500,1,[2.151532200165093],[2.1515455001499504],22,6,270,7,1585.647855,,1585.631695,1585.647855,1586.631381,1586.631381,1586.647215,1586.93181,space,0.2945494,None,1586.933155,0.4157445,0.7174936,1587.660169,1587.661393,1587.679961,1587.679961,1587.679961,1589.831863,500,1,[2.151532200165093],[2.1515455001499504],1,1,2025-11-10_19h29.58.986,Intentional Binding,,2025.01.01,60.20719701,2025-11-10 19h30.07.139601 +0530
0.4,1000,exp,271,7,22,space,0.3251603,None,500,1,[2.1186091999989003],[2.118622399866581],22,7,271,4,1589.847513,,1589.83213,1589.847513,1590.831693,1590.831693,1590.847667,1591.164376,space,0.3251603,None,1591.165649,0.3998368,0.6999069,1591.877575,1591.878915,1591.896763,1591.896763,1591.896763,1594.015757,500,1,[2.1186091999989003],[2.118622399866581],1,1,2025-11-10_19h29.58.986,Intentional Binding,,2025.01.01,60.20719701,2025-11-10 19h30.07.139601 +0530
0.4,400,unexp,272,8,22,space,0.3041081,None,600,1,[2.050919899949804],[2.050929900025949],22,8,272,1,1594.030878,,1594.016044,1594.030878,1595.03081,1595.03081,1595.03081,1595.348534,space,0.3041081,None,1595.349492,0.4001195,0.7312369,1596.07998,1596.081108,1596.096803,1596.096803,1596.096803,1598.148021,600,1,[2.050919899949804],[2.050929900025949],1,1,2025-11-10_19h29.58.986,Intentional Binding,,2025.01.01,60.20719701,2025-11-10 19h30.07.139601 +0530
0.4,1000,exp,273,9,22,space,0.380461,None,400,1,[2.4834711998701096],[2.483482299838215],22,9,273,10,1598.164027,,1598.148284,1598.164027,1599.147363,1599.147363,1599.164982,1599.532279,space,0.380461,None,1599.533194,0.3996731,0.7309895,1600.26348,1600.264622,1600.280729,1600.280729,1600.280729,1602.76453,400,1,[2.4834711998701096],[2.483482299838215],1,1,2025-11-10_19h29.58.986,Intentional Binding,,2025.01.01,60.20719701,2025-11-10 19h30.07.139601 +0530
0.7,1000,exp,274,10,22,space,0.3543193,None,700,1,[2.552206699969247],[2.5522153000347316],22,10,274,5,1602.781264,,1602.76479,1602.781264,1603.764236,1603.764236,1603.781118,1604.130031,space,0.3543193,None,1604.130613,0.701432,1.0011817,1605.147464,1605.148394,1605.16245,1605.16245,1605.16245,1607.714925,700,1,[2.552206699969247],[2.5522153000347316],1,1,2025-11-10_19h29.58.986,Intentional Binding,,2025.01.01,60.20719701,2025-11-10 19h30.07.139601 +0530
0.1,1000,exp,275,11,22,space,0.3257028,None,400,1,[2.6021751000080258],[2.6021841999609023],22,11,275,9,1607.730846,,1607.715337,1607.730846,1608.713908,1608.713908,1608.731209,1609.049044,space,0.3257028,None,1609.050194,0.1146792,0.4152216,1609.477203,1609.479486,1609.495884,1609.495884,1609.495884,1612.098373,400,1,[2.6021751000080258],[2.6021841999609023],1,1,2025-11-10_19h29.58.986,Intentional Binding,,2025.01.01,60.20719701,2025-11-10 19h30.07.139601 +0530
0.7,400,unexp,276,0,23,space,0.2920337,None,300,1,[2.75201000017114],[2.752017900114879],23,0,276,2,1612.113788,,1612.098609,1612.113788,1613.097328,1613.097328,1613.114256,1613.39733,space,0.2920337,None,1613.398054,0.6998825,0.9990742,1614.407403,1614.408092,1614.428485,1614.428485,1614.428485,1617.18075,300,1,[2.75201000017114],[2.752017900114879],1,1,2025-11-10_19h29.58.986,Intentional Binding,,2025.01.01,60.20719701,2025-11-10 19h30.07.139601 +0530
0.1,1000,exp,277,1,23,space,0.3238634,None,200,1,[2.3849730999208987],[2.384988799924031],23,1,277,6,1617.197531,,1617.180956,1617.197531,1618.180648,1618.180648,1618.197574,1618.514433,space,0.3238634,None,1618.515797,0.115075,0.4165991,1618.938688,1618.939957,1618.962465,1618.962465,1618.962465,1621.347873,200,1,[2.3849730999208987],[2.384988799924031],1,1,2025-11-10_19h29.58.986,Intentional Binding,,2025.01.01,60.20719701,2025-11-10 19h30.07.139601 +0530
0.7,1000,exp,278,2,23,space,0.6155325,None,200,1,[2.6687608000356704],[2.668771200114861],23,2,278,11,1621.363933,,1621.348265,1621.363933,1622.348004,1622.348004,1622.364136,1622.965495,space,0.6155325,None,1622.966666,0.715592,1.0156905,1623.996618,1623.997575,1624.012362,1624.012362,1624.012362,1626.681461,200,1,[2.6687608000356704],[2.668771200114861],1,1,2025-11-10_19h29.58.986,Intentional Binding,,2025.01.01,60.20719701,2025-11-10 19h30.07.139601 +0530
0.4,400,unexp,279,3,23,space,0.4587776,None,400,1,[2.4679950999561697],[2.4680049000307918],23,3,279,1,1626.696785,,1626.681714,1626.696785,1627.697153,1627.697153,1627.697153,1628.164074,space,0.4587776,None,1628.164853,0.3997553,0.6994281,1628.877526,1628.878883,1628.895618,1628.895618,1628.895618,1631.363939,400,1,[2.4679950999561697],[2.4680049000307918],1,1,2025-11-10_19h29.58.986,Intentional Binding,,2025.01.01,60.20719701,2025-11-10 19h30.07.139601 +0530
0.4,1000,exp,280,4,23,space,6.1730536,None,500,1,[1.9511391001287848],[1.9511522999964654],23,4,280,10,1631.380095,,1631.364233,1631.380095,1632.363751,1632.363751,1632.380872,1638.547324,space,6.1730536,None,1638.548271,0.3994064,0.6996865,1639.258788,1639.260344,1639.27963,1639.27963,1639.27963,1641.231163,500,1,[1.9511391001287848],[1.9511522999964654],1,1,2025-11-10_19h29.58.986,Intentional Binding,,2025.01.01,60.20719701,2025-11-10 19h30.07.139601 +0530
0.7,1000,exp,281,5,23,space,2.8502277,None,600,1,[2.133580399909988],[2.1335860998369753],23,5,281,5,1641.247441,,1641.231446,1641.247441,1642.230843,1642.230843,1642.247021,1645.081518,space,2.8502277,None,1645.082311,0.7004359,1.0299351,1646.111582,1646.11232,1646.129588,1646.129588,1646.129588,1648.26337,600,1,[2.133580399909988],[2.1335860998369753],1,1,2025-11-10_19h29.58.986,Intentional Binding,,2025.01.01,60.20719701,2025-11-10 19h30.07.139601 +0530
0.1,400,unexp,282,6,23,space,0.2842633,None,400,1,[3.151881800033152],[3.1518903002142906],23,6,282,0,1648.279616,,1648.263546,1648.279616,1649.263375,1649.263375,1649.280027,1649.563728,space,0.2842633,None,1649.564633,0.0999483,0.4009395,1649.976983,1649.97847,1649.995435,1649.995435,1649.995435,1653.147671,400,1,[3.151881800033152],[3.1518903002142906],1,1,2025-11-10_19h29.58.986,Intentional Binding,,2025.01.01,60.20719701,2025-11-10 19h30.07.139601 +0530
0.1,1000,exp,283,7,23,space,0.4205575,None,200,1,[2.08420590008609],[2.084216099930927],23,7,283,3,1653.16341,,1653.147894,1653.16341,1654.163736,1654.163736,1654.163736,1654.595934,space,0.4205575,None,1654.596398,0.0994022,0.4007655,1655.007182,1655.008614,1655.028955,1655.028955,1655.028955,1657.113482,200,1,[2.08420590008609],[2.084216099930927],1,1,2025-11-10_19h29.58.986,Intentional Binding,,2025.01.01,60.20719701,2025-11-10 19h30.07.139601 +0530
0.7,1000,exp,284,8,23,space,0.3099322,None,800,1,[2.56800359999761],[2.568013000069186],23,8,284,8,1657.130863,,1657.113735,1657.130863,1658.113636,1658.113636,1658.130563,1658.431278,space,0.3099322,None,1658.432245,0.7154727,1.0158112,1659.459912,1659.461237,1659.478938,1659.478938,1659.478938,1662.047223,800,1,[2.56800359999761],[2.568013000069186],1,1,2025-11-10_19h29.58.986,Intentional Binding,,2025.01.01,60.20719701,2025-11-10 19h30.07.139601 +0530
0.4,1000,exp,285,9,23,space,0.2987645,None,700,1,[2.652128500165418],[2.652138900011778],23,9,285,7,1662.063573,,1662.047463,1662.063573,1663.063688,1663.063688,1663.063688,1663.363594,space,0.2987645,None,1663.364524,0.3995075,0.7009388,1664.080101,1664.080637,1664.095026,1664.095026,1664.095026,1666.747491,700,1,[2.652128500165418],[2.652138900011778],1,1,2025-11-10_19h29.58.986,Intentional Binding,,2025.01.01,60.20719701,2025-11-10 19h30.07.139601 +0530
0.4,1000,exp,286,10,23,space,0.3050064,None,500,1,[2.4020368000492454],[2.402047600131482],23,10,286,4,1666.763109,,1666.747726,1666.763109,1667.747121,1667.747121,1667.762785,1668.063488,space,0.3050064,None,1668.064548,0.3995279,0.6999674,1668.780281,1668.781199,1668.794708,1668.794708,1668.794708,1671.197092,500,1,[2.4020368000492454],[2.402047600131482],1,1,2025-11-10_19h29.58.986,Intentional Binding,,2025.01.01,60.20719701,2025-11-10 19h30.07.139601 +0530
0.1,1000,exp,287,11,23,space,0.3434465,None,400,1,[2.601481799967587],[2.6014917998109013],23,11,287,9,1671.213004,,1671.19738,1671.213004,1672.196739,1672.196739,1672.212906,1672.547207,space,0.3434465,None,1672.548342,0.0990086,0.3981962,1672.957099,1672.957568,1672.978159,1672.978159,1672.978159,1675.579981,400,1,[2.601481799967587],[2.6014917998109013],1,1,2025-11-10_19h29.58.986,Intentional Binding,,2025.01.01,60.20719701,2025-11-10 19h30.07.139601 +0530
0.4,400,unexp,288,0,24,space,0.9509894,None,500,1,[2.602166699944064],[2.6021781000308692],24,0,288,1,1675.595588,,1675.58029,1675.595588,1676.596324,1676.596324,1676.596324,1677.547893,space,0.9509894,None,1677.548954,0.4149948,0.7148296,1678.281417,1678.282436,1678.295064,1678.295064,1678.295064,1680.897621,500,1,[2.602166699944064],[2.6021781000308692],1,1,2025-11-10_19h29.58.986,Intentional Binding,,2025.01.01,60.20719701,2025-11-10 19h30.07.139601 +0530
0.1,1000,exp,289,1,24,space,0.2933007,None,300,1,[2.768455799901858],[2.768465999979526],24,1,289,9,1680.912671,,1680.897886,1680.912671,1681.912939,1681.912939,1681.912939,1682.213455,space,0.2933007,None,1682.214529,0.0998364,0.3996075,1682.626835,1682.628215,1682.644852,1682.644852,1682.644852,1685.413766,300,1,[2.768455799901858],[2.768465999979526],1,1,2025-11-10_19h29.58.986,Intentional Binding,,2025.01.01,60.20719701,2025-11-10 19h30.07.139601 +0530
0.1,1000,exp,290,2,24,space,0.2855371,None,200,1,[2.5184064998757094],[2.518415599828586],24,2,290,6,1685.429307,,1685.41401,1685.429307,1686.41376,1686.41376,1686.430474,1686.713171,space,0.2855371,None,1686.714094,0.1003462,0.3995503,1687.128625,1687.130073,1687.144158,1687.144158,1687.144158,1689.662848,200,1,[2.5184064998757094],[2.518415599828586],1,1,2025-11-10_19h29.58.986,Intentional Binding,,2025.01.01,60.20719701,2025-11-10 19h30.07.139601 +0530
0.7,400,unexp,291,3,24,space,0.3473376,None,400,1,[2.402269200189039],[2.4022805001586676],24,3,291,2,1689.679116,,1689.663077,1689.679116,1690.678092,1690.678092,1690.678092,1691.030357,space,0.3473376,None,1691.031168,0.7000793,1.0301846,1692.060684,1692.061381,1692.078405,1692.078405,1692.078405,1694.481003,400,1,[2.402269200189039],[2.4022805001586676],1,1,2025-11-10_19h29.58.986,Intentional Binding,,2025.01.01,60.20719701,2025-11-10 19h30.07.139601 +0530
0.4,1000,exp,292,4,24,space,0.3235003,None,400,1,[2.3848134998697788],[2.384822800057009],24,4,292,4,1694.496024,,1694.481279,1694.496024,1695.496117,1695.496117,1695.496117,1695.829603,space,0.3235003,None,1695.830376,0.3994956,0.6998395,1696.545622,1696.546538,1696.561009,1696.561009,1696.561009,1698.94613,400,1,[2.3848134998697788],[2.384822800057009],1,1,2025-11-10_19h29.58.986,Intentional Binding,,2025.01.01,60.20719701,2025-11-10 19h30.07.139601 +0530
0.7,1000,exp,293,5,24,space,0.3850447,None,300,1,[4.501195800025016],[4.501204899977893],24,5,293,5,1698.961513,,1698.946351,1698.961513,1699.946682,1699.946682,1699.962603,1700.346388,space,0.3850447,None,1700.347305,0.7151766,1.0158429,1701.376518,1701.377741,1701.394743,1701.394743,1701.394743,1705.896235,300,1,[4.501195800025016],[4.501204899977893],1,1,2025-11-10_19h29.58.986,Intentional Binding,,2025.01.01,60.20719701,2025-11-10 19h30.07.139601 +0530
0.4,1000,exp,294,6,24,space,0.4400593,None,600,1,[2.185061200056225],[2.1850745000410825],24,6,294,7,1705.912549,,1705.89648,1705.912549,1706.895415,1706.895415,1706.912313,1707.345001,space,0.4400593,None,1707.345597,0.4017708,0.7175375,1708.069699,1708.070662,1708.094517,1708.094517,1708.094517,1710.279897,600,1,[2.185061200056225],[2.1850745000410825],1,1,2025-11-10_19h29.58.986,Intentional Binding,,2025.01.01,60.20719701,2025-11-10 19h30.07.139601 +0530
0.7,1000,exp,295,7,24,space,0.3764931,None,700,1,[2.1858216000255197],[2.1858347000088543],24,7,295,8,1710.29559,,1710.280129,1710.29559,1711.295801,1711.295801,1711.295801,1711.679636,space,0.3764931,None,1711.680556,0.7001723,0.9998974,1712.697252,1712.698159,1712.710733,1712.710733,1712.710733,1714.896948,700,1,[2.1858216000255197],[2.1858347000088543],1,1,2025-11-10_19h29.58.986,Intentional Binding,,2025.01.01,60.20719701,2025-11-10 19h30.07.139601 +0530
0.1,1000,exp,296,8,24,space,0.4047908,None,500,1,[2.7845779999624938],[2.7845890999305993],24,8,296,3,1714.911995,,1714.897255,1714.911995,1715.911346,1715.911346,1715.911346,1716.330496,space,0.4047908,None,1716.331489,0.1150585,0.415245,1716.758616,1716.759976,1716.778011,1716.778011,1716.778011,1719.562905,500,1,[2.7845779999624938],[2.7845890999305993],1,1,2025-11-10_19h29.58.986,Intentional Binding,,2025.01.01,60.20719701,2025-11-10 19h30.07.139601 +0530
0.7,1000,exp,297,9,24,space,0.3648156,None,800,1,[2.3348437999375165],[2.334850599989295],24,9,297,11,1719.579192,,1719.563148,1719.579192,1720.579887,1720.579887,1720.579887,1720.945992,space,0.3648156,None,1720.946969,0.6999813,0.9998434,1721.95934,1721.960949,1721.977205,1721.977205,1721.977205,1724.312255,800,1,[2.3348437999375165],[2.334850599989295],1,1,2025-11-10_19h29.58.986,Intentional Binding,,2025.01.01,60.20719701,2025-11-10 19h30.07.139601 +0530
0.1,400,unexp,298,10,24,space,0.3921713,None,200,1,[2.901629700092599],[2.9016406999435276],24,10,298,0,1724.328353,,1724.312404,1724.328353,1725.312135,1725.312135,1725.329031,1725.712597,space,0.3921713,None,1725.713468,0.0994382,0.3999462,1726.130534,1726.131469,1726.143879,1726.143879,1726.143879,1729.045826,200,1,[2.901629700092599],[2.9016406999435276],1,1,2025-11-10_19h29.58.986,Intentional Binding,,2025.01.01,60.20719701,2025-11-10 19h30.07.139601 +0530
0.4,1000,exp,299,11,24,space,0.3736125,None,500,1,[2.2477363001089543],[2.2477461001835763],24,11,299,10,1729.061908,,1729.046072,1729.061908,1730.04549,1730.04549,1730.062171,1730.430245,space,0.3736125,None,1730.431283,0.3996021,0.701925,1731.145682,1731.1465,1731.164361,1731.164361,1731.164361,1733.412446,500,1,[2.2477363001089543],[2.2477461001835763],1,1,2025-11-10_19h29.58.986,Intentional Binding,,2025.01.01,60.20719701,2025-11-10 19h30.07.139601 +0530
0.7,1000,exp,300,0,25,space,0.38835,None,900,1,[2.0344976999331266],[2.0345099999103695],25,0,300,5,1733.429019,,1733.412679,1733.429019,1734.428863,1734.428863,1734.428863,1734.827921,space,0.38835,None,1734.828537,0.7017157,1.0010954,1735.835714,1735.836413,1735.860761,1735.860761,1735.860761,1737.895607,900,1,[2.0344976999331266],[2.0345099999103695],1,1,2025-11-10_19h29.58.986,Intentional Binding,,2025.01.01,60.20719701,2025-11-10 19h30.07.139601 +0530
0.1,1000,exp,301,1,25,space,0.4124529,None,300,1,[2.7519461000338197],[2.751954800216481],25,1,301,3,1737.911317,,1737.895807,1737.911317,1738.895438,1738.895438,1738.911816,1739.313283,space,0.4124529,None,1739.314258,0.1163499,0.4161822,1739.747645,1739.748652,1739.760191,1739.760191,1739.760191,1742.512402,300,1,[2.7519461000338197],[2.751954800216481],1,1,2025-11-10_19h29.58.986,Intentional Binding,,2025.01.01,60.20719701,2025-11-10 19h30.07.139601 +0530
0.7,1000,exp,302,2,25,space,0.2885946,None,900,1,[2.351685900008306],[2.3517059998121113],25,2,302,8,1742.528485,,1742.512619,1742.528485,1743.511715,1743.511715,1743.529107,1743.812196,space,0.2885946,None,1743.813322,0.699259,1.0007981,1744.826852,1744.828189,1744.843454,1744.843454,1744.843454,1747.19561,900,1,[2.351685900008306],[2.3517059998121113],1,1,2025-11-10_19h29.58.986,Intentional Binding,,2025.01.01,60.20719701,2025-11-10 19h30.07.139601 +0530
0.4,1000,exp,303,3,25,space,0.3287889,None,300,1,[2.518602600088343],[2.5186137000564486],25,3,303,10,1747.211497,,1747.19586,1747.211497,1748.195173,1748.195173,1748.211665,1748.529975,space,0.3287889,None,1748.531436,0.4152229,0.7151393,1749.260124,1749.261122,1749.276973,1749.276973,1749.276973,1751.795875,300,1,[2.518602600088343],[2.5186137000564486],1,1,2025-11-10_19h29.58.986,Intentional Binding,,2025.01.01,60.20719701,2025-11-10 19h30.07.139601 +0530
0.4,1000,exp,304,4,25,space,0.3009338,None,600,1,[2.484694599872455],[2.484712499892339],25,4,304,7,1751.811564,,1751.796092,1751.811564,1752.795364,1752.795364,1752.812022,1753.112226,space,0.3009338,None,1753.113221,0.4001286,0.7306942,1753.843064,1753.843747,1753.860554,1753.860554,1753.860554,1756.34567,600,1,[2.484694599872455],[2.484712499892339],1,1,2025-11-10_19h29.58.986,Intentional Binding,,2025.01.01,60.20719701,2025-11-10 19h30.07.139601 +0530
0.4,1000,exp,305,5,25,space,0.2901574,None,700,1,[2.334276400040835],[2.334287300007418],25,5,305,4,1756.361486,,1756.345918,1756.361486,1757.345163,1757.345163,1757.361885,1757.645748,space,0.2901574,None,1757.646642,0.4149595,0.7158474,1758.380306,1758.381284,1758.393912,1758.393912,1758.393912,1760.728504,700,1,[2.334276400040835],[2.334287300007418],1,1,2025-11-10_19h29.58.986,Intentional Binding,,2025.01.01,60.20719701,2025-11-10 19h30.07.139601 +0530
0.1,1000,exp,306,6,25,space,0.3002362,None,500,1,[2.653430099831894],[2.6534453998319805],25,6,306,9,1760.744914,,1760.728815,1760.744914,1761.728346,1761.728346,1761.74559,1762.04418,space,0.3002362,None,1762.044782,0.1017574,0.4163309,1762.470356,1762.471128,1762.492975,1762.492975,1762.492975,1765.14685,500,1,[2.653430099831894],[2.6534453998319805],1,1,2025-11-10_19h29.58.986,Intentional Binding,,2025.01.01,60.20719701,2025-11-10 19h30.07.139601 +0530
0.4,400,unexp,307,7,25,space,0.4505955,None,200,1,[2.535408499883488],[2.5354194999672472],25,7,307,1,1765.161163,,1765.147232,1765.161163,1766.161199,1766.161199,1766.161199,1766.612595,space,0.4505955,None,1766.613434,0.3998665,0.7305364,1767.343315,1767.344058,1767.360434,1767.360434,1767.360434,1769.896223,200,1,[2.535408499883488],[2.5354194999672472],1,1,2025-11-10_19h29.58.986,Intentional Binding,,2025.01.01,60.20719701,2025-11-10 19h30.07.139601 +0530
0.7,400,unexp,308,8,25,space,0.3379299,None,800,1,[2.4178312001749873],[2.417840300127864],25,8,308,2,1769.910776,,1769.89648,1769.910776,1770.911874,1770.911874,1770.911874,1771.261762,space,0.3379299,None,1771.262468,0.6991335,1.0003879,1772.280397,1772.281811,1772.310553,1772.310553,1772.310553,1774.728695,800,1,[2.4178312001749873],[2.417840300127864],1,1,2025-11-10_19h29.58.986,Intentional Binding,,2025.01.01,60.20719701,2025-11-10 19h30.07.139601 +0530
0.1,1000,exp,309,9,25,space,0.2834299,None,100,1,[4.4016283000819385],[4.401640800060704],25,9,309,6,1774.7445,,1774.728923,1774.7445,1775.744527,1775.744527,1775.744527,1776.029579,space,0.2834299,None,1776.03062,0.0996522,0.4301753,1776.459949,1776.461154,1776.477295,1776.477295,1776.477295,1780.879247,100,1,[4.4016283000819385],[4.401640800060704],1,1,2025-11-10_19h29.58.986,Intentional Binding,,2025.01.01,60.20719701,2025-11-10 19h30.07.139601 +0530
0.1,400,unexp,310,10,25,space,0.5590935,None,100,1,[3.017968100029975],[3.017976300092414],25,10,310,0,1780.8942,,1780.879492,1780.8942,1781.894312,1781.894312,1781.894312,1782.461324,space,0.5590935,None,1782.462186,0.0997862,0.3994027,1782.876746,1782.878049,1782.89334,1782.89334,1782.89334,1785.911578,100,1,[3.017968100029975],[3.017976300092414],1,1,2025-11-10_19h29.58.986,Intentional Binding,,2025.01.01,60.20719701,2025-11-10 19h30.07.139601 +0530
0.7,1000,exp,311,11,25,space,0.2745896,None,400,1,[2.618591499980539],[2.618625700008124],25,11,311,11,1785.927877,,1785.911776,1785.927877,1786.910962,1786.910962,1786.927671,1787.195828,space,0.2745896,None,1787.197209,0.6995212,0.9984728,1788.210444,1788.211359,1788.226311,1788.226311,1788.226311,1790.845265,400,1,[2.618591499980539],[2.618625700008124],1,1,2025-11-10_19h29.58.986,Intentional Binding,,2025.01.01,60.20719701,2025-11-10 19h30.07.139601 +0530
0.7,1000,exp,312,0,26,space,0.3374794,None,500,1,[2.551732099847868],[2.5517472999636084],26,0,312,11,1790.860891,,1790.845473,1790.860891,1791.843437,1791.843437,1791.861442,1792.195878,space,0.3374794,None,1792.197104,0.7144505,1.0151478,1793.226369,1793.227389,1793.243439,1793.243439,1793.243439,1795.795554,500,1,[2.551732099847868],[2.5517472999636084],1,1,2025-11-10_19h29.58.986,Intentional Binding,,2025.01.01,60.20719701,2025-11-10 19h30.07.139601 +0530
0.1,400,unexp,313,1,26,space,0.2810171,None,300,1,[3.501836400013417],[3.501846699975431],26,1,313,0,1795.810543,,1795.795819,1795.810543,1796.811456,1796.811456,1796.811456,1797.094636,space,0.2810171,None,1797.095949,0.09981,0.3995694,1797.507241,1797.508622,1797.52637,1797.52637,1797.52637,1801.028543,300,1,[3.501836400013417],[3.501846699975431],1,1,2025-11-10_19h29.58.986,Intentional Binding,,2025.01.01,60.20719701,2025-11-10 19h30.07.139601 +0530
0.1,1000,exp,314,2,26,space,3.8490252,None,300,1,[2.8680573999881744],[2.868064400041476],26,2,314,6,1801.044198,,1801.028786,1801.044198,1802.0444,1802.0444,1802.0444,1805.895288,space,3.8490252,None,1805.896336,0.1001431,0.399677,1806.307694,1806.309373,1806.326369,1806.326369,1806.326369,1809.194711,300,1,[2.8680573999881744],[2.868064400041476],1,1,2025-11-10_19h29.58.986,Intentional Binding,,2025.01.01,60.20719701,2025-11-10 19h30.07.139601 +0530
0.4,400,unexp,315,3,26,space,0.1294899,None,100,1,[4.401423600036651],[4.401439500041306],26,3,315,1,1809.211009,,1809.195059,1809.211009,1810.194017,1810.194017,1810.211039,1810.328441,space,0.1294899,None,1810.32936,0.414619,0.7156763,1811.059144,1811.060421,1811.075991,1811.075991,1811.075991,1815.477771,100,1,[4.401423600036651],[4.401439500041306],1,1,2025-11-10_19h29.58.986,Intentional Binding,,2025.01.01,60.20719701,2025-11-10 19h30.07.139601 +0530
0.4,1000,exp,316,4,26,space,0.4400836,None,300,1,[3.6844925000332296],[3.6845065001398325],26,4,316,10,1815.493877,,1815.478168,1815.493877,1816.477487,1816.477487,1816.494389,1816.927777,space,0.4400836,None,1816.928655,0.3993704,0.700054,1817.638921,1817.640248,1817.659718,1817.659718,1817.659718,1821.344711,300,1,[3.6844925000332296],[3.6845065001398325],1,1,2025-11-10_19h29.58.986,Intentional Binding,,2025.01.01,60.20719701,2025-11-10 19h30.07.139601 +0530
0.1,1000,exp,317,5,26,space,1.254099,None,100,1,[2.517966300016269],[2.517975600203499],26,5,317,9,1821.361264,,1821.345307,1821.361264,1822.361049,1822.361049,1822.377244,1823.628014,space,1.254099,None,1823.628877,0.0992322,0.3987757,1824.03946,1824.04151,1824.058907,1824.058907,1824.058907,1826.577221,100,1,[2.517966300016269],[2.517975600203499],1,1,2025-11-10_19h29.58.986,Intentional Binding,,2025.01.01,60.20719701,2025-11-10 19h30.07.139601 +0530
0.4,1000,exp,318,6,26,space,0.5394002,None,200,1,[1.9186903999652714],[1.9186993998009712],26,6,318,7,1826.593519,,1826.577443,1826.593519,1827.592757,1827.592757,1827.592757,1828.144662,space,0.5394002,None,1828.145988,0.3997733,0.6987787,1828.85594,1828.857223,1828.875696,1828.875696,1828.875696,1830.794658,200,1,[1.9186903999652714],[1.9186993998009712],1,1,2025-11-10_19h29.58.986,Intentional Binding,,2025.01.01,60.20719701,2025-11-10 19h30.07.139601 +0530
0.7,1000,exp,319,7,26,space,0.415005,None,500,1,[2.3516290998086333],[2.351636999985203],26,7,319,5,1830.810246,,1830.795139,1830.810246,1831.809624,1831.809624,1831.809624,1832.227631,space,0.415005,None,1832.228491,0.7001789,0.9996202,1833.245988,1833.246859,1833.259058,1833.259058,1833.259058,1835.610955,500,1,[2.3516290998086333],[2.351636999985203],1,1,2025-11-10_19h29.58.986,Intentional Binding,,2025.01.01,60.20719701,2025-11-10 19h30.07.139601 +0530
0.1,1000,exp,320,8,26,space,0.2995491,None,100,1,[2.918788200011477],[2.918798000086099],26,8,320,3,1835.627258,,1835.611168,1835.627258,1836.610464,1836.610464,1836.628239,1836.910778,space,0.2995491,None,1836.912245,0.100175,0.3997156,1837.327621,1837.328562,1837.342029,1837.342029,1837.342029,1840.26112,100,1,[2.918788200011477],[2.918798000086099],1,1,2025-11-10_19h29.58.986,Intentional Binding,,2025.01.01,60.20719701,2025-11-10 19h30.07.139601 +0530
0.7,400,unexp,321,9,26,space,0.4218441,None,400,1,[2.385016300017014],[2.3850257999729365],26,9,321,2,1840.277988,,1840.261371,1840.277988,1841.260809,1841.260809,1841.276969,1841.694405,space,0.4218441,None,1841.695694,0.6997014,0.9994707,1842.709898,1842.710931,1842.725234,1842.725234,1842.725234,1845.110555,400,1,[2.385016300017014],[2.3850257999729365],1,1,2025-11-10_19h29.58.986,Intentional Binding,,2025.01.01,60.20719701,2025-11-10 19h30.07.139601 +0530
0.4,1000,exp,322,10,26,space,0.2736936,None,200,1,[2.202813300071284],[2.202829899964854],26,10,322,4,1845.126745,,1845.110818,1845.126745,1846.110292,1846.110292,1846.126634,1846.393797,space,0.2736936,None,1846.395056,0.4012742,0.7002268,1847.107051,1847.108464,1847.125107,1847.125107,1847.125107,1849.328383,200,1,[2.202813300071284],[2.202829899964854],1,1,2025-11-10_19h29.58.986,Intentional Binding,,2025.01.01,60.20719701,2025-11-10 19h30.07.139601 +0530
0.7,1000,exp,323,11,26,space,0.3753794,None,500,1,[2.16754399985075],[2.167553399922326],26,11,323,8,1849.343451,,1849.328764,1849.343451,1850.343762,1850.343762,1850.343762,1850.726092,space,0.3753794,None,1850.726718,0.7006495,1.0010799,1851.738704,1851.74014,1851.759102,1851.759102,1851.759102,1853.926934,500,1,[2.16754399985075],[2.167553399922326],1,1,2025-11-10_19h29.58.986,Intentional Binding,,2025.01.01,60.20719701,2025-11-10 19h30.07.139601 +0530
0.7,400,unexp,324,0,27,space,0.4255033,None,600,1,[2.2514601999428123],[2.251468400005251],27,0,324,2,1853.943385,,1853.927161,1853.943385,1854.926188,1854.926188,1854.942521,1855.3607,space,0.4255033,None,1855.361692,0.6990359,0.9994377,1856.366667,1856.367368,1856.392157,1856.392157,1856.392157,1858.643896,600,1,[2.2514601999428123],[2.251468400005251],1,1,2025-11-10_19h29.58.986,Intentional Binding,,2025.01.01,60.20719701,2025-11-10 19h30.07.139601 +0530
0.1,400,unexp,325,1,27,space,0.2901494,None,100,1,[2.7187529001384974],[2.7187624000944197],27,1,325,0,1858.660304,,1858.644125,1858.660304,1859.643038,1859.643038,1859.660883,1859.943027,space,0.2901494,None,1859.943624,0.0992375,0.4003693,1860.359746,1860.360655,1860.37495,1860.37495,1860.37495,1863.094062,100,1,[2.7187529001384974],[2.7187624000944197],1,1,2025-11-10_19h29.58.986,Intentional Binding,,2025.01.01,60.20719701,2025-11-10 19h30.07.139601 +0530
0.7,1000,exp,326,2,27,space,0.9544012,None,600,1,[3.418837299803272],[3.418846699874848],27,2,326,11,1863.110465,,1863.094296,1863.110465,1864.093532,1864.093532,1864.110501,1865.060519,space,0.9544012,None,1865.06136,0.6995984,0.999905,1866.075838,1866.076796,1866.091555,1866.091555,1866.091555,1869.510695,600,1,[3.418837299803272],[3.418846699874848],1,1,2025-11-10_19h29.58.986,Intentional Binding,,2025.01.01,60.20719701,2025-11-10 19h30.07.139601 +0530
0.4,1000,exp,327,3,27,space,0.6149532,None,300,1,[2.835464800009504],[2.835475099971518],27,3,327,4,1869.526451,,1869.510933,1869.526451,1870.52695,1870.52695,1870.52695,1871.143649,space,0.6149532,None,1871.144818,0.3996343,0.7008671,1871.859214,1871.8602,1871.875255,1871.875255,1871.875255,1874.711077,300,1,[2.835464800009504],[2.835475099971518],1,1,2025-11-10_19h29.58.986,Intentional Binding,,2025.01.01,60.20719701,2025-11-10 19h30.07.139601 +0530
0.1,1000,exp,328,4,27,space,3.2317281,None,100,1,[1.8523342001717538],[1.852344400016591],27,4,328,3,1874.726058,,1874.71133,1874.726058,1875.726398,1875.726398,1875.726398,1878.960086,space,3.2317281,None,1878.960978,0.1000243,0.4002424,1879.375655,1879.376704,1879.391529,1879.391529,1879.391529,1881.244171,100,1,[1.8523342001717538],[1.852344400016591],1,1,2025-11-10_19h29.58.986,Intentional Binding,,2025.01.01,60.20719701,2025-11-10 19h30.07.139601 +0530
0.4,1000,exp,329,5,27,space,1.3503159,None,300,1,[3.9181166000198573],[3.918127099983394],27,5,329,10,1881.260096,,1881.244393,1881.260096,1882.25945,1882.25945,1882.25945,1883.626863,space,1.3503159,None,1883.627922,0.3991465,0.6995912,1884.340509,1884.341669,1884.358433,1884.358433,1884.358433,1888.276848,300,1,[3.9181166000198573],[3.918127099983394],1,1,2025-11-10_19h29.58.986,Intentional Binding,,2025.01.01,60.20719701,2025-11-10 19h30.07.139601 +0530
0.4,1000,exp,330,6,27,space,0.3285312,None,400,1,[0.8185086001176387],[0.8185193999670446],27,6,330,7,1888.292751,,1888.277065,1888.292751,1889.276705,1889.276705,1889.292945,1889.610645,space,0.3285312,None,1889.611539,0.3990224,0.6988612,1890.319298,1890.320706,1890.341264,1890.341264,1890.341264,1891.160091,,1,[0.8185086001176387],[0.8185193999670446],1,1,2025-11-10_19h29.58.986,Intentional Binding,,2025.01.01,60.20719701,2025-11-10 19h30.07.139601 +0530
0.7,1000,exp,331,7,27,space,1.0535342,None,300,1,[2.4028692999854684],[2.4028789999429137],27,7,331,5,1891.176694,,1891.160364,1891.176694,1892.176271,1892.176271,1892.176271,1893.24205,space,1.0535342,None,1893.24261,0.700397,1.0008423,1894.258653,1894.259551,1894.274046,1894.274046,1894.274046,1896.677208,300,1,[2.4028692999854684],[2.4028789999429137],1,1,2025-11-10_19h29.58.986,Intentional Binding,,2025.01.01,60.20719701,2025-11-10 19h30.07.139601 +0530
0.7,1000,exp,332,8,27,space,1.2405221,None,500,1,[2.2500351001508534],[2.2500434999819845],27,8,332,8,1896.692812,,1896.677446,1896.692812,1897.675878,1897.675878,1897.692782,1898.926271,space,1.2405221,None,1898.927149,0.7009291,1.0314942,1899.957965,1899.958964,1899.97604,1899.97604,1899.97604,1902.226373,500,1,[2.2500351001508534],[2.2500434999819845],1,1,2025-11-10_19h29.58.986,Intentional Binding,,2025.01.01,60.20719701,2025-11-10 19h30.07.139601 +0530
0.1,1000,exp,333,9,27,space,1.1545951,None,200,1,[1.7853278999682516],[1.7853365000337362],27,9,333,6,1902.242266,,1902.226655,1902.242266,1903.226789,1903.226789,1903.242731,1904.393004,space,1.1545951,None,1904.394072,0.0998041,0.3994735,1904.810208,1904.811106,1904.824035,1904.824035,1904.824035,1906.609628,200,1,[1.7853278999682516],[1.7853365000337362],1,1,2025-11-10_19h29.58.986,Intentional Binding,,2025.01.01,60.20719701,2025-11-10 19h30.07.139601 +0530
0.4,400,unexp,334,10,27,space,0.4890129,None,300,1,[1.8518848998937756],[1.8518942000810057],27,10,334,1,1906.625583,,1906.609958,1906.625583,1907.609343,1907.609343,1907.626394,1908.111403,space,0.4890129,None,1908.11226,0.4144248,0.7140769,1908.837781,1908.839301,1908.858146,1908.858146,1908.858146,1910.710343,300,1,[1.8518848998937756],[1.8518942000810057],1,1,2025-11-10_19h29.58.986,Intentional Binding,,2025.01.01,60.20719701,2025-11-10 19h30.07.139601 +0530
0.1,1000,exp,335,11,27,space,0.3238098,None,200,1,[1.8020744000095874],[1.8020848999731243],27,11,335,9,1910.725595,,1910.710734,1910.725595,1911.710108,1911.710108,1911.726475,1912.042339,space,0.3238098,None,1912.043153,0.1007564,0.4001319,1912.457017,1912.458516,1912.474288,1912.474288,1912.474288,1914.276752,200,1,[1.8020744000095874],[1.8020848999731243],1,1,2025-11-10_19h29.58.986,Intentional Binding,,2025.01.01,60.20719701,2025-11-10 19h30.07.139601 +0530
0.4,1000,exp,336,0,28,space,0.2807627,None,300,1,[1.9020484001375735],[1.9020575999747962],28,0,336,10,1914.292397,,1914.277081,1914.292397,1915.2757,1915.2757,1915.292491,1915.559425,space,0.2807627,None,1915.56038,0.3997148,0.698827,1916.276274,1916.277359,1916.290353,1916.290353,1916.290353,1918.192709,300,1,[1.9020484001375735],[1.9020575999747962],1,1,2025-11-10_19h29.58.986,Intentional Binding,,2025.01.01,60.20719701,2025-11-10 19h30.07.139601 +0530
0.7,1000,exp,337,1,28,space,0.2703509,None,500,1,[1.718448700150475],[1.7184586999937892],28,1,337,11,1918.209162,,1918.192999,1918.209162,1919.192693,1919.192693,1919.210156,1919.476327,space,0.2703509,None,1919.47739,0.7015958,1.0322803,1920.508862,1920.510358,1920.541232,1920.541232,1920.541232,1922.260029,500,1,[1.718448700150475],[1.7184586999937892],1,1,2025-11-10_19h29.58.986,Intentional Binding,,2025.01.01,60.20719701,2025-11-10 19h30.07.139601 +0530
0.7,400,unexp,338,2,28,space,0.800975,None,700,1,[2.1850277001503855],[2.185040900018066],28,2,338,2,1922.275683,,1922.260267,1922.275683,1923.275485,1923.275485,1923.275485,1924.076978,space,0.800975,None,1924.07793,0.6994665,0.9990834,1925.086774,1925.087928,1925.10765,1925.10765,1925.10765,1927.293062,700,1,[2.1850277001503855],[2.185040900018066],1,1,2025-11-10_19h29.58.986,Intentional Binding,,2025.01.01,60.20719701,2025-11-10 19h30.07.139601 +0530
0.1,400,unexp,339,3,28,space,0.3217018,None,300,1,[1.9524834000039846],[1.952498900005594],28,3,339,0,1927.308734,,1927.293344,1927.308734,1928.309008,1928.309008,1928.309008,1928.642917,space,0.3217018,None,1928.643815,0.0996355,0.3996991,1929.056876,1929.058554,1929.073525,1929.073525,1929.073525,1931.026409,300,1,[1.9524834000039846],[1.952498900005594],1,1,2025-11-10_19h29.58.986,Intentional Binding,,2025.01.01,60.20719701,2025-11-10 19h30.07.139601 +0530
0.4,400,unexp,340,4,28,space,0.2680693,None,500,1,[2.0838740000035614],[2.083880899939686],28,4,340,1,1931.042317,,1931.026767,1931.042317,1932.025454,1932.025454,1932.042553,1932.309357,space,0.2680693,None,1932.310365,0.4001542,0.7304778,1933.039999,1933.040542,1933.05793,1933.05793,1933.05793,1935.142051,500,1,[2.0838740000035614],[2.083880899939686],1,1,2025-11-10_19h29.58.986,Intentional Binding,,2025.01.01,60.20719701,2025-11-10 19h30.07.139601 +0530
0.1,1000,exp,341,5,28,space,0.3149715,None,200,1,[1.969867000123486],[1.9698776002041996],28,5,341,6,1935.157806,,1935.142243,1935.157806,1936.1423,1936.1423,1936.159227,1936.460573,space,0.3149715,None,1936.461386,0.0991928,0.3982407,1936.875295,1936.876191,1936.890264,1936.890264,1936.890264,1938.860463,200,1,[1.969867000123486],[1.9698776002041996],1,1,2025-11-10_19h29.58.986,Intentional Binding,,2025.01.01,60.20719701,2025-11-10 19h30.07.139601 +0530
0.1,1000,exp,342,6,28,space,0.2602383,None,200,1,[1.735617799917236],[1.7356352999340743],28,6,342,3,1938.875225,,1938.860813,1938.875225,1939.875304,1939.875304,1939.875304,1940.14247,space,0.2602383,None,1940.143661,0.0991669,0.3998285,1940.556673,1940.558583,1940.573663,1940.573663,1940.573663,1942.309661,200,1,[1.735617799917236],[1.7356352999340743],1,1,2025-11-10_19h29.58.986,Intentional Binding,,2025.01.01,60.20719701,2025-11-10 19h30.07.139601 +0530
0.7,1000,exp,343,7,28,space,0.2504026,None,100,1,[4.12167329993099],[4.121691100066528],28,7,343,8,1942.325247,,1942.309927,1942.325247,1943.324933,1943.324933,1943.324933,1943.591115,space,0.2504026,None,1943.59168,0.699918,0.9996423,1944.606619,1944.607197,1944.623375,1944.623375,1944.623375,1948.745782,100,1,[4.12167329993099],[4.121691100066528],1,1,2025-11-10_19h29.58.986,Intentional Binding,,2025.01.01,60.20719701,2025-11-10 19h30.07.139601 +0530
0.1,1000,exp,344,8,28,space,0.2617309,None,100,1,[2.5845651000272483],[2.5845727999694645],28,8,344,9,1948.761263,,1948.746138,1948.761263,1949.743846,1949.743846,1949.762449,1950.010971,space,0.2617309,None,1950.011703,0.1008079,0.3998445,1950.42946,1950.430433,1950.457014,1950.457014,1950.457014,1953.042065,100,1,[2.5845651000272483],[2.5845727999694645],1,1,2025-11-10_19h29.58.986,Intentional Binding,,2025.01.01,60.20719701,2025-11-10 19h30.07.139601 +0530
0.7,1000,exp,345,9,28,space,0.3016894,None,700,1,[1.8688344999682158],[1.8688437999226153],28,9,345,5,1953.057476,,1953.042233,1953.057476,1954.057516,1954.057516,1954.057516,1954.37574,space,0.3016894,None,1954.376684,0.6998914,0.9995551,1955.386358,1955.38776,1955.407049,1955.407049,1955.407049,1957.276187,700,1,[1.8688344999682158],[1.8688437999226153],1,1,2025-11-10_19h29.58.986,Intentional Binding,,2025.01.01,60.20719701,2025-11-10 19h30.07.139601 +0530
0.4,1000,exp,346,10,28,space,0.2863636,None,200,1,[2.4020568002015352],[2.4020625001285225],28,10,346,4,1957.291,,1957.276416,1957.291,1958.290567,1958.290567,1958.290567,1958.590928,space,0.2863636,None,1958.591436,0.4008414,0.7020879,1959.307646,1959.308919,1959.323557,1959.323557,1959.323557,1961.725837,200,1,[2.4020568002015352],[2.4020625001285225],1,1,2025-11-10_19h29.58.986,Intentional Binding,,2025.01.01,60.20719701,2025-11-10 19h30.07.139601 +0530
0.4,1000,exp,347,11,28,space,0.2843886,None,400,1,[1.8197749000974],[1.8197882000822574],28,11,347,7,1961.74069,,1961.72601,1961.74069,1962.740816,1962.740816,1962.740816,1963.025793,space,0.2843886,None,1963.026627,0.3994993,0.6993482,1963.739331,1963.740127,1963.756378,1963.756378,1963.756378,1965.576558,400,1,[1.8197749000974],[1.8197882000822574],1,1,2025-11-10_19h29.58.986,Intentional Binding,,2025.01.01,60.20719701,2025-11-10 19h30.07.139601 +0530
0.4,400,unexp,348,0,29,space,0.2405871,None,700,1,[2.2861685999669135],[2.28618529997766],29,0,348,1,1965.591266,,1965.576865,1965.591266,1966.575251,1966.575251,1966.59233,1966.826316,space,0.2405871,None,1966.827181,0.3993632,0.6989103,1967.538318,1967.539572,1967.556833,1967.556833,1967.556833,1969.843458,700,1,[2.2861685999669135],[2.28618529997766],1,1,2025-11-10_19h29.58.986,Intentional Binding,,2025.01.01,60.20719701,2025-11-10 19h30.07.139601 +0530
0.1,400,unexp,349,1,29,space,0.2873591,None,100,1,[2.2853000999893993],[2.2853117000777274],29,1,349,0,1969.857975,,1969.843833,1969.857975,1970.857775,1970.857775,1970.857775,1971.159269,space,0.2873591,None,1971.160564,0.0993184,0.3983515,1971.578038,1971.579162,1971.606702,1971.606702,1971.606702,1973.892363,100,1,[2.2853000999893993],[2.2853117000777274],1,1,2025-11-10_19h29.58.986,Intentional Binding,,2025.01.01,60.20719701,2025-11-10 19h30.07.139601 +0530
0.4,1000,exp,350,2,29,space,0.2638888,None,500,1,[1.8029261999763548],[1.8029404999688268],29,2,350,7,1973.908206,,1973.892658,1973.908206,1974.908374,1974.908374,1974.908374,1975.173976,space,0.2638888,None,1975.174539,0.4003177,0.7011743,1975.889593,1975.891468,1975.906404,1975.906404,1975.906404,1977.709738,500,1,[1.8029261999763548],[1.8029404999688268],1,1,2025-11-10_19h29.58.986,Intentional Binding,,2025.01.01,60.20719701,2025-11-10 19h30.07.139601 +0530
0.1,1000,exp,351,3,29,space,0.2717099,None,200,1,[1.7849487999919802],[1.7849602999631315],29,3,351,9,1977.725983,,1977.710105,1977.725983,1978.724196,1978.724196,1978.741607,1979.008302,space,0.2717099,None,1979.009157,0.0998932,0.4156831,1979.424114,1979.424776,1979.440343,1979.440343,1979.440343,1981.225623,200,1,[1.7849487999919802],[1.7849602999631315],1,1,2025-11-10_19h29.58.986,Intentional Binding,,2025.01.01,60.20719701,2025-11-10 19h30.07.139601 +0530
0.1,1000,exp,352,4,29,space,0.2638052,None,100,1,[2.5364174998831004],[2.5364270999561995],29,4,352,3,1981.241333,,1981.225867,1981.241333,1982.225232,1982.225232,1982.241265,1982.492104,space,0.2638052,None,1982.492956,0.115615,0.4155348,1982.917836,1982.9192,1982.939815,1982.939815,1982.939815,1985.476539,100,1,[2.5364174998831004],[2.5364270999561995],1,1,2025-11-10_19h29.58.986,Intentional Binding,,2025.01.01,60.20719701,2025-11-10 19h30.07.139601 +0530
0.7,1000,exp,353,5,29,space,0.4803343,None,800,1,[1.8015035998541862],[1.8015130998101085],29,5,353,8,1985.491176,,1985.476801,1985.491176,1986.490928,1986.490928,1986.490928,1986.975728,space,0.4803343,None,1986.976569,0.6996496,0.9995441,1987.986687,1987.988697,1988.005995,1988.005995,1988.005995,1989.807826,800,1,[1.8015035998541862],[1.8015130998101085],1,1,2025-11-10_19h29.58.986,Intentional Binding,,2025.01.01,60.20719701,2025-11-10 19h30.07.139601 +0530
0.4,1000,exp,354,6,29,space,0.4674297,None,300,1,[2.2192250001244247],[2.2192359999753535],29,6,354,10,1989.823713,,1989.808037,1989.823713,1990.807729,1990.807729,1990.824823,1991.275862,space,0.4674297,None,1991.277059,0.4148644,0.7141544,1992.00987,1992.010568,1992.022566,1992.022566,1992.022566,1994.242112,300,1,[2.2192250001244247],[2.2192359999753535],1,1,2025-11-10_19h29.58.986,Intentional Binding,,2025.01.01,60.20719701,2025-11-10 19h30.07.139601 +0530
0.7,1000,exp,355,7,29,space,0.3321922,None,800,1,[2.402374899946153],[2.4023892998229712],29,7,355,11,1994.258581,,1994.242355,1994.258581,1995.257821,1995.257821,1995.274199,1995.591185,space,0.3321922,None,1995.592053,0.6990963,1.0002397,1996.610012,1996.610811,1996.622847,1996.622847,1996.622847,1999.025566,800,1,[2.402374899946153],[2.4023892998229712],1,1,2025-11-10_19h29.58.986,Intentional Binding,,2025.01.01,60.20719701,2025-11-10 19h30.07.139601 +0530
0.4,1000,exp,356,8,29,space,0.2847652,None,700,1,[2.3689724998548627],[2.3689873998519033],29,8,356,4,1999.040725,,1999.025823,1999.040725,2000.024695,2000.024695,2000.04176,2000.324965,space,0.2847652,None,2000.325662,0.4000712,0.6999722,2001.037022,2001.038996,2001.056014,2001.056014,2001.056014,2003.425432,700,1,[2.3689724998548627],[2.3689873998519033],1,1,2025-11-10_19h29.58.986,Intentional Binding,,2025.01.01,60.20719701,2025-11-10 19h30.07.139601 +0530
0.7,400,unexp,357,9,29,space,0.4233714,None,900,1,[1.7189479998778552],[1.7190547999925911],29,9,357,2,2003.440991,,2003.425773,2003.440991,2004.425269,2004.425269,2004.440555,2004.859997,space,0.4233714,None,2004.86114,0.7147472,1.015431,2005.886991,2005.888366,2005.906268,2005.906268,2005.906268,2007.625721,900,1,[1.7189479998778552],[1.7190547999925911],1,1,2025-11-10_19h29.58.986,Intentional Binding,,2025.01.01,60.20719701,2025-11-10 19h30.07.139601 +0530
0.7,1000,exp,358,10,29,space,0.4968256,None,700,1,[2.3848350001499057],[2.384845199994743],29,10,358,5,2007.640313,,2007.625962,2007.640313,2008.64051,2008.64051,2008.64051,2009.142507,space,0.4968256,None,2009.143418,0.7154949,1.0147024,2010.166952,2010.168132,2010.189457,2010.189457,2010.189457,2012.574674,700,1,[2.3848350001499057],[2.384845199994743],1,1,2025-11-10_19h29.58.986,Intentional Binding,,2025.01.01,60.20719701,2025-11-10 19h30.07.139601 +0530
0.1,1000,exp,359,11,29,space,0.2734558,None,200,1,[1.8840574999339879],[1.884066900005564],29,11,359,6,2012.590888,,2012.575076,2012.590888,2013.574393,2013.574393,2013.59145,2013.858858,space,0.2734558,None,2013.859977,0.1147868,0.41583,2014.28933,2014.290994,2014.306323,2014.306323,2014.306323,2016.190645,200,1,[1.8840574999339879],[1.884066900005564],1,1,2025-11-10_19h29.58.986,Intentional Binding,,2025.01.01,60.20719701,2025-11-10 19h30.07.139601 +0530
0.7,1000,exp,360,0,30,space,0.2730593,None,400,1,[1.8511178998742253],[1.851134299999103],30,0,360,5,2016.207606,,2016.190849,2016.207606,2017.190026,2017.190026,2017.206955,2017.474099,space,0.2730593,None,2017.47508,0.700861,1.0003359,2018.487503,2018.488877,2018.50631,2018.50631,2018.50631,2020.357803,400,1,[1.8511178998742253],[1.851134299999103],1,1,2025-11-10_19h29.58.986,Intentional Binding,,2025.01.01,60.20719701,2025-11-10 19h30.07.139601 +0530
0.1,400,unexp,361,1,30,space,0.3153334,None,100,1,[1.8518763999454677],[1.8518945998512208],30,1,361,0,2020.373906,,2020.358044,2020.373906,2021.358168,2021.358168,2021.374307,2021.67522,space,0.3153334,None,2021.676123,0.1156505,0.4151567,2022.10541,2022.106103,2022.122429,2022.122429,2022.122429,2023.974919,100,1,[1.8518763999454677],[1.8518945998512208],1,1,2025-11-10_19h29.58.986,Intentional Binding,,2025.01.01,60.20719701,2025-11-10 19h30.07.139601 +0530
0.1,1000,exp,362,2,30,space,0.3707277,None,200,1,[2.086214300012216],[2.086236499948427],30,2,362,6,2023.990155,,2023.975194,2023.990155,2024.990555,2024.990555,2024.990555,2025.37447,space,0.3707277,None,2025.376097,0.1154474,0.414426,2025.808257,2025.808865,2025.821695,2025.821695,2025.821695,2027.908225,200,1,[2.086214300012216],[2.086236499948427],1,1,2025-11-10_19h29.58.986,Intentional Binding,,2025.01.01,60.20719701,2025-11-10 19h30.07.139601 +0530
0.4,400,unexp,363,3,30,space,0.2247954,None,400,1,[1.5521410000510514],[1.5521493998821825],30,3,363,1,2027.923536,,2027.908422,2027.923536,2028.907134,2028.907134,2028.924046,2029.141034,space,0.2247954,None,2029.14184,0.4150943,0.7161791,2029.875876,2029.876751,2029.888729,2029.888729,2029.888729,2031.441116,400,1,[1.5521410000510514],[1.5521493998821825],1,1,2025-11-10_19h29.58.986,Intentional Binding,,2025.01.01,60.20719701,2025-11-10 19h30.07.139601 +0530
0.1,1000,exp,364,4,30,space,0.1790059,None,100,1,[3.3879367001354694],[3.3879510001279414],30,4,364,9,2031.456652,,2031.441308,2031.456652,2032.440364,2032.440364,2032.456859,2032.624857,space,0.1790059,None,2032.625963,0.1158936,0.4161088,2033.059365,2033.06028,2033.071834,2033.071834,2033.071834,2036.460152,100,1,[3.3879367001354694],[3.3879510001279414],1,1,2025-11-10_19h29.58.986,Intentional Binding,,2025.01.01,60.20719701,2025-11-10 19h30.07.139601 +0530
0.1,1000,exp,365,5,30,space,0.254426,None,100,1,[2.2352590998634696],[2.235273899976164],30,5,365,3,2036.47432,,2036.460487,2036.47432,2037.474012,2037.474012,2037.474012,2037.741237,space,0.254426,None,2037.742177,0.0994719,0.3999313,2038.158544,2038.159449,2038.172025,2038.172025,2038.172025,2040.407691,100,1,[2.2352590998634696],[2.235273899976164],1,1,2025-11-10_19h29.58.986,Intentional Binding,,2025.01.01,60.20719701,2025-11-10 19h30.07.139601 +0530
0.7,400,unexp,366,6,30,space,0.2662202,None,300,1,[4.352664700010791],[4.352680699899793],30,6,366,2,2040.422987,,2040.407942,2040.422987,2041.407124,2041.407124,2041.423405,2041.674142,space,0.2662202,None,2041.675059,0.6992661,0.9990063,2042.687597,2042.689422,2042.705324,2042.705324,2042.705324,2047.058442,300,1,[4.352664700010791],[4.352680699899793],1,1,2025-11-10_19h29.58.986,Intentional Binding,,2025.01.01,60.20719701,2025-11-10 19h30.07.139601 +0530
0.7,1000,exp,367,7,30,space,0.3001951,None,500,1,[2.3344129000324756],[2.3344278999138623],30,7,367,11,2047.073336,,2047.05879,2047.073336,2048.073373,2048.073373,2048.073373,2048.389791,space,0.3001951,None,2048.390337,0.69932,1.0000532,2049.398202,2049.398704,2049.422436,2049.422436,2049.422436,2051.757228,500,1,[2.3344129000324756],[2.3344278999138623],1,1,2025-11-10_19h29.58.986,Intentional Binding,,2025.01.01,60.20719701,2025-11-10 19h30.07.139601 +0530
0.4,1000,exp,368,8,30,space,0.2595594,None,400,1,[2.185473000165075],[2.185483400011435],30,8,368,10,2051.7735,,2051.757451,2051.7735,2052.756535,2052.756535,2052.773275,2053.024067,space,0.2595594,None,2053.025329,0.3993043,0.7003713,2053.739631,2053.740756,2053.754899,2053.754899,2053.754899,2055.940688,400,1,[2.185473000165075],[2.185483400011435],1,1,2025-11-10_19h29.58.986,Intentional Binding,,2025.01.01,60.20719701,2025-11-10 19h30.07.139601 +0530
0.4,1000,exp,369,9,30,space,0.2884604,None,700,1,[1.850893700029701],[1.850901500089094],30,9,369,4,2055.956771,,2055.940911,2055.956771,2056.956828,2056.956828,2056.956828,2057.257345,space,0.2884604,None,2057.25845,0.3995323,0.6995402,2057.96851,2057.970015,2057.989025,2057.989025,2057.989025,2059.840158,700,1,[1.850893700029701],[1.850901500089094],1,1,2025-11-10_19h29.58.986,Intentional Binding,,2025.01.01,60.20719701,2025-11-10 19h30.07.139601 +0530
0.4,1000,exp,370,10,30,space,0.4489379,None,300,1,[2.3844036001246423],[2.3844109000638127],30,10,370,7,2059.856627,,2059.840337,2059.856627,2060.839756,2060.839756,2060.857373,2061.290893,space,0.4489379,None,2061.291796,0.4003787,0.7149599,2062.01023,2062.010877,2062.022432,2062.022432,2062.022432,2064.407077,300,1,[2.3844036001246423],[2.3844109000638127],1,1,2025-11-10_19h29.58.986,Intentional Binding,,2025.01.01,60.20719701,2025-11-10 19h30.07.139601 +0530
0.7,1000,exp,371,11,30,space,0.5156691,None,800,1,[1.2694040001370013],[1.2694139999803156],30,11,371,8,2064.423177,,2064.407273,2064.423177,2065.406807,2065.406807,2065.423157,2065.925333,space,0.5156691,None,2065.926299,0.7151621,1.0155706,2066.956297,2066.957085,2066.971661,2066.971661,2066.971661,2068.241355,800,1,[1.2694040001370013],[1.2694139999803156],1,1,2025-11-10_19h29.58.986,Intentional Binding,,2025.01.01,60.20719701,2025-11-10 19h30.07.139601 +0530
0.4,1000,exp,372,0,31,space,0.2701248,None,600,1,[1.434932400006801],[1.4349392000585794],31,0,372,7,2068.256346,,2068.241606,2068.256346,2069.256363,2069.256363,2069.256363,2069.541589,space,0.2701248,None,2069.542673,0.4139461,0.7153542,2070.26682,2070.268239,2070.288739,2070.288739,2070.288739,2071.723938,600,1,[1.434932400006801],[1.4349392000585794],1,1,2025-11-10_19h29.58.986,Intentional Binding,,2025.01.01,60.20719701,2025-11-10 19h30.07.139601 +0530
0.4,1000,exp,373,1,31,space,0.2233456,None,500,1,[1.7511164001189172],[1.751127599971369],31,1,373,10,2071.740181,,2071.724123,2071.740181,2072.722759,2072.722759,2072.740195,2072.958669,space,0.2233456,None,2072.959524,0.4140572,0.7147213,2073.685597,2073.686859,2073.705093,2073.705093,2073.705093,2075.456534,500,1,[1.7511164001189172],[1.751127599971369],1,1,2025-11-10_19h29.58.986,Intentional Binding,,2025.01.01,60.20719701,2025-11-10 19h30.07.139601 +0530
0.4,400,unexp,374,2,31,space,0.2445125,None,700,1,[1.5024421999696642],[1.5024518999271095],31,2,374,1,2075.472855,,2075.456927,2075.472855,2076.456613,2076.456613,2076.474219,2076.706695,space,0.2445125,None,2076.707402,0.3998386,0.6995278,2077.418315,2077.419917,2077.438165,2077.438165,2077.438165,2078.940912,700,1,[1.5024421999696642],[1.5024518999271095],1,1,2025-11-10_19h29.58.986,Intentional Binding,,2025.01.01,60.20719701,2025-11-10 19h30.07.139601 +0530
0.7,1000,exp,375,3,31,space,0.2509862,None,900,1,[1.5851512998342514],[1.5851599997840822],31,3,375,5,2078.955732,,2078.941146,2078.955732,2079.957365,2079.957365,2079.957365,2080.223376,space,0.2509862,None,2080.224347,0.7004818,0.999521,2081.239161,2081.240142,2081.254824,2081.254824,2081.254824,2082.840362,900,1,[1.5851512998342514],[1.5851599997840822],1,1,2025-11-10_19h29.58.986,Intentional Binding,,2025.01.01,60.20719701,2025-11-10 19h30.07.139601 +0530
0.1,1000,exp,376,4,31,space,0.4122179,None,200,1,[2.1853549999650568],[2.1853635997977108],31,4,376,3,2082.856216,,2082.84058,2082.856216,2083.839773,2083.839773,2083.855878,2084.257229,space,0.4122179,None,2084.258145,0.0990097,0.3991788,2084.675993,2084.676636,2084.687533,2084.687533,2084.687533,2086.873152,200,1,[2.1853549999650568],[2.1853635997977108],1,1,2025-11-10_19h29.58.986,Intentional Binding,,2025.01.01,60.20719701,2025-11-10 19h30.07.139601 +0530
0.1,400,unexp,377,5,31,space,0.2758064,None,100,1,[1.3353824999649078],[1.3353904001414776],31,5,377,0,2086.889756,,2086.873388,2086.889756,2087.872938,2087.872938,2087.889872,2088.157163,space,0.2758064,None,2088.158347,0.0994791,0.3990226,2088.576222,2088.577023,2088.587775,2088.587775,2088.587775,2089.923404,100,1,[1.3353824999649078],[1.3353904001414776],1,1,2025-11-10_19h29.58.986,Intentional Binding,,2025.01.01,60.20719701,2025-11-10 19h30.07.139601 +0530
0.7,1000,exp,378,6,31,space,0.3495171,None,500,1,[1.7354697999544442],[1.7354806999210268],31,6,378,11,2089.94017,,2089.923643,2089.94017,2090.922665,2090.922665,2090.93925,2091.289074,space,0.3495171,None,2091.28962,0.700483,1.002032,2092.305845,2092.307099,2092.321494,2092.321494,2092.321494,2094.057283,500,1,[1.7354697999544442],[1.7354806999210268],1,1,2025-11-10_19h29.58.986,Intentional Binding,,2025.01.01,60.20719701,2025-11-10 19h30.07.139601 +0530
0.4,1000,exp,379,7,31,space,0.2839015,None,700,1,[1.3694187998771667],[1.3694321000948548],31,7,379,4,2094.073014,,2094.057546,2094.073014,2095.072547,2095.072547,2095.072547,2095.358314,space,0.2839015,None,2095.359417,0.4141731,0.7144463,2096.087304,2096.088458,2096.105067,2096.105067,2096.105067,2097.474924,700,1,[1.3694187998771667],[1.3694321000948548],1,1,2025-11-10_19h29.58.986,Intentional Binding,,2025.01.01,60.20719701,2025-11-10 19h30.07.139601 +0530
0.7,400,unexp,380,8,31,space,0.3776415,None,800,1,[1.2515013001393527],[1.2515167000237852],31,8,380,2,2097.490548,,2097.475263,2097.490548,2098.489256,2098.489256,2098.506182,2098.873373,space,0.3776415,None,2098.874387,0.7003117,0.9995888,2099.886206,2099.887259,2099.904847,2099.904847,2099.904847,2101.156905,800,1,[1.2515013001393527],[1.2515167000237852],1,1,2025-11-10_19h29.58.986,Intentional Binding,,2025.01.01,60.20719701,2025-11-10 19h30.07.139601 +0530
0.1,1000,exp,381,9,31,space,0.262704,None,100,1,[1.8020797001663595],[1.8020889000035822],31,9,381,6,2101.172466,,2101.157178,2101.172466,2102.172638,2102.172638,2102.172638,2102.440639,space,0.262704,None,2102.441509,0.1159267,0.4153887,2102.867118,2102.868359,2102.887805,2102.887805,2102.887805,2104.690171,100,1,[1.8020797001663595],[1.8020889000035822],1,1,2025-11-10_19h29.58.986,Intentional Binding,,2025.01.01,60.20719701,2025-11-10 19h30.07.139601 +0530
0.1,1000,exp,382,10,31,space,0.3327292,None,200,1,[1.5192418999504298],[1.519251599907875],31,10,382,9,2104.705746,,2104.690476,2104.705746,2105.706969,2105.706969,2105.706969,2106.057182,space,0.3327292,None,2106.058397,0.1155902,0.4149931,2106.487043,2106.488984,2106.504299,2106.504299,2106.504299,2108.023844,200,1,[1.5192418999504298],[1.519251599907875],1,1,2025-11-10_19h29.58.986,Intentional Binding,,2025.01.01,60.20719701,2025-11-10 19h30.07.139601 +0530
0.7,1000,exp,383,11,31,space,0.2693168,None,400,1,[1.8015546000096947],[1.8015612999442965],31,11,383,8,2108.038916,,2108.024124,2108.038916,2109.022414,2109.022414,2109.039393,2109.306132,space,0.2693168,None,2109.306881,0.7153503,1.016956,2110.338008,2110.33965,2110.354077,2110.354077,2110.354077,2112.155897,400,1,[1.8015546000096947],[1.8015612999442965],1,1,2025-11-10_19h29.58.986,Intentional Binding,,2025.01.01,60.20719701,2025-11-10 19h30.07.139601 +0530
0.7,1000,exp,384,0,32,space,0.5034635,None,500,1,[1.6013273000717163],[1.6013333001174033],32,0,384,11,2112.171742,,2112.156097,2112.171742,2113.155607,2113.155607,2113.171945,2113.67416,space,0.5034635,None,2113.675421,0.7150261,1.0154118,2114.70666,2114.707714,2114.7209,2114.7209,2114.7209,2116.322436,500,1,[1.6013273000717163],[1.6013333001174033],1,1,2025-11-10_19h29.58.986,Intentional Binding,,2025.01.01,60.20719701,2025-11-10 19h30.07.139601 +0530
0.4,1000,exp,385,1,32,space,0.4166571,None,800,1,[1.8854418999981135],[1.8854538998566568],32,1,385,7,2116.338117,,2116.322593,2116.338117,2117.322678,2117.322678,2117.338979,2117.741144,space,0.4166571,None,2117.74211,0.4155058,0.7298953,2118.479193,2118.479762,2118.503961,2118.503961,2118.503961,2120.389717,800,1,[1.8854418999981135],[1.8854538998566568],1,1,2025-11-10_19h29.58.986,Intentional Binding,,2025.01.01,60.20719701,2025-11-10 19h30.07.139601 +0530
0.4,400,unexp,386,2,32,space,0.2677565,None,200,1,[3.0861808001063764],[3.0861931000836194],32,2,386,1,2120.405755,,2120.389971,2120.405755,2121.389695,2121.389695,2121.405856,2121.672494,space,0.2677565,None,2121.673318,0.3997938,0.7000188,2122.387853,2122.388932,2122.404057,2122.404057,2122.404057,2125.490556,200,1,[3.0861808001063764],[3.0861931000836194],1,1,2025-11-10_19h29.58.986,Intentional Binding,,2025.01.01,60.20719701,2025-11-10 19h30.07.139601 +0530
0.7,1000,exp,387,3,32,space,0.2843165,None,300,1,[1.4355814999435097],[1.4355911000166088],32,3,387,5,2125.505386,,2125.490816,2125.505386,2126.506655,2126.506655,2126.506655,2126.807098,space,0.2843165,None,2126.808327,0.7153745,1.0157651,2127.837656,2127.838933,2127.85358,2127.85358,2127.85358,2129.289456,300,1,[1.4355814999435097],[1.4355911000166088],1,1,2025-11-10_19h29.58.986,Intentional Binding,,2025.01.01,60.20719701,2025-11-10 19h30.07.139601 +0530
0.7,400,unexp,388,4,32,space,0.2459771,None,900,1,[2.9527740001212806],[2.952783100074157],32,4,388,2,2129.305671,,2129.28969,2129.305671,2130.305417,2130.305417,2130.305417,2130.556447,space,0.2459771,None,2130.557685,0.6995302,0.9989747,2131.57045,2131.571611,2131.587371,2131.587371,2131.587371,2134.540436,900,1,[2.9527740001212806],[2.952783100074157],1,1,2025-11-10_19h29.58.986,Intentional Binding,,2025.01.01,60.20719701,2025-11-10 19h30.07.139601 +0530
0.1,400,unexp,389,5,32,space,0.5305744,None,400,1,[1.9020867000799626],[1.9020994000602514],32,5,389,0,2134.555623,,2134.540711,2134.555623,2135.539782,2135.539782,2135.556357,2136.074725,space,0.5305744,None,2136.07609,0.1153011,0.4464625,2136.521445,2136.522731,2136.537946,2136.537946,2136.537946,2138.440525,400,1,[1.9020867000799626],[1.9020994000602514],1,1,2025-11-10_19h29.58.986,Intentional Binding,,2025.01.01,60.20719701,2025-11-10 19h30.07.139601 +0530
0.7,1000,exp,390,6,32,space,0.7468471,None,400,1,[1.602376100141555],[1.6023840000852942],32,6,390,8,2138.454978,,2138.440785,2138.454978,2139.454857,2139.454857,2139.454857,2140.208235,space,0.7468471,None,2140.209557,0.7140969,1.0137681,2141.237035,2141.238169,2141.253531,2141.253531,2141.253531,2142.85617,400,1,[1.602376100141555],[1.6023840000852942],1,1,2025-11-10_19h29.58.986,Intentional Binding,,2025.01.01,60.20719701,2025-11-10 19h30.07.139601 +0530
0.1,1000,exp,391,7,32,space,0.2283244,None,300,1,[1.9179591001011431],[1.9179724999703467],32,7,391,9,2142.87206,,2142.85639,2142.87206,2143.85703,2143.85703,2143.873046,2144.091173,space,0.2283244,None,2144.092385,0.1140734,0.4141149,2144.516599,2144.517926,2144.537285,2144.537285,2144.537285,2146.455634,300,1,[1.9179591001011431],[1.9179724999703467],1,1,2025-11-10_19h29.58.986,Intentional Binding,,2025.01.01,60.20719701,2025-11-10 19h30.07.139601 +0530
0.4,1000,exp,392,8,32,space,0.1840669,None,300,1,[4.185528199886903],[4.18553729983978],32,8,392,4,2146.471582,,2146.455943,2146.471582,2147.455941,2147.455941,2147.472028,2147.657037,space,0.1840669,None,2147.658151,0.4147165,0.7148085,2148.386815,2148.388196,2148.403966,2148.403966,2148.403966,2152.589803,300,1,[4.185528199886903],[4.18553729983978],1,1,2025-11-10_19h29.58.986,Intentional Binding,,2025.01.01,60.20719701,2025-11-10 19h30.07.139601 +0530
0.1,1000,exp,393,9,32,space,0.4187745,None,200,1,[2.101465999847278],[2.101479599950835],32,9,393,3,2152.604761,,2152.590126,2152.604761,2153.60494,2153.60494,2153.60494,2154.039984,space,0.4187745,None,2154.040955,0.1152586,0.4150018,2154.468483,2154.470241,2154.486673,2154.486673,2154.486673,2156.588519,200,1,[2.101465999847278],[2.101479599950835],1,1,2025-11-10_19h29.58.986,Intentional Binding,,2025.01.01,60.20719701,2025-11-10 19h30.07.139601 +0530
0.4,1000,exp,394,10,32,space,0.3539068,None,400,1,[2.568332799943164],[2.5683422000147402],32,10,394,10,2156.604588,,2156.588831,2156.604588,2157.588956,2157.588956,2157.604682,2157.955772,space,0.3539068,None,2157.956692,0.3991305,0.7009746,2158.677076,2158.678077,2158.703949,2158.703949,2158.703949,2161.272614,400,1,[2.568332799943164],[2.5683422000147402],1,1,2025-11-10_19h29.58.986,Intentional Binding,,2025.01.01,60.20719701,2025-11-10 19h30.07.139601 +0530
0.1,1000,exp,395,11,32,space,0.4508946,None,200,1,[3.333962099859491],[3.3339750999584794],32,11,395,6,2161.287958,,2161.272855,2161.287958,2162.289183,2162.289183,2162.289183,2162.75449,space,0.4508946,None,2162.755274,0.10182,0.4322305,2163.18694,2163.188557,2163.204678,2163.204678,2163.204678,2166.538994,200,1,[3.333962099859491],[3.3339750999584794],1,1,2025-11-10_19h29.58.986,Intentional Binding,,2025.01.01,60.20719701,2025-11-10 19h30.07.139601 +0530
0.7,400,unexp,396,0,33,space,0.5029864,None,600,1,[2.069019899936393],[2.0690266999881715],33,0,396,2,2166.554971,,2166.539224,2166.554971,2167.53945,2167.53945,2167.556213,2168.055786,space,0.5029864,None,2168.056988,0.6991474,0.9982789,2169.068489,2169.069165,2169.086107,2169.086107,2169.086107,2171.155386,600,1,[2.069019899936393],[2.0690266999881715],1,1,2025-11-10_19h29.58.986,Intentional Binding,,2025.01.01,60.20719701,2025-11-10 19h30.07.139601 +0530
0.4,400,unexp,397,1,33,space,0.4116492,None,500,1,[1.8540600999258459],[1.8540740997996181],33,1,397,1,2171.170442,,2171.155603,2171.170442,2172.170248,2172.170248,2172.170248,2172.587361,space,0.4116492,None,2172.58793,0.4013728,0.7010686,2173.299455,2173.300299,2173.319194,2173.319194,2173.319194,2175.173651,500,1,[1.8540600999258459],[1.8540740997996181],1,1,2025-11-10_19h29.58.986,Intentional Binding,,2025.01.01,60.20719701,2025-11-10 19h30.07.139601 +0530
0.1,1000,exp,398,2,33,space,0.4323405,None,400,1,[1.4358600999694318],[1.4358695999253541],33,2,398,6,2175.188332,,2175.173997,2175.188332,2176.188691,2176.188691,2176.188691,2176.638924,space,0.4323405,None,2176.640041,0.0990074,0.4002054,2177.05557,2177.056482,2177.069918,2177.069918,2177.069918,2178.506073,400,1,[1.4358600999694318],[1.4358695999253541],1,1,2025-11-10_19h29.58.986,Intentional Binding,,2025.01.01,60.20719701,2025-11-10 19h30.07.139601 +0530
0.4,1000,exp,399,3,33,space,0.5443094,None,300,1,[3.2031764001585543],[3.203187800012529],33,3,399,10,2178.521399,,2178.506308,2178.521399,2179.521462,2179.521462,2179.521462,2180.071663,space,0.5443094,None,2180.072591,0.4003586,0.699613,2180.788494,2180.789706,2180.803489,2180.803489,2180.803489,2184.007014,300,1,[3.2031764001585543],[3.203187800012529],1,1,2025-11-10_19h29.58.986,Intentional Binding,,2025.01.01,60.20719701,2025-11-10 19h30.07.139601 +0530
0.4,1000,exp,400,4,33,space,0.3507297,None,600,1,[1.6353950002230704],[1.635403900174424],33,4,400,4,2184.021512,,2184.00731,2184.021512,2185.021551,2185.021551,2185.021551,2185.389059,space,0.3507297,None,2185.389921,0.4159128,0.7158313,2186.116583,2186.117746,2186.137054,2186.137054,2186.137054,2187.772749,600,1,[1.6353950002230704],[1.635403900174424],1,1,2025-11-10_19h29.58.986,Intentional Binding,,2025.01.01,60.20719701,2025-11-10 19h30.07.139601 +0530
0.7,1000,exp,401,5,33,space,0.2583628,None,500,1,[1.652744600083679],[1.6527553000487387],33,5,401,5,2187.788313,,2187.773002,2187.788313,2188.788688,2188.788688,2188.788688,2189.05562,space,0.2583628,None,2189.056593,0.7158504,1.0155396,2190.087012,2190.087717,2190.102561,2190.102561,2190.102561,2191.755611,500,1,[1.652744600083679],[1.6527553000487387],1,1,2025-11-10_19h29.58.986,Intentional Binding,,2025.01.01,60.20719701,2025-11-10 19h30.07.139601 +0530
0.7,1000,exp,402,6,33,space,0.2438229,None,300,1,[1.8003853999543935],[1.800393900135532],33,6,402,8,2191.771049,,2191.755841,2191.771049,2192.754704,2192.754704,2192.770884,2193.005358,space,0.2438229,None,2193.006398,0.6995296,1.0312858,2194.036864,2194.038147,2194.053738,2194.053738,2194.053738,2195.854522,300,1,[1.8003853999543935],[1.800393900135532],1,1,2025-11-10_19h29.58.986,Intentional Binding,,2025.01.01,60.20719701,2025-11-10 19h30.07.139601 +0530
0.1,400,unexp,403,7,33,space,0.3232024,None,200,1,[2.8696954001206905],[2.8697037000674754],33,7,403,0,2195.871279,,2195.854755,2195.871279,2196.854985,2196.854985,2196.871307,2197.188386,space,0.3232024,None,2197.189188,0.0996644,0.4002359,2197.595921,2197.597225,2197.619614,2197.619614,2197.619614,2200.489586,200,1,[2.8696954001206905],[2.8697037000674754],1,1,2025-11-10_19h29.58.986,Intentional Binding,,2025.01.01,60.20719701,2025-11-10 19h30.07.139601 +0530
0.1,1000,exp,404,8,33,space,0.365149,None,200,1,[1.7515011001378298],[1.751515000127256],33,8,404,3,2200.503875,,2200.489797,2200.503875,2201.504753,2201.504753,2201.504753,2201.872362,space,0.365149,None,2201.873568,0.1155113,0.415625,2202.297374,2202.298339,2202.319634,2202.319634,2202.319634,2204.071603,200,1,[1.7515011001378298],[1.751515000127256],1,1,2025-11-10_19h29.58.986,Intentional Binding,,2025.01.01,60.20719701,2025-11-10 19h30.07.139601 +0530
0.7,1000,exp,405,9,33,space,0.4325923,None,400,1,[1.5677850001957268],[1.567795000039041],33,9,405,11,2204.087553,,2204.071962,2204.087553,2205.071537,2205.071537,2205.088684,2205.50495,space,0.4325923,None,2205.505912,0.6990882,0.9990798,2206.518422,2206.519382,2206.536226,2206.536226,2206.536226,2208.104406,400,1,[1.5677850001957268],[1.567795000039041],1,1,2025-11-10_19h29.58.986,Intentional Binding,,2025.01.01,60.20719701,2025-11-10 19h30.07.139601 +0530
0.4,1000,exp,406,10,33,space,0.292889,None,600,1,[2.269736000103876],[2.269752399995923],33,10,406,7,2208.120764,,2208.104792,2208.120764,2209.119891,2209.119891,2209.119891,2209.421738,space,0.292889,None,2209.422626,0.415986,0.7156163,2210.155486,2210.156881,2210.169463,2210.169463,2210.169463,2212.439581,600,1,[2.269736000103876],[2.269752399995923],1,1,2025-11-10_19h29.58.986,Intentional Binding,,2025.01.01,60.20719701,2025-11-10 19h30.07.139601 +0530
0.1,1000,exp,407,11,33,space,0.2886436,None,200,1,[2.0681334000546485],[2.0681417000014335],33,11,407,9,2212.453689,,2212.439912,2212.453689,2213.454452,2213.454452,2213.454452,2213.75459,space,0.2886436,None,2213.755893,0.1000972,0.4003588,2214.168107,2214.169559,2214.185765,2214.185765,2214.185765,2216.254145,200,1,[2.0681334000546485],[2.0681417000014335],1,1,2025-11-10_19h29.58.986,Intentional Binding,,2025.01.01,60.20719701,2025-11-10 19h30.07.139601 +0530
