pos,corr_resp,thisN,thisTrialN,thisRepN,key_resp.keys,key_resp.corr,key_resp.rt,key_resp.duration,trials.thisRepN,trials.thisTrialN,trials.thisN,trials.thisIndex,trials_2.thisRepN,trials_2.thisTrialN,trials_2.thisN,trials_2.thisIndex,thisRow.t,notes,trial.started,Fixation.started,line1.started,line2.started,line3.started,line4.started,Fixation.stopped,probe.started,key_resp.started,trial.stopped,trials.key_resp.keys,trials.key_resp.corr,trials.key_resp.rt,trials.key_resp.duration,trials_2.key_resp.keys,trials_2.key_resp.corr,trials_2.key_resp.rt,trials_2.key_resp.duration,participant,session,date,expName,expVersion,psychopyVersion,frameRate,expStart,
-50,x,0,0,0,x,1,1.409386999992421,None,0,0,0,0,,,,,0.03249049998703413,,0.024174099991796538,0.03249049998703413,1.0005516999808606,1.0005516999808606,1.0005516999808606,1.0005516999808606,1.0333649999811314,1.4991434999974445,1.4991434999974445,2.9270544000028167,x,1,1.409386999992421,None,,,,,001,001,2025-09-18_12h23.26.877,Motor Sequence Learning,,2025.1.1,60.1924110617832,2025-09-18 12h23.42.687764 +0530,
150,v,1,1,0,v,1,0.47346430001198314,None,0,1,1,1,,,,,2.948819699988235,,2.9273705999949016,2.948819699988235,3.933719900000142,3.933719900000142,3.933719900000142,3.933719900000142,3.9499198999837972,4.432838299981086,4.432838299981086,4.9170553000003565,v,1,0.47346430001198314,None,,,,,001,001,2025-09-18_12h23.26.877,Motor Sequence Learning,,2025.1.1,60.1924110617832,2025-09-18 12h23.42.687764 +0530,
50,c,2,2,0,c,1,0.43887569999787956,None,0,2,2,2,,,,,4.93286529998295,,4.91755819998798,4.93286529998295,5.917117899982259,5.917117899982259,5.917117899982259,5.917117899982259,5.933373699983349,6.4324013000004925,6.4324013000004925,6.884290799993323,c,1,0.43887569999787956,None,,,,,001,001,2025-09-18_12h23.26.877,Motor Sequence Learning,,2025.1.1,60.1924110617832,2025-09-18 12h23.42.687764 +0530,
-150,z,3,3,0,z,1,0.5344104999967385,None,0,3,3,3,,,,,6.898716800002148,,6.884848299989244,6.898716800002148,7.897977499989793,7.897977499989793,7.897977499989793,7.897977499989793,7.897977499989793,8.400038899999345,8.400038899999345,8.948892799991881,z,1,0.5344104999967385,None,,,,,001,001,2025-09-18_12h23.26.877,Motor Sequence Learning,,2025.1.1,60.1924110617832,2025-09-18 12h23.42.687764 +0530,
-50,x,4,0,1,x,1,0.44759170000907034,None,1,0,4,0,,,,,8.964889499999117,,8.949183699995046,8.964889499999117,9.949242000002414,9.949242000002414,9.949242000002414,9.949242000002414,9.965828099986538,10.449380000005476,10.449380000005476,10.899402199982433,x,1,0.44759170000907034,None,,,,,001,001,2025-09-18_12h23.26.877,Motor Sequence Learning,,2025.1.1,60.1924110617832,2025-09-18 12h23.42.687764 +0530,
150,v,5,1,1,v,1,0.3979815999919083,None,1,1,5,1,,,,,10.915168399980757,,10.899742499983404,10.915168399980757,11.899173299985705,11.899173299985705,11.899173299985705,11.899173299985705,11.915900599997258,12.399200699990615,12.399200699990615,12.800808100000722,v,1,0.3979815999919083,None,,,,,001,001,2025-09-18_12h23.26.877,Motor Sequence Learning,,2025.1.1,60.1924110617832,2025-09-18 12h23.42.687764 +0530,
50,c,6,2,1,c,1,0.5128954999963753,None,1,2,6,2,,,,,12.816325299994787,,12.801315399992745,12.816325299994787,13.814687899983255,13.814687899983255,13.814687899983255,13.814687899983255,13.832827000005636,14.314815699995961,14.314815699995961,14.833411700004945,c,1,0.5128954999963753,None,,,,,001,001,2025-09-18_12h23.26.877,Motor Sequence Learning,,2025.1.1,60.1924110617832,2025-09-18 12h23.42.687764 +0530,
-150,z,7,3,1,z,1,0.3622246000159066,None,1,3,7,3,,,,,14.84836129998439,,14.833913199981907,14.84836129998439,15.848322699981509,15.848322699981509,15.848322699981509,15.848322699981509,15.848322699981509,16.332334899983834,16.332334899983834,16.699827899981756,z,1,0.3622246000159066,None,,,,,001,001,2025-09-18_12h23.26.877,Motor Sequence Learning,,2025.1.1,60.1924110617832,2025-09-18 12h23.42.687764 +0530,
-50,x,8,0,2,x,1,0.4890836999984458,None,2,0,8,0,,,,,16.71575760000269,,16.700253399991198,16.71575760000269,17.71540119999554,17.71540119999554,17.71540119999554,17.71540119999554,17.71540119999554,18.2158237999829,18.2158237999829,18.716348499991,x,1,0.4890836999984458,None,,,,,001,001,2025-09-18_12h23.26.877,Motor Sequence Learning,,2025.1.1,60.1924110617832,2025-09-18 12h23.42.687764 +0530,
150,v,9,1,2,v,1,0.40396269998745993,None,2,1,9,1,,,,,18.732134799996857,,18.716787799989106,18.732134799996857,19.715620000002673,19.715620000002673,19.715620000002673,19.715620000002673,19.732648399978643,20.21533819998149,20.21533819998149,20.633192399982363,v,1,0.40396269998745993,None,,,,,001,001,2025-09-18_12h23.26.877,Motor Sequence Learning,,2025.1.1,60.1924110617832,2025-09-18 12h23.42.687764 +0530,
50,c,10,2,2,c,1,0.5890025999979116,None,2,2,10,2,,,,,20.648349800001597,,20.633646899979794,20.648349800001597,21.64779930000077,21.64779930000077,21.64779930000077,21.64779930000077,21.64779930000077,22.133175499999197,22.133175499999197,22.732244299986633,c,1,0.5890025999979116,None,,,,,001,001,2025-09-18_12h23.26.877,Motor Sequence Learning,,2025.1.1,60.1924110617832,2025-09-18 12h23.42.687764 +0530,
-150,z,11,3,2,z,1,0.3051944999897387,None,2,3,11,3,,,,,22.748504599992884,,22.73258260000148,22.748504599992884,23.73109519999707,23.73109519999707,23.73109519999707,23.73109519999707,23.748866599984467,24.24873469999875,24.24873469999875,24.566794999991544,z,1,0.3051944999897387,None,,,,,001,001,2025-09-18_12h23.26.877,Motor Sequence Learning,,2025.1.1,60.1924110617832,2025-09-18 12h23.42.687764 +0530,
-50,x,12,0,3,x,1,0.6016224999912083,None,3,0,12,0,,,,,24.582017599983374,,24.567259200004628,24.582017599983374,25.58178159999079,25.58178159999079,25.58178159999079,25.58178159999079,25.58178159999079,26.082139499980258,26.082139499980258,26.68452919999254,x,1,0.6016224999912083,None,,,,,001,001,2025-09-18_12h23.26.877,Motor Sequence Learning,,2025.1.1,60.1924110617832,2025-09-18 12h23.42.687764 +0530,
150,v,13,1,3,v,1,0.41910709999501705,None,3,1,13,1,,,,,26.70207460000529,,26.6852288999944,26.70207460000529,27.69971089999308,27.69971089999308,27.69971089999308,27.69971089999308,27.716865599999437,28.19759259998682,28.19759259998682,28.617160299996613,v,1,0.41910709999501705,None,,,,,001,001,2025-09-18_12h23.26.877,Motor Sequence Learning,,2025.1.1,60.1924110617832,2025-09-18 12h23.42.687764 +0530,
50,c,14,2,3,c,1,0.5969006999803241,None,3,2,14,2,,,,,28.631373399985023,,28.617514899990056,28.631373399985023,29.632298599986825,29.632298599986825,29.632298599986825,29.632298599986825,29.632298599986825,30.13247099998989,30.13247099998989,30.73331579999649,c,1,0.5969006999803241,None,,,,,001,001,2025-09-18_12h23.26.877,Motor Sequence Learning,,2025.1.1,60.1924110617832,2025-09-18 12h23.42.687764 +0530,
-150,z,15,3,3,z,1,0.3564302000158932,None,3,3,15,3,,,,,30.748950099979993,,30.733724799996708,30.748950099979993,31.749907799996436,31.749907799996436,31.749907799996436,31.749907799996436,31.749907799996436,32.23354839999229,32.23354839999229,32.59816540000611,z,1,0.3564302000158932,None,,,,,001,001,2025-09-18_12h23.26.877,Motor Sequence Learning,,2025.1.1,60.1924110617832,2025-09-18 12h23.42.687764 +0530,
-50,x,16,0,4,x,1,0.3596792000171263,None,4,0,16,0,,,,,32.61481699999422,,32.598422499984736,32.61481699999422,33.59898389998125,33.59898389998125,33.59898389998125,33.59898389998125,33.615598899981705,34.09911969999666,34.09911969999666,34.46698090000427,x,1,0.3596792000171263,None,,,,,001,001,2025-09-18_12h23.26.877,Motor Sequence Learning,,2025.1.1,60.1924110617832,2025-09-18 12h23.42.687764 +0530,
150,v,17,1,4,v,1,0.4583249999850523,None,4,1,17,1,,,,,34.48165020000306,,34.46743829999468,34.48165020000306,35.46640239999397,35.46640239999397,35.46640239999397,35.46640239999397,35.48240179999266,35.982062099996256,35.982062099996256,36.45081469998695,v,1,0.4583249999850523,None,,,,,001,001,2025-09-18_12h23.26.877,Motor Sequence Learning,,2025.1.1,60.1924110617832,2025-09-18 12h23.42.687764 +0530,
50,c,18,2,4,c,1,0.7042641000007279,None,4,2,18,2,,,,,36.46507899998687,,36.45132669998566,36.46507899998687,37.46610469999723,37.46610469999723,37.46610469999723,37.46610469999723,37.46610469999723,37.9642668000015,37.9642668000015,38.68150809998042,c,1,0.7042641000007279,None,,,,,001,001,2025-09-18_12h23.26.877,Motor Sequence Learning,,2025.1.1,60.1924110617832,2025-09-18 12h23.42.687764 +0530,
-150,z,19,3,4,z,1,0.36595770000712946,None,4,3,19,3,,,,,38.69752119999612,,38.681801200000336,38.69752119999612,39.680909399990924,39.680909399990924,39.680909399990924,39.680909399990924,39.69798480000463,40.18087640000158,40.18087640000158,40.54793959998642,z,1,0.36595770000712946,None,,,,,001,001,2025-09-18_12h23.26.877,Motor Sequence Learning,,2025.1.1,60.1924110617832,2025-09-18 12h23.42.687764 +0530,
-50,x,20,0,5,x,1,0.32974970000213943,None,5,0,20,0,,,,,40.56431839999277,,40.548211799992714,40.56431839999277,41.54790619999403,41.54790619999403,41.54790619999403,41.54790619999403,41.56459520000499,42.047793299978366,42.047793299978366,42.38118029999896,x,1,0.32974970000213943,None,,,,,001,001,2025-09-18_12h23.26.877,Motor Sequence Learning,,2025.1.1,60.1924110617832,2025-09-18 12h23.42.687764 +0530,
150,v,21,1,5,v,1,0.49331630000961013,None,5,1,21,1,,,,,42.39774429998943,,42.38147989998106,42.39774429998943,43.381016200000886,43.381016200000886,43.381016200000886,43.381016200000886,43.39762299999711,43.88098859999445,43.88098859999445,44.38144840000314,v,1,0.49331630000961013,None,,,,,001,001,2025-09-18_12h23.26.877,Motor Sequence Learning,,2025.1.1,60.1924110617832,2025-09-18 12h23.42.687764 +0530,
50,c,22,2,5,c,1,0.45603299999493174,None,5,2,22,2,,,,,44.39765790000092,,44.3817511999805,44.39765790000092,45.381215400004294,45.381215400004294,45.381215400004294,45.381215400004294,45.39771920000203,45.881330300006084,45.881330300006084,46.3482714999991,c,1,0.45603299999493174,None,,,,,001,001,2025-09-18_12h23.26.877,Motor Sequence Learning,,2025.1.1,60.1924110617832,2025-09-18 12h23.42.687764 +0530,
-150,z,23,3,5,z,1,0.47455539999646135,None,5,3,23,3,,,,,46.36451379998471,,46.348580999998376,46.36451379998471,47.347740299999714,47.347740299999714,47.347740299999714,47.347740299999714,47.36421519998112,47.84750209999038,47.84750209999038,48.33149899999262,z,1,0.47455539999646135,None,,,,,001,001,2025-09-18_12h23.26.877,Motor Sequence Learning,,2025.1.1,60.1924110617832,2025-09-18 12h23.42.687764 +0530,
-50,x,24,0,6,c,0,0.32818609999958426,None,6,0,24,0,,,,,48.34774529997958,,48.331787999981316,48.34774529997958,49.33199809998041,49.33199809998041,49.33199809998041,49.33199809998041,49.348403799987864,49.83105290000094,49.83105290000094,50.164190599985886,c,0,0.32818609999958426,None,,,,,001,001,2025-09-18_12h23.26.877,Motor Sequence Learning,,2025.1.1,60.1924110617832,2025-09-18 12h23.42.687764 +0530,
150,v,25,1,6,v,1,0.40736610000021756,None,6,1,25,1,,,,,50.18119959998876,,50.164392199978465,50.18119959998876,51.164244599989615,51.164244599989615,51.164244599989615,51.164244599989615,51.18077589999302,51.6639276999922,51.6639276999922,52.08165559999179,v,1,0.40736610000021756,None,,,,,001,001,2025-09-18_12h23.26.877,Motor Sequence Learning,,2025.1.1,60.1924110617832,2025-09-18 12h23.42.687764 +0530,
50,c,26,2,6,c,1,0.4825461999862455,None,6,2,26,2,,,,,52.097533599997405,,52.08201449998887,52.097533599997405,53.08100390000618,53.08100390000618,53.08100390000618,53.08100390000618,53.09750819997862,53.59784010000294,53.59784010000294,54.08109429999604,c,1,0.4825461999862455,None,,,,,001,001,2025-09-18_12h23.26.877,Motor Sequence Learning,,2025.1.1,60.1924110617832,2025-09-18 12h23.42.687764 +0530,
-150,z,27,3,6,z,1,0.377441299991915,None,6,3,27,3,,,,,54.097534300002735,,54.08138610000606,54.097534300002735,55.08105280000018,55.08105280000018,55.08105280000018,55.08105280000018,55.09725099999923,55.58054059999995,55.58054059999995,55.96439039998222,z,1,0.377441299991915,None,,,,,001,001,2025-09-18_12h23.26.877,Motor Sequence Learning,,2025.1.1,60.1924110617832,2025-09-18 12h23.42.687764 +0530,
-50,x,28,0,7,x,1,0.40620620001573116,None,7,0,28,0,,,,,55.9807831000071,,55.96466899997904,55.9807831000071,56.964317399979336,56.964317399979336,56.964317399979336,56.964317399979336,56.9805623999855,57.46424249999109,57.46424249999109,57.88173709998955,x,1,0.40620620001573116,None,,,,,001,001,2025-09-18_12h23.26.877,Motor Sequence Learning,,2025.1.1,60.1924110617832,2025-09-18 12h23.42.687764 +0530,
150,v,29,1,7,v,1,0.3203952999901958,None,7,1,29,1,,,,,57.89839389998815,,57.88209719999577,57.89839389998815,58.88231270000688,58.88231270000688,58.88231270000688,58.88231270000688,58.89880549997906,59.39796450000722,59.39796450000722,59.733556399994995,v,1,0.3203952999901958,None,,,,,001,001,2025-09-18_12h23.26.877,Motor Sequence Learning,,2025.1.1,60.1924110617832,2025-09-18 12h23.42.687764 +0530,
50,c,30,2,7,c,1,0.4892726000107359,None,7,2,30,2,,,,,59.74777509999694,,59.73410689999582,59.74777509999694,60.74746589999995,60.74746589999995,60.74746589999995,60.74746589999995,60.74746589999995,61.24742259999039,61.24742259999039,61.74789850000525,c,1,0.4892726000107359,None,,,,,001,001,2025-09-18_12h23.26.877,Motor Sequence Learning,,2025.1.1,60.1924110617832,2025-09-18 12h23.42.687764 +0530,
-150,z,31,3,7,z,1,0.33237390001886524,None,7,3,31,3,,,,,61.764006699988386,,61.748114699992584,61.764006699988386,62.748968500003684,62.748968500003684,62.748968500003684,62.748968500003684,62.76600159998634,63.248967799998354,63.248967799998354,63.58441599999787,z,1,0.33237390001886524,None,,,,,001,001,2025-09-18_12h23.26.877,Motor Sequence Learning,,2025.1.1,60.1924110617832,2025-09-18 12h23.42.687764 +0530,
-50,x,32,0,8,x,1,0.35247029998572543,None,8,0,32,0,,,,,63.599093800003175,,63.58482029999141,63.599093800003175,64.59908119999454,64.59908119999454,64.59908119999454,64.59908119999454,64.59908119999454,65.10187869999208,65.10187869999208,65.46526769999764,x,1,0.35247029998572543,None,,,,,001,001,2025-09-18_12h23.26.877,Motor Sequence Learning,,2025.1.1,60.1924110617832,2025-09-18 12h23.42.687764 +0530,
150,v,33,1,8,v,1,0.3755210000090301,None,8,1,33,1,,,,,65.48147549998248,,65.46563309998601,65.48147549998248,66.48188089998439,66.48188089998439,66.48188089998439,66.48188089998439,66.48188089998439,66.96540499999537,66.96540499999537,67.35018429998308,v,1,0.3755210000090301,None,,,,,001,001,2025-09-18_12h23.26.877,Motor Sequence Learning,,2025.1.1,60.1924110617832,2025-09-18 12h23.42.687764 +0530,
50,c,34,2,8,c,1,0.39080269998521544,None,8,2,34,2,,,,,67.36539599997923,,67.35065119998762,67.36539599997923,68.36562359999516,68.36562359999516,68.36562359999516,68.36562359999516,68.36562359999516,68.84956189998775,68.84956189998775,69.25017439998919,c,1,0.39080269998521544,None,,,,,001,001,2025-09-18_12h23.26.877,Motor Sequence Learning,,2025.1.1,60.1924110617832,2025-09-18 12h23.42.687764 +0530,
-150,z,35,3,8,z,1,0.4275979000085499,None,8,3,35,3,,,,,69.26603909998084,,69.25089249998564,69.26603909998084,70.26468209997984,70.26468209997984,70.26468209997984,70.26468209997984,70.28269669998554,70.76550989999669,70.76550989999669,71.19959689999814,z,1,0.4275979000085499,None,,,,,001,001,2025-09-18_12h23.26.877,Motor Sequence Learning,,2025.1.1,60.1924110617832,2025-09-18 12h23.42.687764 +0530,
-50,x,36,0,9,x,1,0.404536799993366,None,9,0,36,0,,,,,71.2154840999865,,71.19997399998829,71.2154840999865,72.19891129998723,72.19891129998723,72.19891129998723,72.19891129998723,72.2166287,72.69948069998645,72.69948069998645,73.11402629999793,x,1,0.404536799993366,None,,,,,001,001,2025-09-18_12h23.26.877,Motor Sequence Learning,,2025.1.1,60.1924110617832,2025-09-18 12h23.42.687764 +0530,
150,v,37,1,9,v,1,0.2970713000104297,None,9,1,37,1,,,,,73.13047259999439,,73.1142343999818,73.13047259999439,74.11463569998159,74.11463569998159,74.11463569998159,74.11463569998159,74.13091829998302,74.61387659999309,74.61387659999309,74.91427889998886,v,1,0.2970713000104297,None,,,,,001,001,2025-09-18_12h23.26.877,Motor Sequence Learning,,2025.1.1,60.1924110617832,2025-09-18 12h23.42.687764 +0530,
50,c,38,2,9,c,1,0.44054579999647103,None,9,2,38,2,,,,,74.93049919998157,,74.9145030999789,74.93049919998157,75.91420149998157,75.91420149998157,75.91420149998157,75.91420149998157,75.93053539999528,76.41422380000586,76.41422380000586,76.86491319999914,c,1,0.44054579999647103,None,,,,,001,001,2025-09-18_12h23.26.877,Motor Sequence Learning,,2025.1.1,60.1924110617832,2025-09-18 12h23.42.687764 +0530,
-150,z,39,3,9,z,1,0.3354968999919947,None,9,3,39,3,,,,,76.88080179999815,,76.86513029999333,76.88080179999815,77.86422210000455,77.86422210000455,77.86422210000455,77.86422210000455,77.8814541999891,78.36467290000292,78.36467290000292,78.71398279999266,z,1,0.3354968999919947,None,,,,,001,001,2025-09-18_12h23.26.877,Motor Sequence Learning,,2025.1.1,60.1924110617832,2025-09-18 12h23.42.687764 +0530,
-50,x,40,0,10,x,1,0.5245320000103675,None,10,0,40,0,,,,,78.73043890000554,,78.71421310000005,78.73043890000554,79.713940799993,79.713940799993,79.713940799993,79.713940799993,79.73053949998575,80.21409179997863,80.21409179997863,80.7476509999833,x,1,0.5245320000103675,None,,,,,001,001,2025-09-18_12h23.26.877,Motor Sequence Learning,,2025.1.1,60.1924110617832,2025-09-18 12h23.42.687764 +0530,
150,v,41,1,10,v,1,0.34971110001788475,None,10,1,41,1,,,,,80.76396599999862,,80.7479478000023,80.76396599999862,81.7638283999986,81.7638283999986,81.7638283999986,81.7638283999986,81.78111609999905,82.24751869999454,82.24751869999454,82.59774769999785,v,1,0.34971110001788475,None,,,,,001,001,2025-09-18_12h23.26.877,Motor Sequence Learning,,2025.1.1,60.1924110617832,2025-09-18 12h23.42.687764 +0530,
50,c,42,2,10,c,1,0.5845486999896821,None,10,2,42,2,,,,,82.61379939998733,,82.59803559997818,82.61379939998733,83.59701120000682,83.59701120000682,83.59701120000682,83.59701120000682,83.61359480000101,84.09705459998804,84.09705459998804,84.69749530000263,c,1,0.5845486999896821,None,,,,,001,001,2025-09-18_12h23.26.877,Motor Sequence Learning,,2025.1.1,60.1924110617832,2025-09-18 12h23.42.687764 +0530,
-150,z,43,3,10,z,1,0.28501399999368005,None,10,3,43,3,,,,,84.7136698999966,,84.69773809998878,84.7136698999966,85.69872789998772,85.69872789998772,85.69872789998772,85.69872789998772,85.7150804999983,86.19895669998368,86.19895669998368,86.49893109998084,z,1,0.28501399999368005,None,,,,,001,001,2025-09-18_12h23.26.877,Motor Sequence Learning,,2025.1.1,60.1924110617832,2025-09-18 12h23.42.687764 +0530,
-50,x,44,0,11,x,1,0.3398711000045296,None,11,0,44,0,,,,,86.51461369998287,,86.49935209998512,86.51461369998287,87.49869029998081,87.49869029998081,87.49869029998081,87.49869029998081,87.51571599999443,87.99865629998385,87.99865629998385,88.34869149999577,x,1,0.3398711000045296,None,,,,,001,001,2025-09-18_12h23.26.877,Motor Sequence Learning,,2025.1.1,60.1924110617832,2025-09-18 12h23.42.687764 +0530,
150,v,45,1,11,v,1,0.5372363000060432,None,11,1,45,1,,,,,88.36423969999305,,88.34921829999075,88.36423969999305,89.348642500001,89.348642500001,89.348642500001,89.348642500001,89.3667592999991,89.84945009998046,89.84945009998046,90.39876829998684,v,1,0.5372363000060432,None,,,,,001,001,2025-09-18_12h23.26.877,Motor Sequence Learning,,2025.1.1,60.1924110617832,2025-09-18 12h23.42.687764 +0530,
50,c,46,2,11,c,1,0.41477979999035597,None,11,2,46,2,,,,,90.41499540000223,,90.39916820000508,90.41499540000223,91.41486059999443,91.41486059999443,91.41486059999443,91.41486059999443,91.43201739998767,91.91524989999016,91.91524989999016,92.33308009998291,c,1,0.41477979999035597,None,,,,,001,001,2025-09-18_12h23.26.877,Motor Sequence Learning,,2025.1.1,60.1924110617832,2025-09-18 12h23.42.687764 +0530,
-150,z,47,3,11,z,1,0.25947679998353124,None,11,3,47,3,,,,,92.34756719999132,,92.33352660000673,92.34756719999132,93.33227759998408,93.33227759998408,93.33227759998408,93.33227759998408,93.3486261999933,93.8484419999877,93.8484419999877,94.11551959998906,z,1,0.25947679998353124,None,,,,,001,001,2025-09-18_12h23.26.877,Motor Sequence Learning,,2025.1.1,60.1924110617832,2025-09-18 12h23.42.687764 +0530,
-50,x,48,0,12,x,1,0.33527710000635125,None,12,0,48,0,,,,,94.13160279998556,,94.11591949997819,94.13160279998556,95.1160760000057,95.1160760000057,95.1160760000057,95.1160760000057,95.1323881999997,95.63122069998644,95.63122069998644,95.98223259998485,x,1,0.33527710000635125,None,,,,,001,001,2025-09-18_12h23.26.877,Motor Sequence Learning,,2025.1.1,60.1924110617832,2025-09-18 12h23.42.687764 +0530,
150,v,49,1,12,v,1,0.3607683000154793,None,12,1,49,1,,,,,95.99777679998078,,95.98267219998525,95.99777679998078,96.98187679998227,96.98187679998227,96.98187679998227,96.98187679998227,96.99833879998187,97.48239099999773,97.48239099999773,97.84769239998423,v,1,0.3607683000154793,None,,,,,001,001,2025-09-18_12h23.26.877,Motor Sequence Learning,,2025.1.1,60.1924110617832,2025-09-18 12h23.42.687764 +0530,
50,c,50,2,12,c,1,0.41483950000838377,None,12,2,50,2,,,,,97.8638665000035,,97.84797469998011,97.8638665000035,98.84885589999612,98.84885589999612,98.84885589999612,98.84885589999612,98.86570009999559,99.3488005999825,99.3488005999825,99.76675690000411,c,1,0.41483950000838377,None,,,,,001,001,2025-09-18_12h23.26.877,Motor Sequence Learning,,2025.1.1,60.1924110617832,2025-09-18 12h23.42.687764 +0530,
-150,z,51,3,12,z,1,0.2619612999842502,None,12,3,51,3,,,,,99.78134200000204,,99.76724169999943,99.78134200000204,100.78177830000641,100.78177830000641,100.78177830000641,100.78177830000641,100.78177830000641,101.26605979999295,101.26605979999295,101.53402969997842,z,1,0.2619612999842502,None,,,,,001,001,2025-09-18_12h23.26.877,Motor Sequence Learning,,2025.1.1,60.1924110617832,2025-09-18 12h23.42.687764 +0530,
-50,x,52,0,13,x,1,0.2900030000018887,None,13,0,52,0,,,,,101.54814020000049,,101.5347555000044,101.54814020000049,102.54958769999212,102.54958769999212,102.54958769999212,102.54958769999212,102.54958769999212,103.04853869997896,103.04853869997896,103.347277199995,x,1,0.2900030000018887,None,,,,,001,001,2025-09-18_12h23.26.877,Motor Sequence Learning,,2025.1.1,60.1924110617832,2025-09-18 12h23.42.687764 +0530,
150,v,53,1,13,v,1,0.3709912000049371,None,13,1,53,1,,,,,103.36342419998255,,103.34759530000156,103.36342419998255,104.34920309999143,104.34920309999143,104.34920309999143,104.34920309999143,104.36455769999884,104.84728570000152,104.84728570000152,105.23245429998497,v,1,0.3709912000049371,None,,,,,001,001,2025-09-18_12h23.26.877,Motor Sequence Learning,,2025.1.1,60.1924110617832,2025-09-18 12h23.42.687764 +0530,
50,c,54,2,13,c,1,0.37831200001528487,None,13,2,54,2,,,,,105.24746889999369,,105.23294839999289,105.24746889999369,106.24757999999565,106.24757999999565,106.24757999999565,106.24757999999565,106.24757999999565,106.74752119998448,106.74752119998448,107.13297169998987,c,1,0.37831200001528487,None,,,,,001,001,2025-09-18_12h23.26.877,Motor Sequence Learning,,2025.1.1,60.1924110617832,2025-09-18 12h23.42.687764 +0530,
-150,z,55,3,13,z,1,0.2815294000029098,None,13,3,55,3,,,,,107.14860299997963,,107.13345219998155,107.14860299997963,108.14961219998077,108.14961219998077,108.14961219998077,108.14961219998077,108.14961219998077,108.63217569998233,108.63217569998233,108.91497509999317,z,1,0.2815294000029098,None,,,,,001,001,2025-09-18_12h23.26.877,Motor Sequence Learning,,2025.1.1,60.1924110617832,2025-09-18 12h23.42.687764 +0530,
-50,x,56,0,14,x,1,0.28003899997565895,None,14,0,56,0,,,,,108.93015109997941,,108.91537929998594,108.93015109997941,109.91404959998908,109.91404959998908,109.91404959998908,109.91404959998908,109.9313096999831,110.41457759999321,110.41457759999321,110.69961710000644,x,1,0.28003899997565895,None,,,,,001,001,2025-09-18_12h23.26.877,Motor Sequence Learning,,2025.1.1,60.1924110617832,2025-09-18 12h23.42.687764 +0530,
150,v,57,1,14,v,1,0.32776029998785816,None,14,1,57,1,,,,,110.71428459999152,,110.70005099999253,110.71428459999152,111.69922539999243,111.69922539999243,111.69922539999243,111.69922539999243,111.7158374999999,112.21543710000697,112.21543710000697,112.54952679999406,v,1,0.32776029998785816,None,,,,,001,001,2025-09-18_12h23.26.877,Motor Sequence Learning,,2025.1.1,60.1924110617832,2025-09-18 12h23.42.687764 +0530,
50,c,58,2,14,c,1,0.40634340001270175,None,14,2,58,2,,,,,112.56367319999845,,112.55008049999014,112.56367319999845,113.5479851999844,113.5479851999844,113.5479851999844,113.5479851999844,113.56510119998711,114.06584389999625,114.06584389999625,114.48237280000467,c,1,0.40634340001270175,None,,,,,001,001,2025-09-18_12h23.26.877,Motor Sequence Learning,,2025.1.1,60.1924110617832,2025-09-18 12h23.42.687764 +0530,
-150,z,59,3,14,z,1,0.24422059999778867,None,14,3,59,3,,,,,114.49786969998968,,114.48276369998348,114.49786969998968,115.49767310000607,115.49767310000607,115.49767310000607,115.49767310000607,115.49767310000607,115.98204539998551,115.98204539998551,116.23258389998227,z,1,0.24422059999778867,None,,,,,001,001,2025-09-18_12h23.26.877,Motor Sequence Learning,,2025.1.1,60.1924110617832,2025-09-18 12h23.42.687764 +0530,
-50,x,60,0,15,c,0,0.2687492999830283,None,15,0,60,0,,,,,116.24872040000628,,116.23310779998428,116.24872040000628,117.24823669999023,117.24823669999023,117.24823669999023,117.24823669999023,117.24823669999023,117.748752399988,117.748752399988,118.03250420000404,c,0,0.2687492999830283,None,,,,,001,001,2025-09-18_12h23.26.877,Motor Sequence Learning,,2025.1.1,60.1924110617832,2025-09-18 12h23.42.687764 +0530,
150,v,61,1,15,v,1,0.30499450000934303,None,15,1,61,1,,,,,118.04865079998854,,118.03290180000477,118.04865079998854,119.04872399999294,119.04872399999294,119.04872399999294,119.04872399999294,119.06567049998557,119.53111869998975,119.53111869998975,119.84704079999938,v,1,0.30499450000934303,None,,,,,001,001,2025-09-18_12h23.26.877,Motor Sequence Learning,,2025.1.1,60.1924110617832,2025-09-18 12h23.42.687764 +0530,
50,c,62,2,15,v,0,0.3636453000071924,None,15,2,62,2,,,,,119.8633603999915,,119.84732010000153,119.8633603999915,120.84789419997833,120.84789419997833,120.84789419997833,120.84789419997833,120.8641220999998,121.34671990000061,121.34671990000061,121.71376439998858,v,0,0.3636453000071924,None,,,,,001,001,2025-09-18_12h23.26.877,Motor Sequence Learning,,2025.1.1,60.1924110617832,2025-09-18 12h23.42.687764 +0530,
-150,z,63,3,15,z,1,0.37686880002729595,None,15,3,63,3,,,,,121.72955109999748,,121.71404399999301,121.72955109999748,122.71576979997917,122.71576979997917,122.71576979997917,122.71576979997917,122.7315139999846,123.21301099998527,123.21301099998527,123.60017190000508,z,1,0.37686880002729595,None,,,,,001,001,2025-09-18_12h23.26.877,Motor Sequence Learning,,2025.1.1,60.1924110617832,2025-09-18 12h23.42.687764 +0530,
-50,x,64,0,16,x,1,0.3265343999955803,None,16,0,64,0,,,,,123.61398569997982,,123.60083579999628,123.61398569997982,124.61504459998105,124.61504459998105,124.61504459998105,124.61504459998105,124.61504459998105,125.11451970000053,125.11451970000053,125.4489889999968,x,1,0.3265343999955803,None,,,,,001,001,2025-09-18_12h23.26.877,Motor Sequence Learning,,2025.1.1,60.1924110617832,2025-09-18 12h23.42.687764 +0530,
150,v,65,1,16,v,1,0.39418199998908676,None,16,1,65,1,,,,,125.46354709999287,,125.44942799999262,125.46354709999287,126.4630976000044,126.4630976000044,126.4630976000044,126.4630976000044,126.4630976000044,126.96397300000535,126.96397300000535,127.36547930000233,v,1,0.39418199998908676,None,,,,,001,001,2025-09-18_12h23.26.877,Motor Sequence Learning,,2025.1.1,60.1924110617832,2025-09-18 12h23.42.687764 +0530,
50,c,66,2,16,c,1,0.40028249999159016,None,16,2,66,2,,,,,127.38044859998627,,127.3659684000013,127.38044859998627,128.3654935999948,128.3654935999948,128.3654935999948,128.3654935999948,128.3818970999855,128.88142499999958,128.88142499999958,129.28415870000026,c,1,0.40028249999159016,None,,,,,001,001,2025-09-18_12h23.26.877,Motor Sequence Learning,,2025.1.1,60.1924110617832,2025-09-18 12h23.42.687764 +0530,
-150,z,67,3,16,z,1,0.33127570000942796,None,16,3,67,3,,,,,129.3007483999827,,129.28463290000218,129.3007483999827,130.29820319998544,130.29820319998544,130.29820319998544,130.29820319998544,130.3146138000011,130.79816770000616,130.79816770000616,131.13069940000423,z,1,0.33127570000942796,None,,,,,001,001,2025-09-18_12h23.26.877,Motor Sequence Learning,,2025.1.1,60.1924110617832,2025-09-18 12h23.42.687764 +0530,
-50,x,68,0,17,x,1,0.3468052000098396,None,17,0,68,0,,,,,131.14641419998952,,131.13144649998867,131.14641419998952,132.1315667000017,132.1315667000017,132.1315667000017,132.1315667000017,132.1482040999981,132.63078989999485,132.63078989999485,132.98252649998176,x,1,0.3468052000098396,None,,,,,001,001,2025-09-18_12h23.26.877,Motor Sequence Learning,,2025.1.1,60.1924110617832,2025-09-18 12h23.42.687764 +0530,
150,v,69,1,17,v,1,0.38210800001979806,None,17,1,69,1,,,,,132.99754399998346,,132.9830748999957,132.99754399998346,133.9966174000001,133.9966174000001,133.9966174000001,133.9966174000001,133.9966174000001,134.49743259997922,134.49743259997922,134.88013989999308,v,1,0.38210800001979806,None,,,,,001,001,2025-09-18_12h23.26.877,Motor Sequence Learning,,2025.1.1,60.1924110617832,2025-09-18 12h23.42.687764 +0530,
50,c,70,2,17,c,1,0.4288300999905914,None,17,2,70,2,,,,,134.8963511000038,,134.88036119999015,134.8963511000038,135.88058529997943,135.88058529997943,135.88058529997943,135.88058529997943,135.8970699000056,136.38067139999475,136.38067139999475,136.8151072000037,c,1,0.4288300999905914,None,,,,,001,001,2025-09-18_12h23.26.877,Motor Sequence Learning,,2025.1.1,60.1924110617832,2025-09-18 12h23.42.687764 +0530,
-150,z,71,3,17,z,1,0.3474372000200674,None,17,3,71,3,,,,,136.83187589998124,,136.8156958000036,136.83187589998124,137.81564009998692,137.81564009998692,137.81564009998692,137.81564009998692,137.83230869998806,138.32950409999467,138.32950409999467,138.68107469999813,z,1,0.3474372000200674,None,,,,,001,001,2025-09-18_12h23.26.877,Motor Sequence Learning,,2025.1.1,60.1924110617832,2025-09-18 12h23.42.687764 +0530,
-50,x,72,0,18,x,1,0.3145373000006657,None,18,0,72,0,,,,,138.69690899999114,,138.68150279999827,138.69690899999114,139.6812558999809,139.6812558999809,139.6812558999809,139.6812558999809,139.69746110000415,140.1797536999802,140.1797536999802,140.4983479999937,x,1,0.3145373000006657,None,,,,,001,001,2025-09-18_12h23.26.877,Motor Sequence Learning,,2025.1.1,60.1924110617832,2025-09-18 12h23.42.687764 +0530,
150,v,73,1,18,v,1,0.37183980000554584,None,18,1,73,1,,,,,140.5136283999891,,140.49877350000315,140.5136283999891,141.49826769999345,141.49826769999345,141.49826769999345,141.49826769999345,141.51546569998027,141.99745450000046,141.99745450000046,142.3826013999933,v,1,0.37183980000554584,None,,,,,001,001,2025-09-18_12h23.26.877,Motor Sequence Learning,,2025.1.1,60.1924110617832,2025-09-18 12h23.42.687764 +0530,
50,c,74,2,18,c,1,0.3104911999835167,None,18,2,74,2,,,,,142.39700589998392,,142.383064499998,142.39700589998392,143.3997098999971,143.3997098999971,143.3997098999971,143.3997098999971,143.3997098999971,143.89603249999345,143.89603249999345,144.21613849999267,c,1,0.3104911999835167,None,,,,,001,001,2025-09-18_12h23.26.877,Motor Sequence Learning,,2025.1.1,60.1924110617832,2025-09-18 12h23.42.687764 +0530,
-150,z,75,3,18,z,1,0.5415578999964055,None,18,3,75,3,,,,,144.23024360000272,,144.21660189999966,144.23024360000272,145.23101889999816,145.23101889999816,145.23101889999816,145.23101889999816,145.23101889999816,145.72963779998827,145.72963779998827,146.28095200000098,z,1,0.5415578999964055,None,,,,,001,001,2025-09-18_12h23.26.877,Motor Sequence Learning,,2025.1.1,60.1924110617832,2025-09-18 12h23.42.687764 +0530,
-50,x,76,0,19,x,1,0.3151406000251882,None,19,0,76,0,,,,,146.29658359999303,,146.2813852999825,146.29658359999303,147.28088039997965,147.28088039997965,147.28088039997965,147.28088039997965,147.2974969999923,147.78170910000335,147.78170910000335,148.11363089998486,x,1,0.3151406000251882,None,,,,,001,001,2025-09-18_12h23.26.877,Motor Sequence Learning,,2025.1.1,60.1924110617832,2025-09-18 12h23.42.687764 +0530,
150,v,77,1,19,v,1,0.3773215999826789,None,19,1,77,1,,,,,148.12932419998106,,148.1139062999864,148.12932419998106,149.11285309999948,149.11285309999948,149.11285309999948,149.11285309999948,149.12935569998808,149.61274869999033,149.61274869999033,149.9964044999797,v,1,0.3773215999826789,None,,,,,001,001,2025-09-18_12h23.26.877,Motor Sequence Learning,,2025.1.1,60.1924110617832,2025-09-18 12h23.42.687764 +0530,
50,c,78,2,19,c,1,0.3138154000043869,None,19,2,78,2,,,,,150.01275179997901,,149.99672749999445,150.01275179997901,150.99622689999524,150.99622689999524,150.99622689999524,150.99622689999524,151.0142421000055,151.49723229999654,151.49723229999654,151.81343459998607,c,1,0.3138154000043869,None,,,,,001,001,2025-09-18_12h23.26.877,Motor Sequence Learning,,2025.1.1,60.1924110617832,2025-09-18 12h23.42.687764 +0530,
-150,z,79,3,19,z,1,0.33926840001367964,None,19,3,79,3,,,,,151.82981870000367,,151.81370009999955,151.82981870000367,152.81273740000324,152.81273740000324,152.81273740000324,152.81273740000324,152.82943549999618,153.31364730000496,153.31364730000496,153.6645470999938,z,1,0.33926840001367964,None,,,,,001,001,2025-09-18_12h23.26.877,Motor Sequence Learning,,2025.1.1,60.1924110617832,2025-09-18 12h23.42.687764 +0530,
-50,x,80,0,20,z,0,0.3551728999882471,None,20,0,80,0,,,,,153.6798795000068,,153.6649620999815,153.6798795000068,154.6634020000056,154.6634020000056,154.6634020000056,154.6634020000056,154.67999159998726,155.17948500000057,155.17948500000057,155.54640910000307,z,0,0.3551728999882471,None,,,,,001,001,2025-09-18_12h23.26.877,Motor Sequence Learning,,2025.1.1,60.1924110617832,2025-09-18 12h23.42.687764 +0530,
150,v,81,1,20,v,1,0.38494980000541545,None,20,1,81,1,,,,,155.56257869998808,,155.54661459999625,155.56257869998808,156.5476503999962,156.5476503999962,156.5476503999962,156.5476503999962,156.5642155999958,157.0460092999856,157.0460092999856,157.4318651999929,v,1,0.38494980000541545,None,,,,,001,001,2025-09-18_12h23.26.877,Motor Sequence Learning,,2025.1.1,60.1924110617832,2025-09-18 12h23.42.687764 +0530,
50,c,82,2,20,c,1,0.37341159998322837,None,20,2,82,2,,,,,157.4465280000004,,157.43241049998323,157.4465280000004,158.44607169998926,158.44607169998926,158.44607169998926,158.44607169998926,158.44607169998926,158.94846109999344,158.94846109999344,159.33202390000224,c,1,0.37341159998322837,None,,,,,001,001,2025-09-18_12h23.26.877,Motor Sequence Learning,,2025.1.1,60.1924110617832,2025-09-18 12h23.42.687764 +0530,
-150,z,83,3,20,z,1,0.29729789998964407,None,20,3,83,3,,,,,159.34637409998686,,159.33248389998334,159.34637409998686,160.3473783999798,160.3473783999798,160.3473783999798,160.3473783999798,160.3473783999798,160.8302343999967,160.8302343999967,161.13237649999792,z,1,0.29729789998964407,None,,,,,001,001,2025-09-18_12h23.26.877,Motor Sequence Learning,,2025.1.1,60.1924110617832,2025-09-18 12h23.42.687764 +0530,
-50,x,84,0,21,x,1,0.4097419999889098,None,21,0,84,0,,,,,161.14775489998283,,161.13285719999112,161.14775489998283,162.1477973999863,162.1477973999863,162.1477973999863,162.1477973999863,162.1477973999863,162.63158839999232,162.63158839999232,163.04929549997905,x,1,0.4097419999889098,None,,,,,001,001,2025-09-18_12h23.26.877,Motor Sequence Learning,,2025.1.1,60.1924110617832,2025-09-18 12h23.42.687764 +0530,
150,v,85,1,21,v,1,0.421022400027141,None,21,1,85,1,,,,,163.0648186999897,,163.04986790000112,163.0648186999897,164.0637573999993,164.0637573999993,164.0637573999993,164.0637573999993,164.08030649999273,164.56338479998522,164.56338479998522,164.99654219998047,v,1,0.421022400027141,None,,,,,001,001,2025-09-18_12h23.26.877,Motor Sequence Learning,,2025.1.1,60.1924110617832,2025-09-18 12h23.42.687764 +0530,
50,c,86,2,21,c,1,0.41331040000659414,None,21,2,86,2,,,,,165.0125599000021,,164.99689209999633,165.0125599000021,165.99725779998698,165.99725779998698,165.99725779998698,165.99725779998698,166.01440889999503,166.49835469998652,166.49835469998652,166.91594350000378,c,1,0.41331040000659414,None,,,,,001,001,2025-09-18_12h23.26.877,Motor Sequence Learning,,2025.1.1,60.1924110617832,2025-09-18 12h23.42.687764 +0530,
-150,z,87,3,21,z,1,0.315200899989577,None,21,3,87,3,,,,,166.92960919998586,,166.91633730000467,166.92960919998586,167.9305624999979,167.9305624999979,167.9305624999979,167.9305624999979,167.9305624999979,168.42902069998672,168.42902069998672,168.74708189998637,z,1,0.315200899989577,None,,,,,001,001,2025-09-18_12h23.26.877,Motor Sequence Learning,,2025.1.1,60.1924110617832,2025-09-18 12h23.42.687764 +0530,
-50,x,88,0,22,x,1,0.34821359999477863,None,22,0,88,0,,,,,168.76232949999394,,168.74752000000444,168.76232949999394,169.76243350000004,169.76243350000004,169.76243350000004,169.76243350000004,169.76243350000004,170.24772610000218,170.24772610000218,170.59891410000273,x,1,0.34821359999477863,None,,,,,001,001,2025-09-18_12h23.26.877,Motor Sequence Learning,,2025.1.1,60.1924110617832,2025-09-18 12h23.42.687764 +0530,
150,v,89,1,22,v,1,0.4678167999954894,None,22,1,89,1,,,,,170.61293879998266,,170.59929919999558,170.61293879998266,171.61299540000618,171.61299540000618,171.61299540000618,171.61299540000618,171.61299540000618,172.11378509999486,172.11378509999486,172.5970027000003,v,1,0.4678167999954894,None,,,,,001,001,2025-09-18_12h23.26.877,Motor Sequence Learning,,2025.1.1,60.1924110617832,2025-09-18 12h23.42.687764 +0530,
50,c,90,2,22,c,1,0.3650398000027053,None,22,2,90,2,,,,,172.6139104999893,,172.59731539999484,172.6139104999893,173.5957458000048,173.5957458000048,173.5957458000048,173.5957458000048,173.6302638000052,174.0956676999922,174.0956676999922,174.46674380000331,c,1,0.3650398000027053,None,,,,,001,001,2025-09-18_12h23.26.877,Motor Sequence Learning,,2025.1.1,60.1924110617832,2025-09-18 12h23.42.687764 +0530,
-150,z,91,3,22,z,1,0.30487409999477677,None,22,3,91,3,,,,,174.4804723999987,,174.46721179998713,174.4804723999987,175.4805953000032,175.4805953000032,175.4805953000032,175.4805953000032,175.4805953000032,175.98152079997817,175.98152079997817,176.29869820000022,z,1,0.30487409999477677,None,,,,,001,001,2025-09-18_12h23.26.877,Motor Sequence Learning,,2025.1.1,60.1924110617832,2025-09-18 12h23.42.687764 +0530,
-50,x,92,0,23,x,1,0.3431374999927357,None,23,0,92,0,,,,,176.31286289999844,,176.29926860000705,176.31286289999844,177.31404669999029,177.31404669999029,177.31404669999029,177.31404669999029,177.31404669999029,177.81365880000521,177.81365880000521,178.16420129998005,x,1,0.3431374999927357,None,,,,,001,001,2025-09-18_12h23.26.877,Motor Sequence Learning,,2025.1.1,60.1924110617832,2025-09-18 12h23.42.687764 +0530,
150,v,93,1,23,v,1,0.40815040000597946,None,23,1,93,1,,,,,178.18086870000116,,178.16458969999803,178.18086870000116,179.1790381000028,179.1790381000028,179.1790381000028,179.1790381000028,179.19532379999873,179.66317590000108,179.66317590000108,180.08019569999306,v,1,0.40815040000597946,None,,,,,001,001,2025-09-18_12h23.26.877,Motor Sequence Learning,,2025.1.1,60.1924110617832,2025-09-18 12h23.42.687764 +0530,
50,c,94,2,23,c,1,0.310185200010892,None,23,2,94,2,,,,,180.09560239998973,,180.0806903000048,180.09560239998973,181.08108989999164,181.08108989999164,181.08108989999164,181.08108989999164,181.09708949999185,181.59611650000443,181.59611650000443,181.91247889999067,c,1,0.310185200010892,None,,,,,001,001,2025-09-18_12h23.26.877,Motor Sequence Learning,,2025.1.1,60.1924110617832,2025-09-18 12h23.42.687764 +0530,
-150,z,95,3,23,z,1,0.39802719998988323,None,23,3,95,3,,,,,181.9289804,,181.91272009999375,181.9289804,182.91412909998326,182.91412909998326,182.91412909998326,182.91412909998326,182.9299381999881,183.41381999998703,183.41381999998703,183.81496210000478,z,1,0.39802719998988323,None,,,,,001,001,2025-09-18_12h23.26.877,Motor Sequence Learning,,2025.1.1,60.1924110617832,2025-09-18 12h23.42.687764 +0530,
-50,x,96,0,24,x,1,0.3461319000052754,None,24,0,96,0,,,,,183.8291060999909,,183.8153059000033,183.8291060999909,184.83143059999566,184.83143059999566,184.83143059999566,184.83143059999566,184.83143059999566,185.33073289997992,185.33073289997992,185.6809338000021,x,1,0.3461319000052754,None,,,,,001,001,2025-09-18_12h23.26.877,Motor Sequence Learning,,2025.1.1,60.1924110617832,2025-09-18 12h23.42.687764 +0530,
150,v,97,1,24,v,1,0.31941230001393706,None,24,1,97,1,,,,,185.69622079998953,,185.68132489998243,185.69622079998953,186.67978279999807,186.67978279999807,186.67978279999807,186.67978279999807,186.69598140000016,187.18089449999388,187.18089449999388,187.5145256999822,v,1,0.31941230001393706,None,,,,,001,001,2025-09-18_12h23.26.877,Motor Sequence Learning,,2025.1.1,60.1924110617832,2025-09-18 12h23.42.687764 +0530,
50,c,98,2,24,c,1,0.3632357000024058,None,24,2,98,2,,,,,187.5304548999993,,187.51495609999984,187.5304548999993,188.5172418000002,188.5172418000002,188.5172418000002,188.5172418000002,188.53322799998568,189.03014259997872,189.03014259997872,189.39814679999836,c,1,0.3632357000024058,None,,,,,001,001,2025-09-18_12h23.26.877,Motor Sequence Learning,,2025.1.1,60.1924110617832,2025-09-18 12h23.42.687764 +0530,
-150,z,99,3,24,z,1,0.26769960002275184,None,24,3,99,3,,,,,189.41287060000468,,189.39866609999444,189.41287060000468,190.39914799999679,190.39914799999679,190.39914799999679,190.39914799999679,190.413353299984,190.89699219999602,190.89699219999602,191.17912549999892,z,1,0.26769960002275184,None,,,,,001,001,2025-09-18_12h23.26.877,Motor Sequence Learning,,2025.1.1,60.1924110617832,2025-09-18 12h23.42.687764 +0530,
-50,x,100,0,25,x,1,0.3278747000149451,None,25,0,100,0,,,,,191.19561490000342,,191.1793917999894,191.19561490000342,192.17867699998897,192.17867699998897,192.17867699998897,192.17867699998897,192.19520679998095,192.6788760999916,192.6788760999916,193.01254890000564,x,1,0.3278747000149451,None,,,,,001,001,2025-09-18_12h23.26.877,Motor Sequence Learning,,2025.1.1,60.1924110617832,2025-09-18 12h23.42.687764 +0530,
150,v,101,1,25,v,1,0.35027419999823906,None,25,1,101,1,,,,,193.02897149999626,,193.01283890000195,193.02897149999626,194.01224069998716,194.01224069998716,194.01224069998716,194.01224069998716,194.02892909999355,194.52747159998398,194.52747159998398,194.88115319999633,v,1,0.35027419999823906,None,,,,,001,001,2025-09-18_12h23.26.877,Motor Sequence Learning,,2025.1.1,60.1924110617832,2025-09-18 12h23.42.687764 +0530,
50,c,102,2,25,c,1,0.52769139999873,None,25,2,102,2,,,,,194.89619519998087,,194.88160639998387,194.89619519998087,195.8973683999793,195.8973683999793,195.8973683999793,195.8973683999793,195.8973683999793,196.3967854999937,196.3967854999937,196.9311114999873,c,1,0.52769139999873,None,,,,,001,001,2025-09-18_12h23.26.877,Motor Sequence Learning,,2025.1.1,60.1924110617832,2025-09-18 12h23.42.687764 +0530,
-150,z,103,3,25,z,1,0.3156678999948781,None,25,3,103,3,,,,,196.9464597000042,,196.9315541999822,196.9464597000042,197.94623239999055,197.94623239999055,197.94623239999055,197.94623239999055,197.94623239999055,198.44630529999267,198.44630529999267,198.76520029999665,z,1,0.3156678999948781,None,,,,,001,001,2025-09-18_12h23.26.877,Motor Sequence Learning,,2025.1.1,60.1924110617832,2025-09-18 12h23.42.687764 +0530,
-50,x,104,0,26,x,1,0.32995909999590367,None,26,0,104,0,,,,,198.78089870000258,,198.7657130000007,198.78089870000258,199.78046509998967,199.78046509998967,199.78046509998967,199.78046509998967,199.78046509998967,200.2797167999961,200.2797167999961,200.61297600000398,x,1,0.32995909999590367,None,,,,,001,001,2025-09-18_12h23.26.877,Motor Sequence Learning,,2025.1.1,60.1924110617832,2025-09-18 12h23.42.687764 +0530,
150,v,105,1,26,v,1,0.3737814999767579,None,26,1,105,1,,,,,200.6303731999942,,200.6132478999789,200.6303731999942,201.61187110000174,201.61187110000174,201.61187110000174,201.61187110000174,201.6457324999792,202.11295819998486,202.11295819998486,202.49851579999086,v,1,0.3737814999767579,None,,,,,001,001,2025-09-18_12h23.26.877,Motor Sequence Learning,,2025.1.1,60.1924110617832,2025-09-18 12h23.42.687764 +0530,
50,c,106,2,26,c,1,0.4620106999936979,None,26,2,106,2,,,,,202.51360829998157,,202.4991364000016,202.51360829998157,203.5125070999784,203.5125070999784,203.5125070999784,203.5125070999784,203.5125070999784,204.01252839999506,204.01252839999506,204.48150090000127,c,1,0.4620106999936979,None,,,,,001,001,2025-09-18_12h23.26.877,Motor Sequence Learning,,2025.1.1,60.1924110617832,2025-09-18 12h23.42.687764 +0530,
-150,z,107,3,26,z,1,0.3631171000015456,None,26,3,107,3,,,,,204.49750189998304,,204.48206849998678,204.49750189998304,205.48136879998492,205.48136879998492,205.48136879998492,205.48136879998492,205.49798519999604,205.99586850000196,205.99586850000196,206.3637241999968,z,1,0.3631171000015456,None,,,,,001,001,2025-09-18_12h23.26.877,Motor Sequence Learning,,2025.1.1,60.1924110617832,2025-09-18 12h23.42.687764 +0530,
-50,x,108,0,27,x,1,0.7891443000116851,None,27,0,108,0,,,,,206.37896659999387,,206.36417950000032,206.37896659999387,207.3791396000015,207.3791396000015,207.3791396000015,207.3791396000015,207.3791396000015,207.8622967999836,207.8622967999836,208.6637830999971,x,1,0.7891443000116851,None,,,,,001,001,2025-09-18_12h23.26.877,Motor Sequence Learning,,2025.1.1,60.1924110617832,2025-09-18 12h23.42.687764 +0530,
150,v,109,1,27,v,1,0.3537598000257276,None,27,1,109,1,,,,,208.67915339997853,,208.66425559998606,208.67915339997853,209.66343879999476,209.66343879999476,209.66343879999476,209.66343879999476,209.68158959998982,210.1809461999801,210.1809461999801,210.54727369998,v,1,0.3537598000257276,None,,,,,001,001,2025-09-18_12h23.26.877,Motor Sequence Learning,,2025.1.1,60.1924110617832,2025-09-18 12h23.42.687764 +0530,
50,c,110,2,27,c,1,0.35520699998596683,None,27,2,110,2,,,,,210.56325169999036,,210.54773799999384,210.56325169999036,211.54643289998057,211.54643289998057,211.54643289998057,211.54643289998057,211.5639573999797,212.04664689998026,212.04664689998026,212.41362899998785,c,1,0.35520699998596683,None,,,,,001,001,2025-09-18_12h23.26.877,Motor Sequence Learning,,2025.1.1,60.1924110617832,2025-09-18 12h23.42.687764 +0530,
-150,z,111,3,27,z,1,0.3543118000088725,None,27,3,111,3,,,,,212.43089799999143,,212.41407599998638,212.43089799999143,213.41428199998336,213.41428199998336,213.41428199998336,213.41428199998336,213.43073130000266,213.91408039999078,213.91408039999078,214.28126560000237,z,1,0.3543118000088725,None,,,,,001,001,2025-09-18_12h23.26.877,Motor Sequence Learning,,2025.1.1,60.1924110617832,2025-09-18 12h23.42.687764 +0530,
-50,x,112,0,28,x,1,0.48297580002690665,None,28,0,112,0,,,,,214.2965000999975,,214.28172470000573,214.2965000999975,215.29611709999153,215.29611709999153,215.29611709999153,215.29611709999153,215.29611709999153,215.79562990000704,215.79562990000704,216.2821267999825,x,1,0.48297580002690665,None,,,,,001,001,2025-09-18_12h23.26.877,Motor Sequence Learning,,2025.1.1,60.1924110617832,2025-09-18 12h23.42.687764 +0530,
150,v,113,1,28,v,1,0.4327068999991752,None,28,1,113,1,,,,,216.29745149999508,,216.2825501000043,216.29745149999508,217.29683829998248,217.29683829998248,217.29683829998248,217.29683829998248,217.29683829998248,217.79691619999357,217.79691619999357,218.23261320000165,v,1,0.4327068999991752,None,,,,,001,001,2025-09-18_12h23.26.877,Motor Sequence Learning,,2025.1.1,60.1924110617832,2025-09-18 12h23.42.687764 +0530,
50,c,114,2,28,c,1,0.38727380000636913,None,28,2,114,2,,,,,218.24735809999402,,218.23310559999663,218.24735809999402,219.24657879999722,219.24657879999722,219.24657879999722,219.24657879999722,219.2631393999909,219.74774510000134,219.74774510000134,220.1479952999798,c,1,0.38727380000636913,None,,,,,001,001,2025-09-18_12h23.26.877,Motor Sequence Learning,,2025.1.1,60.1924110617832,2025-09-18 12h23.42.687764 +0530,
-150,z,115,3,28,z,1,0.42870059999404475,None,28,3,115,3,,,,,220.16513389998,,220.14867599998252,220.16513389998,221.16148700000485,221.16148700000485,221.16148700000485,221.16148700000485,221.17819449998206,221.6614340999804,221.6614340999804,222.09499949999736,z,1,0.42870059999404475,None,,,,,001,001,2025-09-18_12h23.26.877,Motor Sequence Learning,,2025.1.1,60.1924110617832,2025-09-18 12h23.42.687764 +0530,
-50,x,116,0,29,x,1,0.38887609998346306,None,29,0,116,0,,,,,222.11142629999085,,222.09519819999696,222.11142629999085,223.09478210000088,223.09478210000088,223.09478210000088,223.09478210000088,223.11117920000106,223.59479829997872,223.59479829997872,223.9951933999837,x,1,0.38887609998346306,None,,,,,001,001,2025-09-18_12h23.26.877,Motor Sequence Learning,,2025.1.1,60.1924110617832,2025-09-18 12h23.42.687764 +0530,
150,v,117,1,29,v,1,0.4423561999865342,None,29,1,117,1,,,,,224.0114493999863,,223.9954735999927,224.0114493999863,224.9951727000007,224.9951727000007,224.9951727000007,224.9951727000007,225.01200119999703,225.4956996999972,225.4956996999972,225.94627689998015,v,1,0.4423561999865342,None,,,,,001,001,2025-09-18_12h23.26.877,Motor Sequence Learning,,2025.1.1,60.1924110617832,2025-09-18 12h23.42.687764 +0530,
50,c,118,2,29,c,1,0.5426703999983147,None,29,2,118,2,,,,,225.9627230000042,,225.946655799984,225.9627230000042,226.9467975999869,226.9467975999869,226.9467975999869,226.9467975999869,226.962841999979,227.4629583999922,227.4629583999922,228.01463839999633,c,1,0.5426703999983147,None,,,,,001,001,2025-09-18_12h23.26.877,Motor Sequence Learning,,2025.1.1,60.1924110617832,2025-09-18 12h23.42.687764 +0530,
-150,z,119,3,29,z,1,0.3676765999989584,None,29,3,119,3,,,,,228.03029389999574,,228.01519869998447,228.03029389999574,229.01331529999152,229.01331529999152,229.01331529999152,229.01331529999152,229.02997929998673,229.5296257000009,229.5296257000009,229.91225619998295,z,1,0.3676765999989584,None,,,,,001,001,2025-09-18_12h23.26.877,Motor Sequence Learning,,2025.1.1,60.1924110617832,2025-09-18 12h23.42.687764 +0530,
-50,x,120,0,30,x,1,0.3806236000091303,None,30,0,120,0,,,,,229.92906070000026,,229.91270669997903,229.92906070000026,230.9126557999989,230.9126557999989,230.9126557999989,230.9126557999989,230.92942959998618,231.41321349999635,231.41321349999635,231.7966871999961,x,1,0.3806236000091303,None,,,,,001,001,2025-09-18_12h23.26.877,Motor Sequence Learning,,2025.1.1,60.1924110617832,2025-09-18 12h23.42.687764 +0530,
150,v,121,1,30,v,1,0.39049960000556894,None,30,1,121,1,,,,,231.81286289999844,,231.79707299999427,231.81286289999844,232.79749460000312,232.79749460000312,232.79749460000312,232.79749460000312,232.813585099997,233.29698929999722,233.29698929999722,233.6984162000008,v,1,0.39049960000556894,None,,,,,001,001,2025-09-18_12h23.26.877,Motor Sequence Learning,,2025.1.1,60.1924110617832,2025-09-18 12h23.42.687764 +0530,
50,c,122,2,30,c,1,0.425261500000488,None,30,2,122,2,,,,,233.7134478999942,,233.6988829000038,233.7134478999942,234.7131094999786,234.7131094999786,234.7131094999786,234.7131094999786,234.7131094999786,235.21252149998327,235.21252149998327,235.64516119999462,c,1,0.425261500000488,None,,,,,001,001,2025-09-18_12h23.26.877,Motor Sequence Learning,,2025.1.1,60.1924110617832,2025-09-18 12h23.42.687764 +0530,
-150,z,123,3,30,z,1,0.476938700012397,None,30,3,123,3,,,,,235.66129819999333,,235.6454763999791,235.66129819999333,236.64631660000305,236.64631660000305,236.64631660000305,236.64631660000305,236.66242019998026,237.14692080000532,237.14692080000532,237.62861899999552,z,1,0.476938700012397,None,,,,,001,001,2025-09-18_12h23.26.877,Motor Sequence Learning,,2025.1.1,60.1924110617832,2025-09-18 12h23.42.687764 +0530,
-50,x,124,0,31,x,1,0.3981213000079151,None,31,0,124,0,,,,,237.64473060000455,,237.62895779998507,237.64473060000455,238.6295637000003,238.6295637000003,238.6295637000003,238.6295637000003,238.64937729999656,239.12901239999337,239.12901239999337,239.53099549998296,x,1,0.3981213000079151,None,,,,,001,001,2025-09-18_12h23.26.877,Motor Sequence Learning,,2025.1.1,60.1924110617832,2025-09-18 12h23.42.687764 +0530,
150,v,125,1,31,v,1,0.5572572000091895,None,31,1,125,1,,,,,239.54782109998632,,239.53159319999395,239.54782109998632,240.5468084999884,240.5468084999884,240.5468084999884,240.5468084999884,240.5468084999884,241.0458291999821,241.0458291999821,241.6140925999789,v,1,0.5572572000091895,None,,,,,001,001,2025-09-18_12h23.26.877,Motor Sequence Learning,,2025.1.1,60.1924110617832,2025-09-18 12h23.42.687764 +0530,
50,c,126,2,31,c,1,0.5454355999827385,None,31,2,126,2,,,,,241.63033349998295,,241.61454089998733,241.63033349998295,242.61290320000262,242.61290320000262,242.61290320000262,242.61290320000262,242.62930319999577,243.11386039998615,243.11386039998615,243.66393559999415,c,1,0.5454355999827385,None,,,,,001,001,2025-09-18_12h23.26.877,Motor Sequence Learning,,2025.1.1,60.1924110617832,2025-09-18 12h23.42.687764 +0530,
-150,z,127,3,31,z,1,0.46513269998831674,None,31,3,127,3,,,,,243.67975729997852,,243.6643630999897,243.67975729997852,244.6624016999849,244.6624016999849,244.6624016999849,244.6624016999849,244.6793972000014,245.16342529997928,245.16342529997928,245.63190199999372,z,1,0.46513269998831674,None,,,,,001,001,2025-09-18_12h23.26.877,Motor Sequence Learning,,2025.1.1,60.1924110617832,2025-09-18 12h23.42.687764 +0530,
-50,x,128,0,32,x,1,0.4140437999740243,None,32,0,128,0,,,,,245.64897079998627,,245.63252099999227,245.64897079998627,246.64716049999697,246.64716049999697,246.64716049999697,246.64716049999697,246.66172839998035,247.14608770000632,247.14608770000632,247.56507779998356,x,1,0.4140437999740243,None,,,,,001,001,2025-09-18_12h23.26.877,Motor Sequence Learning,,2025.1.1,60.1924110617832,2025-09-18 12h23.42.687764 +0530,
150,v,129,1,32,v,1,0.3629908000002615,None,32,1,129,1,,,,,247.57969489999232,,247.5656297999958,247.57969489999232,248.57912569999462,248.57912569999462,248.57912569999462,248.57912569999462,248.57912569999462,249.08018379998975,249.08018379998975,249.4470369000046,v,1,0.3629908000002615,None,,,,,001,001,2025-09-18_12h23.26.877,Motor Sequence Learning,,2025.1.1,60.1924110617832,2025-09-18 12h23.42.687764 +0530,
50,c,130,2,32,c,1,0.41634049999993294,None,32,2,130,2,,,,,249.46238630000153,,249.44743810000364,249.46238630000153,250.4617376999813,250.4617376999813,250.4617376999813,250.4617376999813,250.4617376999813,250.9621136999922,250.9621136999922,251.37964909998118,c,1,0.41634049999993294,None,,,,,001,001,2025-09-18_12h23.26.877,Motor Sequence Learning,,2025.1.1,60.1924110617832,2025-09-18 12h23.42.687764 +0530,
-150,z,131,3,32,z,1,0.35153020001598634,None,32,3,131,3,,,,,251.39560689998325,,251.38002489999053,251.39560689998325,252.3795558999991,252.3795558999991,252.3795558999991,252.3795558999991,252.39613859998644,252.87894520000555,252.87894520000555,253.24504879998858,z,1,0.35153020001598634,None,,,,,001,001,2025-09-18_12h23.26.877,Motor Sequence Learning,,2025.1.1,60.1924110617832,2025-09-18 12h23.42.687764 +0530,
-50,x,132,0,33,x,1,0.3619960999931209,None,33,0,132,0,,,,,253.26151260000188,,253.245377299987,253.26151260000188,254.24555649998365,254.24555649998365,254.24555649998365,254.24555649998365,254.26213960000314,254.7441739999922,254.7441739999922,255.11306770000374,x,1,0.3619960999931209,None,,,,,001,001,2025-09-18_12h23.26.877,Motor Sequence Learning,,2025.1.1,60.1924110617832,2025-09-18 12h23.42.687764 +0530,
150,v,133,1,33,v,1,0.4062045000027865,None,33,1,133,1,,,,,255.1294409999973,,255.11346579997917,255.1294409999973,256.1114403999818,256.1114403999818,256.1114403999818,256.1114403999818,256.14596860000165,256.6113810999959,256.6113810999959,257.0305273999984,v,1,0.4062045000027865,None,,,,,001,001,2025-09-18_12h23.26.877,Motor Sequence Learning,,2025.1.1,60.1924110617832,2025-09-18 12h23.42.687764 +0530,
50,c,134,2,33,c,1,0.4332701000093948,None,33,2,134,2,,,,,257.04680369998096,,257.03094379999675,257.04680369998096,258.0299395000038,258.0299395000038,258.0299395000038,258.0299395000038,258.0473378000024,258.52959479999845,258.52959479999845,258.97859799998696,c,1,0.4332701000093948,None,,,,,001,001,2025-09-18_12h23.26.877,Motor Sequence Learning,,2025.1.1,60.1924110617832,2025-09-18 12h23.42.687764 +0530,
-150,z,135,3,33,z,1,0.5057927999878302,None,33,3,135,3,,,,,258.9942984999798,,258.9789833999821,258.9942984999798,259.97854959999677,259.97854959999677,259.97854959999677,259.97854959999677,259.9957845000026,260.48027410000213,260.48027410000213,260.99754119999125,z,1,0.5057927999878302,None,,,,,001,001,2025-09-18_12h23.26.877,Motor Sequence Learning,,2025.1.1,60.1924110617832,2025-09-18 12h23.42.687764 +0530,
-50,x,136,0,34,x,1,0.4447426999977324,None,34,0,136,0,,,,,261.0135675999918,,260.99804099998437,261.0135675999918,262.01265359998797,262.01265359998797,262.01265359998797,262.01265359998797,262.028986099991,262.5123115000024,262.5123115000024,262.9637814000016,x,1,0.4447426999977324,None,,,,,001,001,2025-09-18_12h23.26.877,Motor Sequence Learning,,2025.1.1,60.1924110617832,2025-09-18 12h23.42.687764 +0530,
150,v,137,1,34,v,1,0.4006707000080496,None,34,1,137,1,,,,,262.979714599991,,262.9642331000068,262.979714599991,263.9787629999919,263.9787629999919,263.9787629999919,263.9787629999919,263.9787629999919,264.46323639998445,264.46323639998445,264.8806826999935,v,1,0.4006707000080496,None,,,,,001,001,2025-09-18_12h23.26.877,Motor Sequence Learning,,2025.1.1,60.1924110617832,2025-09-18 12h23.42.687764 +0530,
50,c,138,2,34,c,1,0.38390650000656024,None,34,2,138,2,,,,,264.8966625999892,,264.8812117000052,264.8966625999892,265.8958108999941,265.8958108999941,265.8958108999941,265.8958108999941,265.8958108999941,266.37979609999456,266.37979609999456,266.7645358000009,c,1,0.38390650000656024,None,,,,,001,001,2025-09-18_12h23.26.877,Motor Sequence Learning,,2025.1.1,60.1924110617832,2025-09-18 12h23.42.687764 +0530,
-150,z,139,3,34,z,1,0.3616145999985747,None,34,3,139,3,,,,,266.77885740000056,,266.7649815999903,266.77885740000056,267.77735649998067,267.77735649998067,267.77735649998067,267.77735649998067,267.7942351999809,268.278390499996,268.278390499996,268.64747229998466,z,1,0.3616145999985747,None,,,,,001,001,2025-09-18_12h23.26.877,Motor Sequence Learning,,2025.1.1,60.1924110617832,2025-09-18 12h23.42.687764 +0530,
-50,x,140,0,35,x,1,0.43372359999921173,None,35,0,140,0,,,,,268.6624581000069,,268.648028399999,268.6624581000069,269.6609810999944,269.6609810999944,269.6609810999944,269.6609810999944,269.6776119999995,270.1615057000017,270.1615057000017,270.6115247999842,x,1,0.43372359999921173,None,,,,,001,001,2025-09-18_12h23.26.877,Motor Sequence Learning,,2025.1.1,60.1924110617832,2025-09-18 12h23.42.687764 +0530,
150,v,141,1,35,v,1,0.36357200000202283,None,35,1,141,1,,,,,270.62939929999993,,270.61178390000714,270.62939929999993,271.61210389999906,271.61210389999906,271.61210389999906,271.61210389999906,271.6283198999881,272.11180280000553,272.11180280000553,272.47947150000255,v,1,0.36357200000202283,None,,,,,001,001,2025-09-18_12h23.26.877,Motor Sequence Learning,,2025.1.1,60.1924110617832,2025-09-18 12h23.42.687764 +0530,
50,c,142,2,35,c,1,0.355779600009555,None,35,2,142,2,,,,,272.495247999992,,272.47990559999016,272.495247999992,273.47835099999793,273.47835099999793,273.47835099999793,273.47835099999793,273.4953603000031,273.9798274000059,273.9798274000059,274.3459488999797,c,1,0.355779600009555,None,,,,,001,001,2025-09-18_12h23.26.877,Motor Sequence Learning,,2025.1.1,60.1924110617832,2025-09-18 12h23.42.687764 +0530,
-150,z,143,3,35,z,1,0.30119460000423715,None,35,3,143,3,,,,,274.36219650000567,,274.3463371999969,274.36219650000567,275.3607963999966,275.3607963999966,275.3607963999966,275.3607963999966,275.3775176999916,275.845259099995,275.845259099995,276.16239199999836,z,1,0.30119460000423715,None,,,,,001,001,2025-09-18_12h23.26.877,Motor Sequence Learning,,2025.1.1,60.1924110617832,2025-09-18 12h23.42.687764 +0530,
-50,x,144,0,36,x,1,0.3967228000110481,None,36,0,144,0,,,,,276.1787197999947,,276.16278479999164,276.1787197999947,277.16128339999705,277.16128339999705,277.16128339999705,277.16128339999705,277.1778003000072,277.6627356999961,277.6627356999961,278.06311409999034,x,1,0.3967228000110481,None,,,,,001,001,2025-09-18_12h23.26.877,Motor Sequence Learning,,2025.1.1,60.1924110617832,2025-09-18 12h23.42.687764 +0530,
150,v,145,1,36,v,1,0.41530880000209436,None,36,1,145,1,,,,,278.07754430000205,,278.063636899984,278.07754430000205,279.07755200000247,279.07755200000247,279.07755200000247,279.07755200000247,279.07755200000247,279.5609865000006,279.5609865000006,279.9799384000071,v,1,0.41530880000209436,None,,,,,001,001,2025-09-18_12h23.26.877,Motor Sequence Learning,,2025.1.1,60.1924110617832,2025-09-18 12h23.42.687764 +0530,
50,c,146,2,36,c,1,0.32802720001200214,None,36,2,146,2,,,,,279.99517359997844,,279.9803272999998,279.99517359997844,280.9962712999841,280.9962712999841,280.9962712999841,280.9962712999841,280.9962712999841,281.4962528999895,281.4962528999895,281.82893180000247,c,1,0.32802720001200214,None,,,,,001,001,2025-09-18_12h23.26.877,Motor Sequence Learning,,2025.1.1,60.1924110617832,2025-09-18 12h23.42.687764 +0530,
-150,z,147,3,36,z,1,0.3698739999963436,None,36,3,147,3,,,,,281.8452071000065,,281.8293112999818,281.8452071000065,282.82870129999355,282.82870129999355,282.82870129999355,282.82870129999355,282.8451139999961,283.32869409999694,283.32869409999694,283.7134775999875,z,1,0.3698739999963436,None,,,,,001,001,2025-09-18_12h23.26.877,Motor Sequence Learning,,2025.1.1,60.1924110617832,2025-09-18 12h23.42.687764 +0530,
-50,x,148,0,37,x,1,0.5504856000188738,None,37,0,148,0,,,,,283.72845699999016,,283.71392819998437,283.72845699999016,284.71247879997827,284.71247879997827,284.71247879997827,284.71247879997827,284.7293531000032,285.2283755999815,285.2283755999815,285.7797067000065,x,1,0.5504856000188738,None,,,,,001,001,2025-09-18_12h23.26.877,Motor Sequence Learning,,2025.1.1,60.1924110617832,2025-09-18 12h23.42.687764 +0530,
150,v,149,1,37,v,1,0.44842420000350103,None,37,1,149,1,,,,,285.79515249998076,,285.78009749998455,285.79515249998076,286.7785266999854,286.7785266999854,286.7785266999854,286.7785266999854,286.7942066999967,287.27877819997957,287.27877819997957,287.72855400000117,v,1,0.44842420000350103,None,,,,,001,001,2025-09-18_12h23.26.877,Motor Sequence Learning,,2025.1.1,60.1924110617832,2025-09-18 12h23.42.687764 +0530,
50,c,150,2,37,c,1,0.38063970001530834,None,37,2,150,2,,,,,287.7453231999825,,287.7290707999782,287.7453231999825,288.7287202999869,288.7287202999869,288.7287202999869,288.7287202999869,288.7447532999795,289.22855460000574,289.22855460000574,289.61292069999035,c,1,0.38063970001530834,None,,,,,001,001,2025-09-18_12h23.26.877,Motor Sequence Learning,,2025.1.1,60.1924110617832,2025-09-18 12h23.42.687764 +0530,
-150,z,151,3,37,z,1,0.44451570001547225,None,37,3,151,3,,,,,289.62792169998283,,289.6134126999823,289.62792169998283,290.61293469998054,290.61293469998054,290.61293469998054,290.61293469998054,290.6295589999936,291.1278723999858,291.1278723999858,291.57885989997885,z,1,0.44451570001547225,None,,,,,001,001,2025-09-18_12h23.26.877,Motor Sequence Learning,,2025.1.1,60.1924110617832,2025-09-18 12h23.42.687764 +0530,
-50,x,152,0,38,x,1,0.380871000001207,None,38,0,152,0,,,,,291.5945834000013,,291.5792698999867,291.5945834000013,292.57856239998364,292.57856239998364,292.57856239998364,292.57856239998364,292.5952479999978,293.0945173999935,293.0945173999935,293.47991779999575,x,1,0.380871000001207,None,,,,,001,001,2025-09-18_12h23.26.877,Motor Sequence Learning,,2025.1.1,60.1924110617832,2025-09-18 12h23.42.687764 +0530,
150,v,153,1,38,v,1,0.4371367999992799,None,38,1,153,1,,,,,293.49492749999627,,293.48029710000264,293.49492749999627,294.4790063999826,294.4790063999826,294.4790063999826,294.4790063999826,294.49610779999057,294.97991130000446,294.97991130000446,295.43018259998644,v,1,0.4371367999992799,None,,,,,001,001,2025-09-18_12h23.26.877,Motor Sequence Learning,,2025.1.1,60.1924110617832,2025-09-18 12h23.42.687764 +0530,
50,c,154,2,38,c,1,0.5374146999965888,None,38,2,154,2,,,,,295.44589529998484,,295.4306660000002,295.44589529998484,296.4287542999955,296.4287542999955,296.4287542999955,296.4287542999955,296.4456210999924,296.9463711999997,296.9463711999997,297.4940706999914,c,1,0.5374146999965888,None,,,,,001,001,2025-09-18_12h23.26.877,Motor Sequence Learning,,2025.1.1,60.1924110617832,2025-09-18 12h23.42.687764 +0530,
-150,z,155,3,38,z,1,0.43709260001196526,None,38,3,155,3,,,,,297.5104512999824,,297.4942861000018,297.5104512999824,298.4950934999797,298.4950934999797,298.4950934999797,298.4950934999797,298.51132200000575,298.99535049998667,298.99535049998667,299.4440312999941,z,1,0.43709260001196526,None,,,,,001,001,2025-09-18_12h23.26.877,Motor Sequence Learning,,2025.1.1,60.1924110617832,2025-09-18 12h23.42.687764 +0530,
-50,x,156,0,39,x,1,0.5353012999985367,None,39,0,156,0,,,,,299.46026419999544,,299.4443083999795,299.46026419999544,300.44546399998944,300.44546399998944,300.44546399998944,300.44546399998944,300.46210449998034,300.9451310999866,300.9451310999866,301.4960502999893,x,1,0.5353012999985367,None,,,,,001,001,2025-09-18_12h23.26.877,Motor Sequence Learning,,2025.1.1,60.1924110617832,2025-09-18 12h23.42.687764 +0530,
150,v,157,1,39,v,1,0.4158441000035964,None,39,1,157,1,,,,,301.51130980000016,,301.49675229997956,301.51130980000016,302.49491999999736,302.49491999999736,302.49491999999736,302.49491999999736,302.51176179997856,303.0119388999883,303.0119388999883,303.4311265999859,v,1,0.4158441000035964,None,,,,,001,001,2025-09-18_12h23.26.877,Motor Sequence Learning,,2025.1.1,60.1924110617832,2025-09-18 12h23.42.687764 +0530,
50,c,158,2,39,c,1,0.3481047000095714,None,39,2,158,2,,,,,303.445919699996,,303.4316286999965,303.445919699996,304.44511599998805,304.44511599998805,304.44511599998805,304.44511599998805,304.44511599998805,304.9453946999856,304.9453946999856,305.2967132999911,c,1,0.3481047000095714,None,,,,,001,001,2025-09-18_12h23.26.877,Motor Sequence Learning,,2025.1.1,60.1924110617832,2025-09-18 12h23.42.687764 +0530,
-150,z,159,3,39,z,1,0.300160999991931,None,39,3,159,3,,,,,305.3125741999829,,305.2971838999947,305.3125741999829,306.3118402999826,306.3118402999826,306.3118402999826,306.3118402999826,306.3118402999826,306.7958234999969,306.7958234999969,307.0973505000002,z,1,0.300160999991931,None,,,,,001,001,2025-09-18_12h23.26.877,Motor Sequence Learning,,2025.1.1,60.1924110617832,2025-09-18 12h23.42.687764 +0530,
-50,x,160,0,40,x,1,0.3269258000073023,None,40,0,160,0,,,,,307.11275800000294,,307.0978963999951,307.11275800000294,308.11275149998255,308.11275149998255,308.11275149998255,308.11275149998255,308.11275149998255,308.6117035000061,308.6117035000061,308.94511939998483,x,1,0.3269258000073023,None,,,,,001,001,2025-09-18_12h23.26.877,Motor Sequence Learning,,2025.1.1,60.1924110617832,2025-09-18 12h23.42.687764 +0530,
150,v,161,1,40,v,1,0.3459112999844365,None,40,1,161,1,,,,,308.96348869998474,,308.94559409999056,308.96348869998474,309.94577389999176,309.94577389999176,309.94577389999176,309.94577389999176,309.97871910000686,310.4452795999823,310.4452795999823,310.7955934999918,v,1,0.3459112999844365,None,,,,,001,001,2025-09-18_12h23.26.877,Motor Sequence Learning,,2025.1.1,60.1924110617832,2025-09-18 12h23.42.687764 +0530,
50,c,162,2,40,c,1,0.3732662000111304,None,40,2,162,2,,,,,310.8114397999889,,310.796070899989,310.8114397999889,311.79555799998343,311.79555799998343,311.79555799998343,311.79555799998343,311.81204889999935,312.3113858999859,312.3113858999859,312.6963507999899,c,1,0.3732662000111304,None,,,,,001,001,2025-09-18_12h23.26.877,Motor Sequence Learning,,2025.1.1,60.1924110617832,2025-09-18 12h23.42.687764 +0530,
-150,z,163,3,40,z,1,0.4033950000011828,None,40,3,163,3,,,,,312.7110463999852,,312.6968992000038,312.7110463999852,313.71124659999623,313.71124659999623,313.71124659999623,313.71124659999623,313.71124659999623,314.19573849998415,314.19573849998415,314.61033789999783,z,1,0.4033950000011828,None,,,,,001,001,2025-09-18_12h23.26.877,Motor Sequence Learning,,2025.1.1,60.1924110617832,2025-09-18 12h23.42.687764 +0530,
-50,x,164,0,41,x,1,0.3616856000153348,None,41,0,164,0,,,,,314.6269839000015,,314.6106366000022,314.6269839000015,315.6116345000046,315.6116345000046,315.6116345000046,315.6116345000046,315.62813050000113,316.11232739998377,316.11232739998377,316.4776053999958,x,1,0.3616856000153348,None,,,,,001,001,2025-09-18_12h23.26.877,Motor Sequence Learning,,2025.1.1,60.1924110617832,2025-09-18 12h23.42.687764 +0530,
150,v,165,1,41,v,1,0.5141230000008363,None,41,1,165,1,,,,,316.4936156999902,,316.47788779999246,316.4936156999902,317.4780834999983,317.4780834999983,317.4780834999983,317.4780834999983,317.49480359998415,317.97739779998665,317.97739779998665,318.4959588999918,v,1,0.5141230000008363,None,,,,,001,001,2025-09-18_12h23.26.877,Motor Sequence Learning,,2025.1.1,60.1924110617832,2025-09-18 12h23.42.687764 +0530,
50,c,166,2,41,c,1,0.5200219000107609,None,41,2,166,2,,,,,318.510858499998,,318.4963477999845,318.510858499998,319.5119743999967,319.5119743999967,319.5119743999967,319.5119743999967,319.5119743999967,320.01199080000515,320.01199080000515,320.54453650000505,c,1,0.5200219000107609,None,,,,,001,001,2025-09-18_12h23.26.877,Motor Sequence Learning,,2025.1.1,60.1924110617832,2025-09-18 12h23.42.687764 +0530,
-150,z,167,3,41,z,1,0.41049320000456646,None,41,3,167,3,,,,,320.5607028999948,,320.54494759999216,320.5607028999948,321.5443810999859,321.5443810999859,321.5443810999859,321.5443810999859,321.5616463999904,322.0443554999947,322.0443554999947,322.46220199999516,z,1,0.41049320000456646,None,,,,,001,001,2025-09-18_12h23.26.877,Motor Sequence Learning,,2025.1.1,60.1924110617832,2025-09-18 12h23.42.687764 +0530,
-50,x,168,0,42,x,1,0.6712753000028897,None,42,0,168,0,,,,,322.4772959999973,,322.46286119997967,322.4772959999973,323.476923899987,323.476923899987,323.476923899987,323.476923899987,323.476923899987,323.9765658999968,323.9765658999968,324.6603075999883,x,1,0.6712753000028897,None,,,,,001,001,2025-09-18_12h23.26.877,Motor Sequence Learning,,2025.1.1,60.1924110617832,2025-09-18 12h23.42.687764 +0530,
150,v,169,1,42,v,1,0.4171006000251509,None,42,1,169,1,,,,,324.6768267999869,,324.66059029998723,324.6768267999869,325.66103449999355,325.66103449999355,325.66103449999355,325.66103449999355,325.6789071999956,326.161620400002,326.161620400002,326.58025699999416,v,1,0.4171006000251509,None,,,,,001,001,2025-09-18_12h23.26.877,Motor Sequence Learning,,2025.1.1,60.1924110617832,2025-09-18 12h23.42.687764 +0530,
50,c,170,2,42,c,1,0.4141149999923073,None,42,2,170,2,,,,,326.5947470999963,,326.58069740000064,326.5947470999963,327.594761299988,327.594761299988,327.594761299988,327.594761299988,327.6118031999795,328.0943714999885,328.0943714999885,328.5122493999952,c,1,0.4141149999923073,None,,,,,001,001,2025-09-18_12h23.26.877,Motor Sequence Learning,,2025.1.1,60.1924110617832,2025-09-18 12h23.42.687764 +0530,
-150,z,171,3,42,z,1,0.4430818000109866,None,42,3,171,3,,,,,328.52741399998195,,328.5126487999805,328.52741399998195,329.5115676999849,329.5115676999849,329.5115676999849,329.5115676999849,329.52784709999105,330.0110694000032,330.0110694000032,330.46101579998503,z,1,0.4430818000109866,None,,,,,001,001,2025-09-18_12h23.26.877,Motor Sequence Learning,,2025.1.1,60.1924110617832,2025-09-18 12h23.42.687764 +0530,
-50,x,172,0,43,x,1,0.47494370001368225,None,43,0,172,0,,,,,330.4779109999945,,330.4612546999997,330.4779109999945,331.4602244999842,331.4602244999842,331.4602244999842,331.4602244999842,331.4946122999827,331.9608352999785,331.9608352999785,332.445266499999,x,1,0.47494370001368225,None,,,,,001,001,2025-09-18_12h23.26.877,Motor Sequence Learning,,2025.1.1,60.1924110617832,2025-09-18 12h23.42.687764 +0530,
150,v,173,1,43,v,1,0.5077003999904264,None,43,1,173,1,,,,,332.4599803999881,,332.44573690000107,332.4599803999881,333.45950629998697,333.45950629998697,333.45950629998697,333.45950629998697,333.45950629998697,333.94366509999963,333.94366509999963,334.46081889999914,v,1,0.5077003999904264,None,,,,,001,001,2025-09-18_12h23.26.877,Motor Sequence Learning,,2025.1.1,60.1924110617832,2025-09-18 12h23.42.687764 +0530,
50,c,174,2,43,c,1,0.4830608999764081,None,43,2,174,2,,,,,334.47630549999303,,334.4613774000027,334.47630549999303,335.4603752999974,335.4603752999974,335.4603752999974,335.4603752999974,335.47759339999175,335.960905999993,335.960905999993,336.4476014999964,c,1,0.4830608999764081,None,,,,,001,001,2025-09-18_12h23.26.877,Motor Sequence Learning,,2025.1.1,60.1924110617832,2025-09-18 12h23.42.687764 +0530,
-150,z,175,3,43,z,1,0.373624200001359,None,43,3,175,3,,,,,336.4613739000051,,336.4480847999803,336.4613739000051,337.46216709999135,337.46216709999135,337.46216709999135,337.46216709999135,337.46216709999135,337.9607421999972,337.9607421999972,338.3457309999794,z,1,0.373624200001359,None,,,,,001,001,2025-09-18_12h23.26.877,Motor Sequence Learning,,2025.1.1,60.1924110617832,2025-09-18 12h23.42.687764 +0530,
-50,x,176,0,44,x,1,0.5808527999906801,None,44,0,176,0,,,,,338.36085989998537,,338.34618969997973,338.36085989998537,339.34464709999156,339.34464709999156,339.34464709999156,339.34464709999156,339.3618343999842,339.86014559998875,339.86014559998875,340.44500710000284,x,1,0.5808527999906801,None,,,,,001,001,2025-09-18_12h23.26.877,Motor Sequence Learning,,2025.1.1,60.1924110617832,2025-09-18 12h23.42.687764 +0530,
150,v,177,1,44,v,1,0.444559700001264,None,44,1,177,1,,,,,340.4632977999863,,340.44540090000373,340.4632977999863,341.44464199998765,341.44464199998765,341.44464199998765,341.44464199998765,341.47852299999795,341.96043279999867,341.96043279999867,342.41133309999714,v,1,0.444559700001264,None,,,,,001,001,2025-09-18_12h23.26.877,Motor Sequence Learning,,2025.1.1,60.1924110617832,2025-09-18 12h23.42.687764 +0530,
50,c,178,2,44,c,1,0.3870562999800313,None,44,2,178,2,,,,,342.4279167999921,,342.41171809998923,342.4279167999921,343.4280063000042,343.4280063000042,343.4280063000042,343.4280063000042,343.4280063000042,343.91090570000233,343.91090570000233,344.3128112999839,c,1,0.3870562999800313,None,,,,,001,001,2025-09-18_12h23.26.877,Motor Sequence Learning,,2025.1.1,60.1924110617832,2025-09-18 12h23.42.687764 +0530,
-150,z,179,3,44,z,1,0.47037759999511763,None,44,3,179,3,,,,,344.3291639999952,,344.31323309999425,344.3291639999952,345.32811040000524,345.32811040000524,345.32811040000524,345.32811040000524,345.3446605000063,345.8118565999903,345.8118565999903,346.2964306999929,z,1,0.47037759999511763,None,,,,,001,001,2025-09-18_12h23.26.877,Motor Sequence Learning,,2025.1.1,60.1924110617832,2025-09-18 12h23.42.687764 +0530,
-50,x,180,0,45,x,1,0.5522982999973465,None,45,0,180,0,,,,,346.3109644999786,,346.2968755000038,346.3109644999786,347.31131489999825,347.31131489999825,347.31131489999825,347.31131489999825,347.31131489999825,347.79503089998616,347.79503089998616,348.36186099998304,x,1,0.5522982999973465,None,,,,,001,001,2025-09-18_12h23.26.877,Motor Sequence Learning,,2025.1.1,60.1924110617832,2025-09-18 12h23.42.687764 +0530,
150,v,181,1,45,v,1,0.3461389999720268,None,45,1,181,1,,,,,348.37784840000677,,348.36233000000357,348.37784840000677,349.3606904000044,349.3606904000044,349.3606904000044,349.3606904000044,349.37749579999945,349.861470200005,349.861470200005,350.2120354999788,v,1,0.3461389999720268,None,,,,,001,001,2025-09-18_12h23.26.877,Motor Sequence Learning,,2025.1.1,60.1924110617832,2025-09-18 12h23.42.687764 +0530,
50,c,182,2,45,c,1,0.4911083000188228,None,45,2,182,2,,,,,350.2281282999902,,350.2126915999979,350.2281282999902,351.21067139998195,351.21067139998195,351.21067139998195,351.21067139998195,351.227069799992,351.7270731999888,351.7270731999888,352.2282103000034,c,1,0.4911083000188228,None,,,,,001,001,2025-09-18_12h23.26.877,Motor Sequence Learning,,2025.1.1,60.1924110617832,2025-09-18 12h23.42.687764 +0530,
-150,z,183,3,45,z,1,0.3915295999904629,None,45,3,183,3,,,,,352.24398599998676,,352.22859620000236,352.24398599998676,353.2441825999995,353.2441825999995,353.2441825999995,353.2441825999995,353.2441825999995,353.72761249999166,353.72761249999166,354.1280511999794,z,1,0.3915295999904629,None,,,,,001,001,2025-09-18_12h23.26.877,Motor Sequence Learning,,2025.1.1,60.1924110617832,2025-09-18 12h23.42.687764 +0530,
-50,x,184,0,46,x,1,0.4675540999742225,None,46,0,184,0,,,,,354.14447709999513,,354.12854409997817,354.14447709999513,355.12735450000037,355.12735450000037,355.12735450000037,355.12735450000037,355.1446585999802,355.6274759999942,355.6274759999942,356.1115388000035,x,1,0.4675540999742225,None,,,,,001,001,2025-09-18_12h23.26.877,Motor Sequence Learning,,2025.1.1,60.1924110617832,2025-09-18 12h23.42.687764 +0530,
150,v,185,1,46,v,1,0.5178216999920551,None,46,1,185,1,,,,,356.1273743000056,,356.11191479998524,356.1273743000056,357.1117211999954,357.1117211999954,357.1117211999954,357.1117211999954,357.12665079999715,357.6116339,357.6116339,358.1439929000044,v,1,0.5178216999920551,None,,,,,001,001,2025-09-18_12h23.26.877,Motor Sequence Learning,,2025.1.1,60.1924110617832,2025-09-18 12h23.42.687764 +0530,
50,c,186,2,46,c,1,0.3635379000043031,None,46,2,186,2,,,,,358.1615611999878,,358.14437460000045,358.1615611999878,359.1442895999935,359.1442895999935,359.1442895999935,359.1442895999935,359.1602157999878,359.6442485000007,359.6442485000007,360.01274079998257,c,1,0.3635379000043031,None,,,,,001,001,2025-09-18_12h23.26.877,Motor Sequence Learning,,2025.1.1,60.1924110617832,2025-09-18 12h23.42.687764 +0530,
-150,z,187,3,46,z,1,0.31612820000736974,None,46,3,187,3,,,,,360.02764089999255,,360.0131553999963,360.02764089999255,361.02657909999834,361.02657909999834,361.02657909999834,361.02657909999834,361.02657909999834,361.52769909999915,361.52769909999915,361.8446449000039,z,1,0.31612820000736974,None,,,,,001,001,2025-09-18_12h23.26.877,Motor Sequence Learning,,2025.1.1,60.1924110617832,2025-09-18 12h23.42.687764 +0530,
-50,x,188,0,47,x,1,0.5342953999934252,None,47,0,188,0,,,,,361.86026409998885,,361.8449931999785,361.86026409998885,362.84487889998127,362.84487889998127,362.84487889998127,362.84487889998127,362.8615718999936,363.34465359998285,363.34465359998285,363.89460199998575,x,1,0.5342953999934252,None,,,,,001,001,2025-09-18_12h23.26.877,Motor Sequence Learning,,2025.1.1,60.1924110617832,2025-09-18 12h23.42.687764 +0530,
150,v,189,1,47,v,1,0.45279879998997785,None,47,1,189,1,,,,,363.9109730999917,,363.8950075999892,363.9109730999917,364.8946758999955,364.8946758999955,364.8946758999955,364.8946758999955,364.91077469999436,365.3941455000022,365.3941455000022,365.8614697000012,v,1,0.45279879998997785,None,,,,,001,001,2025-09-18_12h23.26.877,Motor Sequence Learning,,2025.1.1,60.1924110617832,2025-09-18 12h23.42.687764 +0530,
50,c,190,2,47,c,1,0.3984790999966208,None,47,2,190,2,,,,,365.87717579997843,,365.8619013999996,365.87717579997843,366.86163329999545,366.86163329999545,366.86163329999545,366.86163329999545,366.8782676999981,367.3606897999998,367.3606897999998,367.7608040999912,c,1,0.3984790999966208,None,,,,,001,001,2025-09-18_12h23.26.877,Motor Sequence Learning,,2025.1.1,60.1924110617832,2025-09-18 12h23.42.687764 +0530,
-150,z,191,3,47,z,1,0.3720216999936383,None,47,3,191,3,,,,,367.77763830000185,,367.7612098999962,367.77763830000185,368.76134659998934,368.76134659998934,368.76134659998934,368.76134659998934,368.7780603999854,369.2617896999873,369.2617896999873,369.64285949998884,z,1,0.3720216999936383,None,,,,,001,001,2025-09-18_12h23.26.877,Motor Sequence Learning,,2025.1.1,60.1924110617832,2025-09-18 12h23.42.687764 +0530,
-50,x,192,0,48,x,1,0.5774321999924723,None,48,0,192,0,,,,,369.6590256000054,,369.6431193999888,369.6590256000054,370.64338890000363,370.64338890000363,370.64338890000363,370.64338890000363,370.6596309999877,371.14355290000094,371.14355290000094,371.7260772000009,x,1,0.5774321999924723,None,,,,,001,001,2025-09-18_12h23.26.877,Motor Sequence Learning,,2025.1.1,60.1924110617832,2025-09-18 12h23.42.687764 +0530,
150,v,193,1,48,v,1,0.4598909000051208,None,48,1,193,1,,,,,371.7423945000046,,371.72628859998076,371.7423945000046,372.7268192000047,372.7268192000047,372.7268192000047,372.7268192000047,372.74399039999116,373.2280138999922,373.2280138999922,373.69588049998856,v,1,0.4598909000051208,None,,,,,001,001,2025-09-18_12h23.26.877,Motor Sequence Learning,,2025.1.1,60.1924110617832,2025-09-18 12h23.42.687764 +0530,
50,c,194,2,48,c,1,0.43814270000439137,None,48,2,194,2,,,,,373.71149180000066,,373.6963669999968,373.71149180000066,374.69412040000316,374.69412040000316,374.69412040000316,374.69412040000316,374.7110187000071,375.2090322999866,375.2090322999866,375.6607898999937,c,1,0.43814270000439137,None,,,,,001,001,2025-09-18_12h23.26.877,Motor Sequence Learning,,2025.1.1,60.1924110617832,2025-09-18 12h23.42.687764 +0530,
-150,z,195,3,48,z,1,0.39336670000921004,None,48,3,195,3,,,,,375.67768949997844,,375.66112189998967,375.67768949997844,376.6603406999784,376.6603406999784,376.6603406999784,376.6603406999784,376.6767450000043,377.1606996000046,377.1606996000046,377.560273399984,z,1,0.39336670000921004,None,,,,,001,001,2025-09-18_12h23.26.877,Motor Sequence Learning,,2025.1.1,60.1924110617832,2025-09-18 12h23.42.687764 +0530,
-50,x,196,0,49,x,1,0.3673762999824248,None,49,0,196,0,,,,,377.5758114999917,,377.5607524999941,377.5758114999917,378.5606420999975,378.5606420999975,378.5606420999975,378.5606420999975,378.5775120999897,379.06139149999944,379.06139149999944,379.4294457999931,x,1,0.3673762999824248,None,,,,,001,001,2025-09-18_12h23.26.877,Motor Sequence Learning,,2025.1.1,60.1924110617832,2025-09-18 12h23.42.687764 +0530,
150,v,197,1,49,v,1,0.5734423999965657,None,49,1,197,1,,,,,379.4445515999978,,379.4299400000018,379.4445515999978,380.44467689999146,380.44467689999146,380.44467689999146,380.44467689999146,380.44467689999146,380.94230359999347,380.94230359999347,381.5261039999896,v,1,0.5734423999965657,None,,,,,001,001,2025-09-18_12h23.26.877,Motor Sequence Learning,,2025.1.1,60.1924110617832,2025-09-18 12h23.42.687764 +0530,
50,c,198,2,49,c,1,0.4495813999965321,None,49,2,198,2,,,,,381.542426,,381.5264070999983,381.542426,382.52578840000206,382.52578840000206,382.52578840000206,382.52578840000206,382.5423335999949,383.0255108999845,383.0255108999845,383.4763476999942,c,1,0.4495813999965321,None,,,,,001,001,2025-09-18_12h23.26.877,Motor Sequence Learning,,2025.1.1,60.1924110617832,2025-09-18 12h23.42.687764 +0530,
-150,z,199,3,49,z,1,0.522044300014386,None,49,3,199,3,,,,,383.49606799997855,,383.4767031999945,383.49606799997855,384.47583819998545,384.47583819998545,384.47583819998545,384.47583819998545,384.5090269999928,384.97679339998285,384.97679339998285,385.5105535000039,z,1,0.522044300014386,None,,,,,001,001,2025-09-18_12h23.26.877,Motor Sequence Learning,,2025.1.1,60.1924110617832,2025-09-18 12h23.42.687764 +0530,
-150,z,0,0,0,z,1,0.41476059998967685,None,,,,,0,0,0,3,385.54241049999837,,385.5217122999893,385.54241049999837,386.5255693999934,386.5255693999934,386.5255693999934,386.5255693999934,386.5421379999898,387.00972179998644,387.00972179998644,387.4283654000028,,,,,z,1,0.41476059998967685,None,001,001,2025-09-18_12h23.26.877,Motor Sequence Learning,,2025.1.1,60.1924110617832,2025-09-18 12h23.42.687764 +0530,
-150,z,1,1,1,z,1,0.3702338000002783,None,,,,,1,1,1,3,387.444125399983,,387.4288915999932,387.444125399983,388.4272487999988,388.4272487999988,388.4272487999988,388.4272487999988,388.44492189999437,388.92769829998724,388.92769829998724,389.3119347000029,,,,,z,1,0.3702338000002783,None,001,001,2025-09-18_12h23.26.877,Motor Sequence Learning,,2025.1.1,60.1924110617832,2025-09-18 12h23.42.687764 +0530,
-50,x,2,2,0,c,0,0.2992716000007931,None,,,,,0,2,2,0,389.32644699999946,,389.31256869999925,389.32644699999946,390.3279903999937,390.3279903999937,390.3279903999937,390.3279903999937,390.3279903999937,390.82661649998045,390.82661649998045,391.1286461999989,,,,,c,0,0.2992716000007931,None,001,001,2025-09-18_12h23.26.877,Motor Sequence Learning,,2025.1.1,60.1924110617832,2025-09-18 12h23.42.687764 +0530,
50,c,3,3,0,c,1,0.5072043999971356,None,,,,,0,3,3,2,391.1426325000066,,391.1290386999899,391.1426325000066,392.14400410000235,392.14400410000235,392.14400410000235,392.14400410000235,392.14400410000235,392.64353010000195,392.64353010000195,393.1613126999873,,,,,c,1,0.5072043999971356,None,001,001,2025-09-18_12h23.26.877,Motor Sequence Learning,,2025.1.1,60.1924110617832,2025-09-18 12h23.42.687764 +0530,
-150,z,4,4,2,z,1,0.3933399000088684,None,,,,,2,4,4,3,393.1762107999821,,393.16182749997824,393.1762107999821,394.16050769999856,394.16050769999856,394.16050769999856,394.16050769999856,394.1768267999869,394.6763809999975,394.6763809999975,395.07579989999067,,,,,z,1,0.3933399000088684,None,001,001,2025-09-18_12h23.26.877,Motor Sequence Learning,,2025.1.1,60.1924110617832,2025-09-18 12h23.42.687764 +0530,
-150,z,5,5,3,z,1,0.5027154999843333,None,,,,,3,5,5,3,395.09208159998525,,395.07604139999603,395.09208159998525,396.0766008000064,396.0766008000064,396.0766008000064,396.0766008000064,396.09360599998035,396.5757364000019,396.5757364000019,397.0922850999923,,,,,z,1,0.5027154999843333,None,001,001,2025-09-18_12h23.26.877,Motor Sequence Learning,,2025.1.1,60.1924110617832,2025-09-18 12h23.42.687764 +0530,
-150,z,6,6,4,z,1,0.3810576999967452,None,,,,,4,6,6,3,397.1086748999951,,397.0925503000035,397.1086748999951,398.0937877999968,398.0937877999968,398.0937877999968,398.0937877999968,398.11034199999995,398.59411099998397,398.59411099998397,398.97826689999783,,,,,z,1,0.3810576999967452,None,001,001,2025-09-18_12h23.26.877,Motor Sequence Learning,,2025.1.1,60.1924110617832,2025-09-18 12h23.42.687764 +0530,
150,v,7,7,0,v,1,0.5832803999946918,None,,,,,0,7,7,1,398.9934161999845,,398.9790840999922,398.9934161999845,399.977392700006,399.977392700006,399.977392700006,399.977392700006,399.99483439998585,400.4771983999817,400.4771983999817,401.0610327000031,,,,,v,1,0.5832803999946918,None,001,001,2025-09-18_12h23.26.877,Motor Sequence Learning,,2025.1.1,60.1924110617832,2025-09-18 12h23.42.687764 +0530,
-50,x,8,8,1,x,1,0.4991559000045527,None,,,,,1,8,8,0,401.07755069999257,,401.0614513999899,401.07755069999257,402.0754656000063,402.0754656000063,402.0754656000063,402.0754656000063,402.0930965000007,402.57539709997945,402.57539709997945,403.07565819998854,,,,,x,1,0.4991559000045527,None,001,001,2025-09-18_12h23.26.877,Motor Sequence Learning,,2025.1.1,60.1924110617832,2025-09-18 12h23.42.687764 +0530,
50,c,9,9,1,c,1,0.8301244000031147,None,,,,,1,9,9,2,403.09189089998836,,403.0758669000061,403.09189089998836,404.07607290000306,404.07607290000306,404.07607290000306,404.07607290000306,404.09270119998837,404.5766295999929,404.5766295999929,405.41195919999154,,,,,c,1,0.8301244000031147,None,001,001,2025-09-18_12h23.26.877,Motor Sequence Learning,,2025.1.1,60.1924110617832,2025-09-18 12h23.42.687764 +0530,
-150,z,10,10,5,z,1,0.3513200999877881,None,,,,,5,10,10,3,405.42667039998923,,405.41235119997873,405.42667039998923,406.4267020999978,406.4267020999978,406.4267020999978,406.4267020999978,406.4267020999978,406.92568719998235,406.92568719998235,407.2938432999945,,,,,z,1,0.3513200999877881,None,001,001,2025-09-18_12h23.26.877,Motor Sequence Learning,,2025.1.1,60.1924110617832,2025-09-18 12h23.42.687764 +0530,
150,v,11,11,1,v,1,0.47514760002377443,None,,,,,1,11,11,1,407.3098865999782,,407.2942889999831,407.3098865999782,408.2941203999799,408.2941203999799,408.2941203999799,408.2941203999799,408.3116713000054,408.79438879998634,408.79438879998634,409.27906309999526,,,,,v,1,0.47514760002377443,None,001,001,2025-09-18_12h23.26.877,Motor Sequence Learning,,2025.1.1,60.1924110617832,2025-09-18 12h23.42.687764 +0530,
50,c,12,12,2,c,1,0.4945766999735497,None,,,,,2,12,12,2,409.2947823999857,,409.2797819999978,409.2947823999857,410.29341260000365,410.29341260000365,410.29341260000365,410.29341260000365,410.30986809998285,410.7930313999823,410.7930313999823,411.29358030000003,,,,,c,1,0.4945766999735497,None,001,001,2025-09-18_12h23.26.877,Motor Sequence Learning,,2025.1.1,60.1924110617832,2025-09-18 12h23.42.687764 +0530,
50,c,13,13,3,c,1,0.6075914000102784,None,,,,,3,13,13,2,411.3095991000009,,411.29395950000617,411.3095991000009,412.2924109000014,412.2924109000014,412.2924109000014,412.2924109000014,412.3095498000039,412.7934079999977,412.7934079999977,413.41012769998633,,,,,c,1,0.6075914000102784,None,001,001,2025-09-18_12h23.26.877,Motor Sequence Learning,,2025.1.1,60.1924110617832,2025-09-18 12h23.42.687764 +0530,
150,v,14,14,2,v,1,0.49960229999851435,None,,,,,2,14,14,1,413.4265033999982,,413.41054599999916,413.4265033999982,414.4110524999851,414.4110524999851,414.4110524999851,414.4110524999851,414.42628429998877,414.90979390000575,414.90979390000575,415.41019419999793,,,,,v,1,0.49960229999851435,None,001,001,2025-09-18_12h23.26.877,Motor Sequence Learning,,2025.1.1,60.1924110617832,2025-09-18 12h23.42.687764 +0530,
-50,x,15,15,2,x,1,0.7335050000110641,None,,,,,2,15,15,0,415.4259798999992,,415.4105620000046,415.4259798999992,416.4260200999852,416.4260200999852,416.4260200999852,416.4260200999852,416.4260200999852,416.9096550999966,416.9096550999966,417.64417489999323,,,,,x,1,0.7335050000110641,None,001,001,2025-09-18_12h23.26.877,Motor Sequence Learning,,2025.1.1,60.1924110617832,2025-09-18 12h23.42.687764 +0530,
150,v,16,16,3,v,1,0.5635301999864168,None,,,,,3,16,16,1,417.6596625999955,,417.6447823999915,417.6596625999955,418.6431128999975,418.6431128999975,418.6431128999975,418.6431128999975,418.65963039998314,419.15992449998157,419.15992449998157,419.72834079997847,,,,,v,1,0.5635301999864168,None,001,001,2025-09-18_12h23.26.877,Motor Sequence Learning,,2025.1.1,60.1924110617832,2025-09-18 12h23.42.687764 +0530,
50,c,17,17,4,c,1,0.5085506000032183,None,,,,,4,17,17,2,419.7440706999914,,419.7289286000014,419.7440706999914,420.7418705000018,420.7418705000018,420.7418705000018,420.7418705000018,420.758447900007,421.24258970000665,421.24258970000665,421.7607316999929,,,,,c,1,0.5085506000032183,None,001,001,2025-09-18_12h23.26.877,Motor Sequence Learning,,2025.1.1,60.1924110617832,2025-09-18 12h23.42.687764 +0530,
50,c,18,18,5,c,1,0.41391780000412837,None,,,,,5,18,18,2,421.7759357999894,,421.7613391999912,421.7759357999894,422.75981459999457,422.75981459999457,422.75981459999457,422.75981459999457,422.7763633999857,423.2594512999931,423.2594512999931,423.677082899987,,,,,c,1,0.41391780000412837,None,001,001,2025-09-18_12h23.26.877,Motor Sequence Learning,,2025.1.1,60.1924110617832,2025-09-18 12h23.42.687764 +0530,
50,c,19,19,6,c,1,0.33410800001001917,None,,,,,6,19,19,2,423.69275379998726,,423.67748719998053,423.69275379998726,424.67707109998446,424.67707109998446,424.67707109998446,424.67707109998446,424.69258820000687,425.1764192999981,425.1764192999981,425.52698709999095,,,,,c,1,0.33410800001001917,None,001,001,2025-09-18_12h23.26.877,Motor Sequence Learning,,2025.1.1,60.1924110617832,2025-09-18 12h23.42.687764 +0530,
150,v,20,20,4,v,1,0.4396462999866344,None,,,,,4,20,20,1,425.5434416999924,,425.5275243999786,425.5434416999924,426.526220300002,426.526220300002,426.526220300002,426.526220300002,426.5431311999855,427.0270110999991,427.0270110999991,427.4772016000061,,,,,v,1,0.4396462999866344,None,001,001,2025-09-18_12h23.26.877,Motor Sequence Learning,,2025.1.1,60.1924110617832,2025-09-18 12h23.42.687764 +0530,
-150,z,21,21,6,z,1,0.35355020000133663,None,,,,,6,21,21,3,427.49332320000394,,427.4776284999971,427.49332320000394,428.4770239999925,428.4770239999925,428.4770239999925,428.4770239999925,428.49408249999397,428.99203550000675,428.99203550000675,429.3605850999884,,,,,z,1,0.35355020000133663,None,001,001,2025-09-18_12h23.26.877,Motor Sequence Learning,,2025.1.1,60.1924110617832,2025-09-18 12h23.42.687764 +0530,
-150,z,22,22,7,z,1,0.3899488000024576,None,,,,,7,22,22,3,429.37717289998545,,429.3610004999791,429.37717289998545,430.36077410000144,430.36077410000144,430.36077410000144,430.36077410000144,430.37720319998334,430.86108820000663,430.86108820000663,431.261253100005,,,,,z,1,0.3899488000024576,None,001,001,2025-09-18_12h23.26.877,Motor Sequence Learning,,2025.1.1,60.1924110617832,2025-09-18 12h23.42.687764 +0530,
-50,x,23,23,3,x,1,0.5287924000003841,None,,,,,3,23,23,0,431.276970899984,,431.26173410000047,431.276970899984,432.27660599999945,432.27660599999945,432.27660599999945,432.27660599999945,432.27660599999945,432.77721299999394,432.77721299999394,433.30961199998274,,,,,x,1,0.5287924000003841,None,001,001,2025-09-18_12h23.26.877,Motor Sequence Learning,,2025.1.1,60.1924110617832,2025-09-18 12h23.42.687764 +0530,
-50,x,24,24,4,x,1,0.3482220000005327,None,,,,,4,24,24,0,433.3247051999788,,433.31006530000013,433.3247051999788,434.30968539998867,434.30968539998867,434.30968539998867,434.30968539998867,434.325477699982,434.8091628999973,434.8091628999973,435.160991599987,,,,,x,1,0.3482220000005327,None,001,001,2025-09-18_12h23.26.877,Motor Sequence Learning,,2025.1.1,60.1924110617832,2025-09-18 12h23.42.687764 +0530,
50,c,25,25,7,c,1,0.7085426999838091,None,,,,,7,25,25,2,435.1764356000058,,435.16144529997837,435.1764356000058,436.1604793999868,436.1604793999868,436.1604793999868,436.1604793999868,436.1777226999984,436.66060159998597,436.66060159998597,437.375100699981,,,,,c,1,0.7085426999838091,None,001,001,2025-09-18_12h23.26.877,Motor Sequence Learning,,2025.1.1,60.1924110617832,2025-09-18 12h23.42.687764 +0530,
150,v,26,26,5,v,1,0.5128154999983963,None,,,,,5,26,26,1,437.39216950000264,,437.3753913999826,437.39216950000264,438.3766395999992,438.3766395999992,438.3766395999992,438.3766395999992,438.3929289999942,438.87645519999205,438.87645519999205,439.39351870000246,,,,,v,1,0.5128154999983963,None,001,001,2025-09-18_12h23.26.877,Motor Sequence Learning,,2025.1.1,60.1924110617832,2025-09-18 12h23.42.687764 +0530,
-50,x,27,27,5,x,1,0.6199149999883957,None,,,,,5,27,27,0,439.40971499998705,,439.393939600006,439.40971499998705,440.3954002999817,440.3954002999817,440.3954002999817,440.3954002999817,440.41015219999827,440.9091831999831,440.9091831999831,441.54420689999824,,,,,x,1,0.6199149999883957,None,001,001,2025-09-18_12h23.26.877,Motor Sequence Learning,,2025.1.1,60.1924110617832,2025-09-18 12h23.42.687764 +0530,
50,c,28,28,8,c,1,0.43248650000896305,None,,,,,8,28,28,2,441.56053689998225,,441.5447006000031,441.56053689998225,442.5591463999881,442.5591463999881,442.5591463999881,442.5591463999881,442.5591463999881,443.0606267999974,443.0606267999974,443.495393899997,,,,,c,1,0.43248650000896305,None,001,001,2025-09-18_12h23.26.877,Motor Sequence Learning,,2025.1.1,60.1924110617832,2025-09-18 12h23.42.687764 +0530,
150,v,29,29,6,v,1,0.5934839000110514,None,,,,,6,29,29,1,443.50943589999224,,443.4958970999869,443.50943589999224,444.50919009998324,444.50919009998324,444.50919009998324,444.50919009998324,444.5261458999885,445.00904669999727,445.00904669999727,445.6106709000014,,,,,v,1,0.5934839000110514,None,001,001,2025-09-18_12h23.26.877,Motor Sequence Learning,,2025.1.1,60.1924110617832,2025-09-18 12h23.42.687764 +0530,
150,v,30,30,7,v,1,0.49722839999594726,None,,,,,7,30,30,1,445.62633129997994,,445.6111001999816,445.62633129997994,446.6253955999855,446.6253955999855,446.6253955999855,446.6253955999855,446.6253955999855,447.12524589998065,447.12524589998065,447.62680239998735,,,,,v,1,0.49722839999594726,None,001,001,2025-09-18_12h23.26.877,Motor Sequence Learning,,2025.1.1,60.1924110617832,2025-09-18 12h23.42.687764 +0530,
50,c,31,31,9,c,1,0.6230222999874968,None,,,,,9,31,31,2,447.64216170000145,,447.6272330000065,447.64216170000145,448.6431059000024,448.6431059000024,448.6431059000024,448.6431059000024,448.6431059000024,449.1429689999786,449.1429689999786,449.77715859998716,,,,,c,1,0.6230222999874968,None,001,001,2025-09-18_12h23.26.877,Motor Sequence Learning,,2025.1.1,60.1924110617832,2025-09-18 12h23.42.687764 +0530,
50,c,32,32,10,c,1,0.4146112999878824,None,,,,,10,32,32,2,449.793851800001,,449.7777574000065,449.793851800001,450.79330339998705,450.79330339998705,450.79330339998705,450.79330339998705,450.80944859999,451.292540800001,451.292540800001,451.71101989998715,,,,,c,1,0.4146112999878824,None,001,001,2025-09-18_12h23.26.877,Motor Sequence Learning,,2025.1.1,60.1924110617832,2025-09-18 12h23.42.687764 +0530,
50,c,33,33,11,c,1,0.34595349998562597,None,,,,,11,33,33,2,451.72563199998694,,451.7114582999784,451.72563199998694,452.7253956999921,452.7253956999921,452.7253956999921,452.7253956999921,452.7253956999921,453.21015629998874,453.21015629998874,453.560802699998,,,,,c,1,0.34595349998562597,None,001,001,2025-09-18_12h23.26.877,Motor Sequence Learning,,2025.1.1,60.1924110617832,2025-09-18 12h23.42.687764 +0530,
-50,x,34,34,6,x,1,0.6635381999949459,None,,,,,6,34,34,0,453.5768933999934,,453.5613556999888,453.5768933999934,454.57499199997983,454.57499199997983,454.57499199997983,454.57499199997983,454.5927393999882,455.07508169999346,455.07508169999346,455.74323130000266,,,,,x,1,0.6635381999949459,None,001,001,2025-09-18_12h23.26.877,Motor Sequence Learning,,2025.1.1,60.1924110617832,2025-09-18 12h23.42.687764 +0530,
-50,x,35,35,7,x,1,0.49212869998882525,None,,,,,7,35,35,0,455.7590212000068,,455.7436369000061,455.7590212000068,456.7430453999841,456.7430453999841,456.7430453999841,456.7430453999841,456.76029789997847,457.2433165999828,457.2433165999828,457.74463649999234,,,,,x,1,0.49212869998882525,None,001,001,2025-09-18_12h23.26.877,Motor Sequence Learning,,2025.1.1,60.1924110617832,2025-09-18 12h23.42.687764 +0530,
-50,x,36,36,8,x,1,0.4431598999944981,None,,,,,8,36,36,0,457.75973319998593,,457.74529339998844,457.75973319998593,458.75770419999026,458.75770419999026,458.75770419999026,458.75770419999026,458.7741510999913,459.2599630999903,459.2599630999903,459.7117126999947,,,,,x,1,0.4431598999944981,None,001,001,2025-09-18_12h23.26.877,Motor Sequence Learning,,2025.1.1,60.1924110617832,2025-09-18 12h23.42.687764 +0530,
-150,z,37,37,8,z,1,0.7919615000137128,None,,,,,8,37,37,3,459.72638099998585,,459.7122497999808,459.72638099998585,460.7263062999991,460.7263062999991,460.7263062999991,460.7263062999991,460.7263062999991,461.22483069999726,461.22483069999726,462.0258630999888,,,,,z,1,0.7919615000137128,None,001,001,2025-09-18_12h23.26.877,Motor Sequence Learning,,2025.1.1,60.1924110617832,2025-09-18 12h23.42.687764 +0530,
-150,z,38,38,9,z,1,0.4477259999839589,None,,,,,9,38,38,3,462.0423104999936,,462.0262703000044,462.0423104999936,463.0267778999987,463.0267778999987,463.0267778999987,463.0267778999987,463.04221630000393,463.52553280000575,463.52553280000575,463.97689510000055,,,,,z,1,0.4477259999839589,None,001,001,2025-09-18_12h23.26.877,Motor Sequence Learning,,2025.1.1,60.1924110617832,2025-09-18 12h23.42.687764 +0530,
-150,z,39,39,10,z,1,0.36778339999727905,None,,,,,10,39,39,3,463.9924808999931,,463.97734240000136,463.9924808999931,464.99148389999755,464.99148389999755,464.99148389999755,464.99148389999755,464.99148389999755,465.49183809998794,465.49183809998794,465.8755683999916,,,,,z,1,0.36778339999727905,None,001,001,2025-09-18_12h23.26.877,Motor Sequence Learning,,2025.1.1,60.1924110617832,2025-09-18 12h23.42.687764 +0530,
-150,z,40,40,11,z,1,0.3668107000121381,None,,,,,11,40,40,3,465.8928695000068,,465.87606739997864,465.8928695000068,466.8753013999958,466.8753013999958,466.8753013999958,466.8753013999958,466.8919459999888,467.3753350999905,467.3753350999905,467.7431674999825,,,,,z,1,0.3668107000121381,None,001,001,2025-09-18_12h23.26.877,Motor Sequence Learning,,2025.1.1,60.1924110617832,2025-09-18 12h23.42.687764 +0530,
50,c,41,41,12,c,1,0.5432845000177622,None,,,,,12,41,41,2,467.75882709998405,,467.74363799998537,467.75882709998405,468.74326570000267,468.74326570000267,468.74326570000267,468.74326570000267,468.7599135999917,469.241177399992,469.241177399992,469.7932574999868,,,,,c,1,0.5432845000177622,None,001,001,2025-09-18_12h23.26.877,Motor Sequence Learning,,2025.1.1,60.1924110617832,2025-09-18 12h23.42.687764 +0530,
150,v,42,42,8,v,1,0.5470760999887716,None,,,,,8,42,42,1,469.8083254999947,,469.7937278999889,469.8083254999947,470.79371040000115,470.79371040000115,470.79371040000115,470.79371040000115,470.8091712000023,471.30812659999356,471.30812659999356,471.8588399,,,,,v,1,0.5470760999887716,None,001,001,2025-09-18_12h23.26.877,Motor Sequence Learning,,2025.1.1,60.1924110617832,2025-09-18 12h23.42.687764 +0530,
50,c,43,43,13,c,1,0.5338415000005625,None,,,,,13,43,43,2,471.8759479,,471.8592652999796,471.8759479,472.8586721000029,472.8586721000029,472.8586721000029,472.8586721000029,472.8752716000017,473.37516699999105,473.37516699999105,473.910752900003,,,,,c,1,0.5338415000005625,None,001,001,2025-09-18_12h23.26.877,Motor Sequence Learning,,2025.1.1,60.1924110617832,2025-09-18 12h23.42.687764 +0530,
150,v,44,44,9,v,1,0.7068571000127122,None,,,,,9,44,44,1,473.9255858999968,,473.91121379999095,473.9255858999968,474.92568359998404,474.92568359998404,474.92568359998404,474.92568359998404,474.92568359998404,475.4099140999897,475.4099140999897,476.1264188000059,,,,,v,1,0.7068571000127122,None,001,001,2025-09-18_12h23.26.877,Motor Sequence Learning,,2025.1.1,60.1924110617832,2025-09-18 12h23.42.687764 +0530,
-150,z,45,45,12,z,1,0.3446598000009544,None,,,,,12,45,45,3,476.142336799996,,476.12712119999924,476.142336799996,477.1262422,477.1262422,477.1262422,477.1262422,477.1431685999851,477.6264695999853,477.6264695999853,477.97606789998827,,,,,z,1,0.3446598000009544,None,001,001,2025-09-18_12h23.26.877,Motor Sequence Learning,,2025.1.1,60.1924110617832,2025-09-18 12h23.42.687764 +0530,
-150,z,46,46,13,z,1,0.38644420000491664,None,,,,,13,46,46,3,477.99127800000133,,477.97650749998866,477.99127800000133,478.9758538999886,478.9758538999886,478.9758538999886,478.9758538999886,478.99199310000404,479.47559909999836,479.47559909999836,479.87432069997885,,,,,z,1,0.38644420000491664,None,001,001,2025-09-18_12h23.26.877,Motor Sequence Learning,,2025.1.1,60.1924110617832,2025-09-18 12h23.42.687764 +0530,
150,v,47,47,10,v,1,0.48715610001818277,None,,,,,10,47,47,1,479.8907985999831,,479.87461379999877,479.8907985999831,480.8766371999809,480.8766371999809,480.8766371999809,480.8766371999809,480.89318990000174,481.3766148999857,481.3766148999857,481.8776833000011,,,,,v,1,0.48715610001818277,None,001,001,2025-09-18_12h23.26.877,Motor Sequence Learning,,2025.1.1,60.1924110617832,2025-09-18 12h23.42.687764 +0530,
-150,z,48,48,14,z,1,0.31793789999210276,None,,,,,14,48,48,3,481.89406699998653,,481.87828699999955,481.89406699998653,482.89205920000677,482.89205920000677,482.89205920000677,482.89205920000677,482.9103505999956,483.39203180000186,483.39203180000186,483.7261465000047,,,,,z,1,0.31793789999210276,None,001,001,2025-09-18_12h23.26.877,Motor Sequence Learning,,2025.1.1,60.1924110617832,2025-09-18 12h23.42.687764 +0530,
150,v,49,49,11,v,1,0.4330691999930423,None,,,,,11,49,49,1,483.7420586999797,,483.72660319998977,483.7420586999797,484.7239586999931,484.7239586999931,484.7239586999931,484.7239586999931,484.75878099998226,485.2263874000055,485.2263874000055,485.663214900007,,,,,v,1,0.4330691999930423,None,001,001,2025-09-18_12h23.26.877,Motor Sequence Learning,,2025.1.1,60.1924110617832,2025-09-18 12h23.42.687764 +0530,
-50,x,50,50,9,x,1,0.4339539000065997,None,,,,,9,50,50,0,485.67581789998803,,485.66384629998356,485.67581789998803,486.6753323999874,486.6753323999874,486.6753323999874,486.6753323999874,486.6753323999874,487.1754994999792,487.1754994999792,487.62607100000605,,,,,x,1,0.4339539000065997,None,001,001,2025-09-18_12h23.26.877,Motor Sequence Learning,,2025.1.1,60.1924110617832,2025-09-18 12h23.42.687764 +0530,
150,v,51,51,12,v,1,0.40308269998058677,None,,,,,12,51,51,1,487.6421552999818,,487.6264835000038,487.6421552999818,488.6261174999818,488.6261174999818,488.6261174999818,488.6261174999818,488.64263539999956,489.1427040999988,489.1427040999988,489.55926740000723,,,,,v,1,0.40308269998058677,None,001,001,2025-09-18_12h23.26.877,Motor Sequence Learning,,2025.1.1,60.1924110617832,2025-09-18 12h23.42.687764 +0530,
150,v,52,52,13,c,0,0.412967700016452,None,,,,,13,52,52,1,489.5746536999941,,489.55961450000177,489.5746536999941,490.57526670000516,490.57526670000516,490.57526670000516,490.57526670000516,490.57526670000516,491.0584883999836,491.0584883999836,491.47565839998424,,,,,c,0,0.412967700016452,None,001,001,2025-09-18_12h23.26.877,Motor Sequence Learning,,2025.1.1,60.1924110617832,2025-09-18 12h23.42.687764 +0530,
150,v,53,53,14,v,1,0.3984925000113435,None,,,,,14,53,53,1,491.49129740000353,,491.4760510000051,491.49129740000353,492.47661049998715,492.47661049998715,492.47661049998715,492.47661049998715,492.4928384999803,492.9753572999907,492.9753572999907,493.37663270000485,,,,,v,1,0.3984925000113435,None,001,001,2025-09-18_12h23.26.877,Motor Sequence Learning,,2025.1.1,60.1924110617832,2025-09-18 12h23.42.687764 +0530,
150,v,54,54,15,v,1,0.3320020000101067,None,,,,,15,54,54,1,493.3918905000028,,493.3770200999861,493.3918905000028,494.37656589999096,494.37656589999096,494.37656589999096,494.37656589999096,494.3918541999883,494.89198499999475,494.89198499999475,495.22527130000526,,,,,v,1,0.3320020000101067,None,001,001,2025-09-18_12h23.26.877,Motor Sequence Learning,,2025.1.1,60.1924110617832,2025-09-18 12h23.42.687764 +0530,
50,c,55,55,14,c,1,0.36625250001088716,None,,,,,14,55,55,2,495.2414356999798,,495.2257236999867,495.2414356999798,496.22574090000126,496.22574090000126,496.22574090000126,496.22574090000126,496.243370399985,496.7255474999838,496.7255474999838,497.0934467999905,,,,,c,1,0.36625250001088716,None,001,001,2025-09-18_12h23.26.877,Motor Sequence Learning,,2025.1.1,60.1924110617832,2025-09-18 12h23.42.687764 +0530,
50,c,56,56,15,c,1,0.3901526999834459,None,,,,,15,56,56,2,497.1090983999893,,497.0939656999835,497.1090983999893,498.107915200002,498.107915200002,498.107915200002,498.107915200002,498.107915200002,498.59283350000624,498.59283350000624,498.99170869999216,,,,,c,1,0.3901526999834459,None,001,001,2025-09-18_12h23.26.877,Motor Sequence Learning,,2025.1.1,60.1924110617832,2025-09-18 12h23.42.687764 +0530,
150,v,57,57,16,v,1,0.3516961999994237,None,,,,,16,57,57,1,499.0078133000061,,498.99212239999906,499.0078133000061,499.9928200999857,499.9928200999857,499.9928200999857,499.9928200999857,500.00926669998444,500.4920973999833,500.4920973999833,500.8444875999994,,,,,v,1,0.3516961999994237,None,001,001,2025-09-18_12h23.26.877,Motor Sequence Learning,,2025.1.1,60.1924110617832,2025-09-18 12h23.42.687764 +0530,
-150,z,58,58,15,z,1,0.4156366999959573,None,,,,,15,58,58,3,500.85916839999845,,500.84509089999483,500.85916839999845,501.8589951999893,501.8589951999893,501.8589951999893,501.8589951999893,501.8589951999893,502.3595537999936,502.3595537999936,502.77615170000354,,,,,z,1,0.4156366999959573,None,001,001,2025-09-18_12h23.26.877,Motor Sequence Learning,,2025.1.1,60.1924110617832,2025-09-18 12h23.42.687764 +0530,
50,c,59,59,16,c,1,0.38168639998184517,None,,,,,16,59,59,2,502.79220799999894,,502.7766256000032,502.79220799999894,503.77626469999086,503.77626469999086,503.77626469999086,503.77626469999086,503.7915120999969,504.27509680000367,504.27509680000367,504.6600998000067,,,,,c,1,0.38168639998184517,None,001,001,2025-09-18_12h23.26.877,Motor Sequence Learning,,2025.1.1,60.1924110617832,2025-09-18 12h23.42.687764 +0530,
-50,x,60,60,10,x,1,0.4320307000016328,None,,,,,10,60,60,0,504.675224000006,,504.66062209999654,504.675224000006,505.6601326999953,505.6601326999953,505.6601326999953,505.6601326999953,505.6751227999921,506.17548559998977,506.17548559998977,506.6105264000071,,,,,x,1,0.4320307000016328,None,001,001,2025-09-18_12h23.26.877,Motor Sequence Learning,,2025.1.1,60.1924110617832,2025-09-18 12h23.42.687764 +0530,
-50,x,61,61,11,x,1,0.4764646000112407,None,,,,,11,61,61,0,506.6261018999794,,506.6110269000055,506.6261018999794,507.623595299985,507.623595299985,507.623595299985,507.623595299985,507.64067819999764,508.12531189998845,508.12531189998845,508.60912929999176,,,,,x,1,0.4764646000112407,None,001,001,2025-09-18_12h23.26.877,Motor Sequence Learning,,2025.1.1,60.1924110617832,2025-09-18 12h23.42.687764 +0530,
-50,x,62,62,12,x,1,0.35828500002389774,None,,,,,12,62,62,0,508.6249448999879,,508.60950679998496,508.6249448999879,509.6090178999875,509.6090178999875,509.6090178999875,509.6090178999875,509.62587200000416,510.1248941999802,510.1248941999802,510.4926768000005,,,,,x,1,0.35828500002389774,None,001,001,2025-09-18_12h23.26.877,Motor Sequence Learning,,2025.1.1,60.1924110617832,2025-09-18 12h23.42.687764 +0530,
50,c,63,63,17,c,1,0.6462810000230093,None,,,,,17,63,63,2,510.50826849997975,,510.49317229998996,510.50826849997975,511.49261759998626,511.49261759998626,511.49261759998626,511.49261759998626,511.509077900002,512.0081886999833,512.0081886999833,512.6573011,,,,,c,1,0.6462810000230093,None,001,001,2025-09-18_12h23.26.877,Motor Sequence Learning,,2025.1.1,60.1924110617832,2025-09-18 12h23.42.687764 +0530,
150,v,64,64,17,v,1,0.5158700000029057,None,,,,,17,64,64,1,512.6736265999789,,512.6575098999892,512.6736265999789,513.6566694999929,513.6566694999929,513.6566694999929,513.6566694999929,513.6733652999974,514.1566531999852,514.1566531999852,514.6746018999838,,,,,v,1,0.5158700000029057,None,001,001,2025-09-18_12h23.26.877,Motor Sequence Learning,,2025.1.1,60.1924110617832,2025-09-18 12h23.42.687764 +0530,
-50,x,65,65,13,x,1,0.46234900000854395,None,,,,,13,65,65,0,514.691284999979,,514.6749939000001,514.691284999979,515.6744397000002,515.6744397000002,515.6744397000002,515.6744397000002,515.6916060999793,516.1904497999931,516.1904497999931,516.6587068999943,,,,,x,1,0.46234900000854395,None,001,001,2025-09-18_12h23.26.877,Motor Sequence Learning,,2025.1.1,60.1924110617832,2025-09-18 12h23.42.687764 +0530,
50,c,66,66,18,c,1,0.34234590001869947,None,,,,,18,66,66,2,516.6744908999826,,516.6590494999837,516.6744908999826,517.658975600003,517.658975600003,517.658975600003,517.658975600003,517.6745587000041,518.1577032000059,518.1577032000059,518.5087771999824,,,,,c,1,0.34234590001869947,None,001,001,2025-09-18_12h23.26.877,Motor Sequence Learning,,2025.1.1,60.1924110617832,2025-09-18 12h23.42.687764 +0530,
50,c,67,67,19,c,1,0.40304229999310337,None,,,,,19,67,67,2,518.5244791999867,,518.5092512999836,518.5244791999867,519.5095733999915,519.5095733999915,519.5095733999915,519.5095733999915,519.5259738999885,520.0083256999787,520.0083256999787,520.4266388999822,,,,,c,1,0.40304229999310337,None,001,001,2025-09-18_12h23.26.877,Motor Sequence Learning,,2025.1.1,60.1924110617832,2025-09-18 12h23.42.687764 +0530,
150,v,68,68,18,v,1,0.45220179998432286,None,,,,,18,68,68,1,520.4421295999782,,520.4272613000066,520.4421295999782,521.4401038999786,521.4401038999786,521.4401038999786,521.4401038999786,521.4575172000041,521.9396318999934,521.9396318999934,522.4074174999841,,,,,v,1,0.45220179998432286,None,001,001,2025-09-18_12h23.26.877,Motor Sequence Learning,,2025.1.1,60.1924110617832,2025-09-18 12h23.42.687764 +0530,
-50,x,69,69,14,x,1,0.5612257999891881,None,,,,,14,69,69,0,522.423550699983,,522.4078457999858,522.423550699983,523.4087457999995,523.4087457999995,523.4087457999995,523.4087457999995,523.4257307999942,523.908117599989,523.908117599989,524.4752797999827,,,,,x,1,0.5612257999891881,None,001,001,2025-09-18_12h23.26.877,Motor Sequence Learning,,2025.1.1,60.1924110617832,2025-09-18 12h23.42.687764 +0530,
-50,x,70,70,15,x,1,0.35191300002043135,None,,,,,15,70,70,0,524.491059699998,,524.4756965999841,524.491059699998,525.4744965999853,525.4744965999853,525.4744965999853,525.4744965999853,525.4911730999884,525.9747692999954,525.9747692999954,526.3420763000031,,,,,x,1,0.35191300002043135,None,001,001,2025-09-18_12h23.26.877,Motor Sequence Learning,,2025.1.1,60.1924110617832,2025-09-18 12h23.42.687764 +0530,
-50,x,71,71,16,x,1,0.35267389999353327,None,,,,,16,71,71,0,526.3574472999899,,526.3425381999987,526.3574472999899,527.3413935999852,527.3413935999852,527.3413935999852,527.3413935999852,527.3579642999975,527.8570500999922,527.8570500999922,528.2251359999937,,,,,x,1,0.35267389999353327,None,001,001,2025-09-18_12h23.26.877,Motor Sequence Learning,,2025.1.1,60.1924110617832,2025-09-18 12h23.42.687764 +0530,
-150,z,72,72,16,z,1,0.4195917000179179,None,,,,,16,72,72,3,528.241366799979,,528.2255303999991,528.241366799979,529.2240679999813,529.2240679999813,529.2240679999813,529.2240679999813,529.2411579999898,529.7404786999978,529.7404786999978,530.1739505000005,,,,,z,1,0.4195917000179179,None,001,001,2025-09-18_12h23.26.877,Motor Sequence Learning,,2025.1.1,60.1924110617832,2025-09-18 12h23.42.687764 +0530,
150,v,73,73,19,v,1,0.3635167999891564,None,,,,,19,73,73,1,530.1900351999793,,530.1742923999846,530.1900351999793,531.1740389000042,531.1740389000042,531.1740389000042,531.1740389000042,531.19120999999,531.674494100007,531.674494100007,532.042697900004,,,,,v,1,0.3635167999891564,None,001,001,2025-09-18_12h23.26.877,Motor Sequence Learning,,2025.1.1,60.1924110617832,2025-09-18 12h23.42.687764 +0530,
150,v,74,74,20,v,1,0.6349591999896802,None,,,,,20,74,74,1,532.0579900000012,,532.0431028000021,532.0579900000012,533.0565584999858,533.0565584999858,533.0565584999858,533.0565584999858,533.0731732999848,533.5581734000007,533.5581734000007,534.2086543999903,,,,,v,1,0.6349591999896802,None,001,001,2025-09-18_12h23.26.877,Motor Sequence Learning,,2025.1.1,60.1924110617832,2025-09-18 12h23.42.687764 +0530,
-150,z,75,75,17,z,1,0.42703270001220517,None,,,,,17,75,75,3,534.2244150000042,,534.2090931999846,534.2244150000042,535.2236186999944,535.2236186999944,535.2236186999944,535.2236186999944,535.2236186999944,535.7069724999892,535.7069724999892,536.1410242999846,,,,,z,1,0.42703270001220517,None,001,001,2025-09-18_12h23.26.877,Motor Sequence Learning,,2025.1.1,60.1924110617832,2025-09-18 12h23.42.687764 +0530,
150,v,76,76,21,v,1,0.4665695000148844,None,,,,,21,76,76,1,536.1563425000058,,536.1414315000002,536.1563425000058,537.1561572999926,537.1561572999926,537.1561572999926,537.1561572999926,537.1561572999926,537.64217929999,537.64217929999,538.1093848999881,,,,,v,1,0.4665695000148844,None,001,001,2025-09-18_12h23.26.877,Motor Sequence Learning,,2025.1.1,60.1924110617832,2025-09-18 12h23.42.687764 +0530,
150,v,77,77,22,v,1,0.4467964000068605,None,,,,,22,77,77,1,538.1253703999973,,538.109838400007,538.1253703999973,539.124942399998,539.124942399998,539.124942399998,539.124942399998,539.124942399998,539.6088424999907,539.6088424999907,540.0585334000061,,,,,v,1,0.4467964000068605,None,001,001,2025-09-18_12h23.26.877,Motor Sequence Learning,,2025.1.1,60.1924110617832,2025-09-18 12h23.42.687764 +0530,
-50,x,78,78,17,x,1,0.43352130000130273,None,,,,,17,78,78,0,540.0747775000054,,540.0590277999872,540.0747775000054,541.0588709999865,541.0588709999865,541.0588709999865,541.0588709999865,541.0759322999802,541.5728970000055,541.5728970000055,542.0089781999995,,,,,x,1,0.43352130000130273,None,001,001,2025-09-18_12h23.26.877,Motor Sequence Learning,,2025.1.1,60.1924110617832,2025-09-18 12h23.42.687764 +0530,
-50,x,79,79,18,x,1,0.4335021000006236,None,,,,,18,79,79,0,542.0250650999951,,542.0093656999816,542.0250650999951,543.0228212999937,543.0228212999937,543.0228212999937,543.0228212999937,543.0393649000034,543.5242687999853,543.5242687999853,543.9603954000049,,,,,x,1,0.4335021000006236,None,001,001,2025-09-18_12h23.26.877,Motor Sequence Learning,,2025.1.1,60.1924110617832,2025-09-18 12h23.42.687764 +0530,
-150,z,80,80,18,z,1,0.42195379998884164,None,,,,,18,80,80,3,543.9746201999951,,543.9608528999961,543.9746201999951,544.9757734999876,544.9757734999876,544.9757734999876,544.9757734999876,544.9757734999876,545.4756533000036,545.4756533000036,545.9096803999855,,,,,z,1,0.42195379998884164,None,001,001,2025-09-18_12h23.26.877,Motor Sequence Learning,,2025.1.1,60.1924110617832,2025-09-18 12h23.42.687764 +0530,
150,v,81,81,23,v,1,0.3208153000159655,None,,,,,23,81,81,1,545.9250101999787,,545.9104520999826,545.9250101999787,546.9087813999795,546.9087813999795,546.9087813999795,546.9087813999795,546.9256329000054,547.4085592000047,547.4085592000047,547.7438314000028,,,,,v,1,0.3208153000159655,None,001,001,2025-09-18_12h23.26.877,Motor Sequence Learning,,2025.1.1,60.1924110617832,2025-09-18 12h23.42.687764 +0530,
50,c,82,82,20,c,1,0.5689735000196379,None,,,,,20,82,82,2,547.7592401999864,,547.744369299995,547.7592401999864,548.7582391999895,548.7582391999895,548.7582391999895,548.7582391999895,548.7743317999993,549.2582712000003,549.2582712000003,549.8421614999825,,,,,c,1,0.5689735000196379,None,001,001,2025-09-18_12h23.26.877,Motor Sequence Learning,,2025.1.1,60.1924110617832,2025-09-18 12h23.42.687764 +0530,
-50,x,83,83,19,x,1,0.3507928999897558,None,,,,,19,83,83,0,549.8583907999855,,549.8427585999889,549.8583907999855,550.8411791999824,550.8411791999824,550.8411791999824,550.8411791999824,550.8583487999858,551.3421282999916,551.3421282999916,551.6935824999819,,,,,x,1,0.3507928999897558,None,001,001,2025-09-18_12h23.26.877,Motor Sequence Learning,,2025.1.1,60.1924110617832,2025-09-18 12h23.42.687764 +0530,
-150,z,84,84,19,z,1,0.37302179998368956,None,,,,,19,84,84,3,551.7081676999805,,551.6941128000035,551.7081676999805,552.7062609999848,552.7062609999848,552.7062609999848,552.7062609999848,552.7062609999848,553.208118599985,553.208118599985,553.5919512999826,,,,,z,1,0.37302179998368956,None,001,001,2025-09-18_12h23.26.877,Motor Sequence Learning,,2025.1.1,60.1924110617832,2025-09-18 12h23.42.687764 +0530,
-50,x,85,85,20,x,1,0.5143211999966297,None,,,,,20,85,85,0,553.6076164999977,,553.5923968999996,553.6076164999977,554.6077518999809,554.6077518999809,554.6077518999809,554.6077518999809,554.6077518999809,555.1075444000016,555.1075444000016,555.624747599999,,,,,x,1,0.5143211999966297,None,001,001,2025-09-18_12h23.26.877,Motor Sequence Learning,,2025.1.1,60.1924110617832,2025-09-18 12h23.42.687764 +0530,
-50,x,86,86,21,x,1,0.41923609998775646,None,,,,,21,86,86,0,555.640939200006,,555.6251500999788,555.640939200006,556.6243313000014,556.6243313000014,556.6243313000014,556.6243313000014,556.6409731000022,557.1241201999946,557.1241201999946,557.5587010000017,,,,,x,1,0.41923609998775646,None,001,001,2025-09-18_12h23.26.877,Motor Sequence Learning,,2025.1.1,60.1924110617832,2025-09-18 12h23.42.687764 +0530,
50,c,87,87,21,c,1,0.37587610000628047,None,,,,,21,87,87,2,557.5743590999919,,557.5591657999903,557.5743590999919,558.5733834999846,558.5733834999846,558.5733834999846,558.5733834999846,558.5733834999846,559.0741242999793,559.0741242999793,559.4581046999956,,,,,c,1,0.37587610000628047,None,001,001,2025-09-18_12h23.26.877,Motor Sequence Learning,,2025.1.1,60.1924110617832,2025-09-18 12h23.42.687764 +0530,
50,c,88,88,22,c,1,0.3885203000099864,None,,,,,22,88,88,2,559.4741449999856,,559.4585202999879,559.4741449999856,560.4575014000002,560.4575014000002,560.4575014000002,560.4575014000002,560.4743598999921,560.9574153999856,560.9574153999856,561.3591846000054,,,,,c,1,0.3885203000099864,None,001,001,2025-09-18_12h23.26.877,Motor Sequence Learning,,2025.1.1,60.1924110617832,2025-09-18 12h23.42.687764 +0530,
-50,x,89,89,22,x,1,0.4479791000194382,None,,,,,22,89,89,0,561.3757387999794,,561.3597002000024,561.3757387999794,562.3742166000011,562.3742166000011,562.3742166000011,562.3742166000011,562.3905786999967,562.8738655000052,562.8738655000052,563.3260313000064,,,,,x,1,0.4479791000194382,None,001,001,2025-09-18_12h23.26.877,Motor Sequence Learning,,2025.1.1,60.1924110617832,2025-09-18 12h23.42.687764 +0530,
-50,x,90,90,23,x,1,0.3727169999910984,None,,,,,23,90,90,0,563.340896299982,,563.3264466999972,563.340896299982,564.3246933000046,564.3246933000046,564.3246933000046,564.3246933000046,564.3420449999976,564.8252797999885,564.8252797999885,565.2083030999929,,,,,x,1,0.3727169999910984,None,001,001,2025-09-18_12h23.26.877,Motor Sequence Learning,,2025.1.1,60.1924110617832,2025-09-18 12h23.42.687764 +0530,
50,c,91,91,23,c,1,0.33876350001082756,None,,,,,23,91,91,2,565.2240346999897,,565.2086504999897,565.2240346999897,566.2074322999979,566.2074322999979,566.2074322999979,566.2074322999979,566.224118299986,566.7074481000018,566.7074481000018,567.0571249999921,,,,,c,1,0.33876350001082756,None,001,001,2025-09-18_12h23.26.877,Motor Sequence Learning,,2025.1.1,60.1924110617832,2025-09-18 12h23.42.687764 +0530,
150,v,92,92,24,v,1,0.3573681999987457,None,,,,,24,92,92,1,567.0732491999806,,567.0575162000023,567.0732491999806,568.0580416999874,568.0580416999874,568.0580416999874,568.0580416999874,568.0748573000019,568.5581994999957,568.5581994999957,568.9261206999945,,,,,v,1,0.3573681999987457,None,001,001,2025-09-18_12h23.26.877,Motor Sequence Learning,,2025.1.1,60.1924110617832,2025-09-18 12h23.42.687764 +0530,
-50,x,93,93,24,x,1,0.46887410001363605,None,,,,,24,93,93,0,568.9417124000029,,568.9265859999869,568.9417124000029,569.9412771000061,569.9412771000061,569.9412771000061,569.9412771000061,569.9412771000061,570.4422344999912,570.4422344999912,570.9262130999996,,,,,x,1,0.46887410001363605,None,001,001,2025-09-18_12h23.26.877,Motor Sequence Learning,,2025.1.1,60.1924110617832,2025-09-18 12h23.42.687764 +0530,
-50,x,94,94,25,x,1,0.3988134000101127,None,,,,,25,94,94,0,570.9419354999845,,570.9267116999836,570.9419354999845,571.942162899999,571.942162899999,571.942162899999,571.942162899999,571.942162899999,572.4405388000014,572.4405388000014,572.8408053999883,,,,,x,1,0.3988134000101127,None,001,001,2025-09-18_12h23.26.877,Motor Sequence Learning,,2025.1.1,60.1924110617832,2025-09-18 12h23.42.687764 +0530,
150,v,95,95,25,v,1,0.5724973000178579,None,,,,,25,95,95,1,572.8571685999923,,572.8412269999972,572.8571685999923,573.8404741999984,573.8404741999984,573.8404741999984,573.8404741999984,573.8570634000062,574.3409168999933,574.3409168999933,574.9253235999786,,,,,v,1,0.5724973000178579,None,001,001,2025-09-18_12h23.26.877,Motor Sequence Learning,,2025.1.1,60.1924110617832,2025-09-18 12h23.42.687764 +0530,
150,v,96,96,26,v,1,0.4522704999835696,None,,,,,26,96,96,1,574.941434599983,,574.9258442999853,574.941434599983,575.940585400007,575.940585400007,575.940585400007,575.940585400007,575.940585400007,576.440349499986,576.440349499986,576.9082356999861,,,,,v,1,0.4522704999835696,None,001,001,2025-09-18_12h23.26.877,Motor Sequence Learning,,2025.1.1,60.1924110617832,2025-09-18 12h23.42.687764 +0530,
-150,z,97,97,20,z,1,0.4682545000105165,None,,,,,20,97,97,3,576.924990200001,,576.9088118999789,576.924990200001,577.9242151000071,577.9242151000071,577.9242151000071,577.9242151000071,577.9242151000071,578.4230850999884,578.4230850999884,578.9079494999896,,,,,z,1,0.4682545000105165,None,001,001,2025-09-18_12h23.26.877,Motor Sequence Learning,,2025.1.1,60.1924110617832,2025-09-18 12h23.42.687764 +0530,
-150,z,98,98,21,z,1,0.5125340000085998,None,,,,,21,98,98,3,578.9234398999834,,578.9083849999879,578.9234398999834,579.924459700007,579.924459700007,579.924459700007,579.924459700007,579.924459700007,580.4073465999973,580.4073465999973,580.9249555999995,,,,,z,1,0.5125340000085998,None,001,001,2025-09-18_12h23.26.877,Motor Sequence Learning,,2025.1.1,60.1924110617832,2025-09-18 12h23.42.687764 +0530,
-50,x,99,99,26,x,1,0.4264660999760963,None,,,,,26,99,99,0,580.9407122999837,,580.9254439999931,580.9407122999837,581.9399543000036,581.9399543000036,581.9399543000036,581.9399543000036,581.9399543000036,582.4397604999831,582.4397604999831,582.8744675999915,,,,,x,1,0.4264660999760963,None,001,001,2025-09-18_12h23.26.877,Motor Sequence Learning,,2025.1.1,60.1924110617832,2025-09-18 12h23.42.687764 +0530,
-150,z,100,100,22,z,1,0.429855199996382,None,,,,,22,100,100,3,582.8908529999899,,582.8748494999891,582.8908529999899,583.8746742999938,583.8746742999938,583.8746742999938,583.8746742999938,583.8912833000068,584.3744386000035,584.3744386000035,584.808116500004,,,,,z,1,0.429855199996382,None,001,001,2025-09-18_12h23.26.877,Motor Sequence Learning,,2025.1.1,60.1924110617832,2025-09-18 12h23.42.687764 +0530,
50,c,101,101,24,c,1,0.5988502999825869,None,,,,,24,101,101,2,584.8234849,,584.8085887999914,584.8234849,585.8081466000003,585.8081466000003,585.8081466000003,585.8081466000003,585.8240486999857,586.3238347999868,586.3238347999868,586.9243443000014,,,,,c,1,0.5988502999825869,None,001,001,2025-09-18_12h23.26.877,Motor Sequence Learning,,2025.1.1,60.1924110617832,2025-09-18 12h23.42.687764 +0530,
150,v,102,102,27,v,1,0.40995110000949353,None,,,,,27,102,102,1,586.9405070999928,,586.9248537999811,586.9405070999928,587.923919199995,587.923919199995,587.923919199995,587.923919199995,587.9415375999815,588.439495300001,588.439495300001,588.856916699995,,,,,v,1,0.40995110000949353,None,001,001,2025-09-18_12h23.26.877,Motor Sequence Learning,,2025.1.1,60.1924110617832,2025-09-18 12h23.42.687764 +0530,
50,c,103,103,25,c,1,0.3373657999909483,None,,,,,25,103,103,2,588.873809199984,,588.8574415000039,588.873809199984,589.8582546999969,589.8582546999969,589.8582546999969,589.8582546999969,589.8748921999941,590.3580432999879,590.3580432999879,590.708925199986,,,,,c,1,0.3373657999909483,None,001,001,2025-09-18_12h23.26.877,Motor Sequence Learning,,2025.1.1,60.1924110617832,2025-09-18 12h23.42.687764 +0530,
50,c,104,104,26,c,1,0.34234689999721013,None,,,,,26,104,104,2,590.7248284999805,,590.7093651999894,590.7248284999805,591.722200499993,591.722200499993,591.722200499993,591.722200499993,591.7389137999853,592.2236202000058,592.2236202000058,592.5735712999885,,,,,c,1,0.34234689999721013,None,001,001,2025-09-18_12h23.26.877,Motor Sequence Learning,,2025.1.1,60.1924110617832,2025-09-18 12h23.42.687764 +0530,
150,v,105,105,28,v,1,0.34831850000773557,None,,,,,28,105,105,1,592.5891502999875,,592.5739618999942,592.5891502999875,593.5736538000056,593.5736538000056,593.5736538000056,593.5736538000056,593.5890922999824,594.0751519000041,594.0751519000041,594.425596599991,,,,,v,1,0.34831850000773557,None,001,001,2025-09-18_12h23.26.877,Motor Sequence Learning,,2025.1.1,60.1924110617832,2025-09-18 12h23.42.687764 +0530,
-150,z,106,106,23,z,1,0.3932658999983687,None,,,,,23,106,106,3,594.441361300007,,594.4261427999882,594.441361300007,595.4406764000014,595.4406764000014,595.4406764000014,595.4406764000014,595.4566845999798,595.9247003000055,595.9247003000055,596.324807500001,,,,,z,1,0.3932658999983687,None,001,001,2025-09-18_12h23.26.877,Motor Sequence Learning,,2025.1.1,60.1924110617832,2025-09-18 12h23.42.687764 +0530,
-150,z,107,107,24,z,1,0.3644143000128679,None,,,,,24,107,107,3,596.3403420999821,,596.3254610000004,596.3403420999821,597.3395995000028,597.3395995000028,597.3395995000028,597.3395995000028,597.3395995000028,597.8405021000071,597.8405021000071,598.2078639999963,,,,,z,1,0.3644143000128679,None,001,001,2025-09-18_12h23.26.877,Motor Sequence Learning,,2025.1.1,60.1924110617832,2025-09-18 12h23.42.687764 +0530,
150,v,108,108,29,v,1,0.34293019998585805,None,,,,,29,108,108,1,598.2230168999813,,598.2084602999967,598.2230168999813,599.2251456999802,599.2251456999802,599.2251456999802,599.2251456999802,599.2251456999802,599.7076779000054,599.7076779000054,600.0590785999957,,,,,v,1,0.34293019998585805,None,001,001,2025-09-18_12h23.26.877,Motor Sequence Learning,,2025.1.1,60.1924110617832,2025-09-18 12h23.42.687764 +0530,
150,v,109,109,30,v,1,0.34176640000077896,None,,,,,30,109,109,1,600.0743367999967,,600.0596075000067,600.0743367999967,601.0574525999837,601.0574525999837,601.0574525999837,601.0574525999837,601.0732606999809,601.5734486999863,601.5734486999863,601.924207300006,,,,,v,1,0.34176640000077896,None,001,001,2025-09-18_12h23.26.877,Motor Sequence Learning,,2025.1.1,60.1924110617832,2025-09-18 12h23.42.687764 +0530,
-150,z,110,110,25,z,1,0.3530787999916356,None,,,,,25,110,110,3,601.9399632999848,,601.924632899987,601.9399632999848,602.9244880999904,602.9244880999904,602.9244880999904,602.9244880999904,602.9413850999845,603.4239172999805,603.4239172999805,603.7909529999888,,,,,z,1,0.3530787999916356,None,001,001,2025-09-18_12h23.26.877,Motor Sequence Learning,,2025.1.1,60.1924110617832,2025-09-18 12h23.42.687764 +0530,
-150,z,111,111,26,z,1,0.38179549999767914,None,,,,,26,111,111,3,603.8067267999868,,603.7914567999833,603.8067267999868,604.7909036999918,604.7909036999918,604.7909036999918,604.7909036999918,604.8079583999934,605.2915945999848,605.2915945999848,605.69120869998,,,,,z,1,0.38179549999767914,None,001,001,2025-09-18_12h23.26.877,Motor Sequence Learning,,2025.1.1,60.1924110617832,2025-09-18 12h23.42.687764 +0530,
-150,z,112,112,27,z,1,0.5326014999882318,None,,,,,27,112,112,3,605.7069641999842,,605.6917508000042,605.7069641999842,606.7057933000033,606.7057933000033,606.7057933000033,606.7057933000033,606.7057933000033,607.1904702000029,607.1904702000029,607.7258937000006,,,,,z,1,0.5326014999882318,None,001,001,2025-09-18_12h23.26.877,Motor Sequence Learning,,2025.1.1,60.1924110617832,2025-09-18 12h23.42.687764 +0530,
50,c,113,113,27,c,1,0.5874637000088114,None,,,,,27,113,113,2,607.7410212999966,,607.7263048999885,607.7410212999966,608.7412501999934,608.7412501999934,608.7412501999934,608.7412501999934,608.7412501999934,609.2410118999833,609.2410118999833,609.8406383999973,,,,,c,1,0.5874637000088114,None,001,001,2025-09-18_12h23.26.877,Motor Sequence Learning,,2025.1.1,60.1924110617832,2025-09-18 12h23.42.687764 +0530,
-50,x,114,114,27,x,1,0.4176832000084687,None,,,,,27,114,114,0,609.8576000999892,,609.8410418999847,609.8576000999892,610.8414066999976,610.8414066999976,610.8414066999976,610.8414066999976,610.857502400002,611.3415568000055,611.3415568000055,611.7731235999963,,,,,x,1,0.4176832000084687,None,001,001,2025-09-18_12h23.26.877,Motor Sequence Learning,,2025.1.1,60.1924110617832,2025-09-18 12h23.42.687764 +0530,
-50,x,115,115,28,x,1,0.39059990001260303,None,,,,,28,115,115,0,611.7891233999981,,611.7735813999898,611.7891233999981,612.7743769999943,612.7743769999943,612.7743769999943,612.7743769999943,612.7910039999988,613.2744394000038,613.2744394000038,613.6723115000059,,,,,x,1,0.39059990001260303,None,001,001,2025-09-18_12h23.26.877,Motor Sequence Learning,,2025.1.1,60.1924110617832,2025-09-18 12h23.42.687764 +0530,
50,c,116,116,28,c,1,0.6877460999821778,None,,,,,28,116,116,2,613.6887747999863,,613.6726194999937,613.6887747999863,614.6718679000041,614.6718679000041,614.6718679000041,614.6718679000041,614.6884985999786,615.1735842000053,615.1735842000053,615.8739612000063,,,,,c,1,0.6877460999821778,None,001,001,2025-09-18_12h23.26.877,Motor Sequence Learning,,2025.1.1,60.1924110617832,2025-09-18 12h23.42.687764 +0530,
-150,z,117,117,28,z,1,0.38749739999184385,None,,,,,28,117,117,3,615.8901851999981,,615.8742882999941,615.8901851999981,616.8743238000025,616.8743238000025,616.8743238000025,616.8743238000025,616.8907967999985,617.3727224000031,617.3727224000031,617.7734151000041,,,,,z,1,0.38749739999184385,None,001,001,2025-09-18_12h23.26.877,Motor Sequence Learning,,2025.1.1,60.1924110617832,2025-09-18 12h23.42.687764 +0530,
-50,x,118,118,29,x,1,0.7329626999853645,None,,,,,29,118,118,0,617.7892332999909,,617.7738481999841,617.7892332999909,618.7747277999879,618.7747277999879,618.7747277999879,618.7747277999879,618.7908578999923,619.2731491999875,619.2731491999875,620.0073670999845,,,,,x,1,0.7329626999853645,None,001,001,2025-09-18_12h23.26.877,Motor Sequence Learning,,2025.1.1,60.1924110617832,2025-09-18 12h23.42.687764 +0530,
-50,x,119,119,30,x,1,0.36052119999658316,None,,,,,30,119,119,0,620.0231623,,620.0078557999805,620.0231623,621.0069464999833,621.0069464999833,621.0069464999833,621.0069464999833,621.0231831999845,621.5218063000066,621.5218063000066,621.8909360999824,,,,,x,1,0.36052119999658316,None,001,001,2025-09-18_12h23.26.877,Motor Sequence Learning,,2025.1.1,60.1924110617832,2025-09-18 12h23.42.687764 +0530,
-150,z,120,120,29,z,1,0.39253520002239384,None,,,,,29,120,120,3,621.9064569000038,,621.891547999985,621.9064569000038,622.8897459,622.8897459,622.8897459,622.8897459,622.9065639000037,623.3887786999985,623.3887786999985,623.7917990999995,,,,,z,1,0.39253520002239384,None,001,001,2025-09-18_12h23.26.877,Motor Sequence Learning,,2025.1.1,60.1924110617832,2025-09-18 12h23.42.687764 +0530,
-150,z,121,121,30,z,1,0.35934049999923445,None,,,,,30,121,121,3,623.8076145999948,,623.7923071999976,623.8076145999948,624.8063947999908,624.8063947999908,624.8063947999908,624.8063947999908,624.8063947999908,625.3066590999952,625.3066590999952,625.6738686999888,,,,,z,1,0.35934049999923445,None,001,001,2025-09-18_12h23.26.877,Motor Sequence Learning,,2025.1.1,60.1924110617832,2025-09-18 12h23.42.687764 +0530,
-50,x,122,122,31,x,1,0.4516232000023592,None,,,,,31,122,122,0,625.6892936999793,,625.6743628999975,625.6892936999793,626.689060499979,626.689060499979,626.689060499979,626.689060499979,626.689060499979,627.1733048000024,627.1733048000024,627.6420232999953,,,,,x,1,0.4516232000023592,None,001,001,2025-09-18_12h23.26.877,Motor Sequence Learning,,2025.1.1,60.1924110617832,2025-09-18 12h23.42.687764 +0530,
50,c,123,123,29,c,1,0.3975376000162214,None,,,,,29,123,123,2,627.6564953000052,,627.6426030999864,627.6564953000052,628.6566050999973,628.6566050999973,628.6566050999973,628.6566050999973,628.6566050999973,629.1406175000011,629.1406175000011,629.5413210999977,,,,,c,1,0.3975376000162214,None,001,001,2025-09-18_12h23.26.877,Motor Sequence Learning,,2025.1.1,60.1924110617832,2025-09-18 12h23.42.687764 +0530,
-50,x,124,124,32,x,1,0.4272373999992851,None,,,,,32,124,124,0,629.5573609999847,,629.5417547999823,629.5573609999847,630.5566513999947,630.5566513999947,630.5566513999947,630.5566513999947,630.5566513999947,631.0408163999964,631.0408163999964,631.4745316999906,,,,,x,1,0.4272373999992851,None,001,001,2025-09-18_12h23.26.877,Motor Sequence Learning,,2025.1.1,60.1924110617832,2025-09-18 12h23.42.687764 +0530,
-50,x,125,125,33,x,1,0.3341159999836236,None,,,,,33,125,125,0,631.4905926999927,,631.4749504999781,631.4905926999927,632.490432999999,632.490432999999,632.490432999999,632.490432999999,632.490432999999,632.9882814000011,632.9882814000011,633.325273800001,,,,,x,1,0.3341159999836236,None,001,001,2025-09-18_12h23.26.877,Motor Sequence Learning,,2025.1.1,60.1924110617832,2025-09-18 12h23.42.687764 +0530,
150,v,126,126,31,v,1,0.4384268999856431,None,,,,,31,126,126,1,633.340045799996,,633.325834599993,633.340045799996,634.3395358999842,634.3395358999842,634.3395358999842,634.3395358999842,634.3395358999842,634.8395277999807,634.8395277999807,635.2889876999834,,,,,v,1,0.4384268999856431,None,001,001,2025-09-18_12h23.26.877,Motor Sequence Learning,,2025.1.1,60.1924110617832,2025-09-18 12h23.42.687764 +0530,
-50,x,127,127,34,x,1,0.38834619999397546,None,,,,,34,127,127,0,635.3056334999856,,635.2892621000065,635.3056334999856,636.290299299988,636.290299299988,636.290299299988,636.290299299988,636.306485899986,636.7914203999972,636.7914203999972,637.191622399987,,,,,x,1,0.38834619999397546,None,001,001,2025-09-18_12h23.26.877,Motor Sequence Learning,,2025.1.1,60.1924110617832,2025-09-18 12h23.42.687764 +0530,
50,c,128,128,30,c,1,0.3872012000065297,None,,,,,30,128,128,2,637.206466100004,,637.1923140999861,637.206466100004,638.2062259999802,638.2062259999802,638.2062259999802,638.2062259999802,638.2062259999802,638.7064325999818,638.7064325999818,639.1073627999867,,,,,c,1,0.3872012000065297,None,001,001,2025-09-18_12h23.26.877,Motor Sequence Learning,,2025.1.1,60.1924110617832,2025-09-18 12h23.42.687764 +0530,
-150,z,129,129,31,z,1,0.33328890000120737,None,,,,,31,129,129,3,639.122830599983,,639.1078401999839,639.122830599983,640.1071667000069,640.1071667000069,640.1071667000069,640.1071667000069,640.1234471999924,640.6062940999982,640.6062940999982,640.9403272999916,,,,,z,1,0.33328890000120737,None,001,001,2025-09-18_12h23.26.877,Motor Sequence Learning,,2025.1.1,60.1924110617832,2025-09-18 12h23.42.687764 +0530,
-150,z,130,130,32,z,1,0.35750329997972585,None,,,,,32,130,130,3,640.9557998999953,,640.9408996999846,640.9557998999953,641.9399841999984,641.9399841999984,641.9399841999984,641.9399841999984,641.9557637999824,642.440492099995,642.440492099995,642.8072866000002,,,,,z,1,0.35750329997972585,None,001,001,2025-09-18_12h23.26.877,Motor Sequence Learning,,2025.1.1,60.1924110617832,2025-09-18 12h23.42.687764 +0530,
-50,x,131,131,35,x,1,0.3463107999996282,None,,,,,35,131,131,0,642.8237123999861,,642.8077192000055,642.8237123999861,643.8221088999999,643.8221088999999,643.8221088999999,643.8221088999999,643.8221088999999,644.3225213999976,644.3225213999976,644.6730269999825,,,,,x,1,0.3463107999996282,None,001,001,2025-09-18_12h23.26.877,Motor Sequence Learning,,2025.1.1,60.1924110617832,2025-09-18 12h23.42.687764 +0530,
-50,x,132,132,36,x,1,0.39376929998979904,None,,,,,36,132,132,0,644.6895464999834,,644.6733993999951,644.6895464999834,645.6725207999989,645.6725207999989,645.6725207999989,645.6725207999989,645.6905108999927,646.1715411999903,646.1715411999903,646.5737394999887,,,,,x,1,0.39376929998979904,None,001,001,2025-09-18_12h23.26.877,Motor Sequence Learning,,2025.1.1,60.1924110617832,2025-09-18 12h23.42.687764 +0530,
150,v,133,133,32,v,1,0.3458047999884002,None,,,,,32,133,133,1,646.5890986000013,,646.574186199985,646.5890986000013,647.5902383999783,647.5902383999783,647.5902383999783,647.5902383999783,647.5902383999783,648.0735157000017,648.0735157000017,648.4242057999945,,,,,v,1,0.3458047999884002,None,001,001,2025-09-18_12h23.26.877,Motor Sequence Learning,,2025.1.1,60.1924110617832,2025-09-18 12h23.42.687764 +0530,
-150,z,134,134,33,z,1,0.31070490001002327,None,,,,,33,134,134,3,648.4395924999844,,648.4252287999843,648.4395924999844,649.4229576000071,649.4229576000071,649.4229576000071,649.4229576000071,649.4402900999994,649.9239318000036,649.9239318000036,650.2405907999782,,,,,z,1,0.31070490001002327,None,001,001,2025-09-18_12h23.26.877,Motor Sequence Learning,,2025.1.1,60.1924110617832,2025-09-18 12h23.42.687764 +0530,
150,v,135,135,33,v,1,0.353847600024892,None,,,,,33,135,135,1,650.2569481999963,,650.241197299998,650.2569481999963,651.2543076000002,651.2543076000002,651.2543076000002,651.2543076000002,651.2718250000034,651.7402610999998,651.7402610999998,652.104881599982,,,,,v,1,0.353847600024892,None,001,001,2025-09-18_12h23.26.877,Motor Sequence Learning,,2025.1.1,60.1924110617832,2025-09-18 12h23.42.687764 +0530,
150,v,136,136,34,v,1,0.38472400000318885,None,,,,,34,136,136,1,652.1211513000017,,652.1050641000038,652.1211513000017,653.1048872999963,653.1048872999963,653.1048872999963,653.1048872999963,653.1223518000043,653.6060308000015,653.6060308000015,653.9914632999862,,,,,v,1,0.38472400000318885,None,001,001,2025-09-18_12h23.26.877,Motor Sequence Learning,,2025.1.1,60.1924110617832,2025-09-18 12h23.42.687764 +0530,
-150,z,137,137,34,z,1,0.3123595000070054,None,,,,,34,137,137,3,654.0068352999806,,653.9920853999793,654.0068352999806,655.0067247999832,655.0067247999832,655.0067247999832,655.0067247999832,655.0067247999832,655.5056942999945,655.5056942999945,655.8225929999899,,,,,z,1,0.3123595000070054,None,001,001,2025-09-18_12h23.26.877,Motor Sequence Learning,,2025.1.1,60.1924110617832,2025-09-18 12h23.42.687764 +0530,
50,c,138,138,31,c,1,0.32062640000367537,None,,,,,31,138,138,2,655.8385607999808,,655.823147499992,655.8385607999808,656.8220410999784,656.8220410999784,656.8220410999784,656.8220410999784,656.8390119999822,657.3389199999801,657.3389199999801,657.671589000005,,,,,c,1,0.32062640000367537,None,001,001,2025-09-18_12h23.26.877,Motor Sequence Learning,,2025.1.1,60.1924110617832,2025-09-18 12h23.42.687764 +0530,
-150,z,139,139,35,z,1,0.3941279000137001,None,,,,,35,139,139,3,657.6885749000066,,657.671795000002,657.6885749000066,658.6723904999963,658.6723904999963,658.6723904999963,658.6723904999963,658.6903835999838,659.1722140999918,659.1722140999918,659.5736559999932,,,,,z,1,0.3941279000137001,None,001,001,2025-09-18_12h23.26.877,Motor Sequence Learning,,2025.1.1,60.1924110617832,2025-09-18 12h23.42.687764 +0530,
150,v,140,140,35,v,1,0.33801509998738766,None,,,,,35,140,140,1,659.5893069999875,,659.5740744999785,659.5893069999875,660.588617100002,660.588617100002,660.588617100002,660.588617100002,660.6045186999836,661.0893657999986,661.0893657999986,661.4403055000002,,,,,v,1,0.33801509998738766,None,001,001,2025-09-18_12h23.26.877,Motor Sequence Learning,,2025.1.1,60.1924110617832,2025-09-18 12h23.42.687764 +0530,
-50,x,141,141,37,x,1,0.3961184000072535,None,,,,,37,141,141,0,661.4556734999933,,661.4407467999845,661.4556734999933,662.4395072000043,662.4395072000043,662.4395072000043,662.4395072000043,662.4563620999979,662.9562072999834,662.9562072999834,663.3577957999951,,,,,x,1,0.3961184000072535,None,001,001,2025-09-18_12h23.26.877,Motor Sequence Learning,,2025.1.1,60.1924110617832,2025-09-18 12h23.42.687764 +0530,
50,c,142,142,32,c,1,0.3246799999906216,None,,,,,32,142,142,2,663.3727887999848,,663.3583273999975,663.3727887999848,664.3729237999942,664.3729237999942,664.3729237999942,664.3729237999942,664.3729237999942,664.871141199983,664.871141199983,665.2055660999904,,,,,c,1,0.3246799999906216,None,001,001,2025-09-18_12h23.26.877,Motor Sequence Learning,,2025.1.1,60.1924110617832,2025-09-18 12h23.42.687764 +0530,
-150,z,143,143,36,z,1,0.307513600011589,None,,,,,36,143,143,3,665.2219349999796,,665.2059840000002,665.2219349999796,666.206223199988,666.206223199988,666.206223199988,666.206223199988,666.2219189000025,666.7064730999991,666.7064730999991,667.022240899998,,,,,z,1,0.307513600011589,None,001,001,2025-09-18_12h23.26.877,Motor Sequence Learning,,2025.1.1,60.1924110617832,2025-09-18 12h23.42.687764 +0530,
50,c,144,144,33,c,1,0.3146757000067737,None,,,,,33,144,144,2,667.0389147999813,,667.0224879999878,667.0389147999813,668.0227011999814,668.0227011999814,668.0227011999814,668.0227011999814,668.0388614999829,668.5225433000014,668.5225433000014,668.840646800003,,,,,c,1,0.3146757000067737,None,001,001,2025-09-18_12h23.26.877,Motor Sequence Learning,,2025.1.1,60.1924110617832,2025-09-18 12h23.42.687764 +0530,
50,c,145,145,34,v,0,0.38518019998446107,None,,,,,34,145,145,2,668.8562005999847,,668.8412610999949,668.8562005999847,669.8557799999835,669.8557799999835,669.8557799999835,669.8557799999835,669.8557799999835,670.3557036999846,670.3557036999846,670.7577193999896,,,,,v,0,0.38518019998446107,None,001,001,2025-09-18_12h23.26.877,Motor Sequence Learning,,2025.1.1,60.1924110617832,2025-09-18 12h23.42.687764 +0530,
-150,z,146,146,37,z,1,0.36191589999361895,None,,,,,37,146,146,3,670.7736468999938,,670.7585299999919,670.7736468999938,671.772419099987,671.772419099987,671.772419099987,671.772419099987,671.7888474999927,672.272381399991,672.272381399991,672.6393218000012,,,,,z,1,0.36191589999361895,None,001,001,2025-09-18_12h23.26.877,Motor Sequence Learning,,2025.1.1,60.1924110617832,2025-09-18 12h23.42.687764 +0530,
-150,z,147,147,38,z,1,0.3691252000280656,None,,,,,38,147,147,3,672.6551240999834,,672.6397789999901,672.6551240999834,673.6390820999804,673.6390820999804,673.6390820999804,673.6390820999804,673.6556864999875,674.1393482999993,674.1393482999993,674.5234429999837,,,,,z,1,0.3691252000280656,None,001,001,2025-09-18_12h23.26.877,Motor Sequence Learning,,2025.1.1,60.1924110617832,2025-09-18 12h23.42.687764 +0530,
-50,x,148,148,38,x,1,0.5354287000081968,None,,,,,38,148,148,0,674.5394925999863,,674.5239448999928,674.5394925999863,675.538141099998,675.538141099998,675.538141099998,675.538141099998,675.5555570999859,676.0388923999853,676.0388923999853,676.5907731000043,,,,,x,1,0.5354287000081968,None,001,001,2025-09-18_12h23.26.877,Motor Sequence Learning,,2025.1.1,60.1924110617832,2025-09-18 12h23.42.687764 +0530,
150,v,149,149,36,v,1,0.43529799999669194,None,,,,,36,149,149,1,676.6059856000065,,676.5912399999797,676.6059856000065,677.6040332999837,677.6040332999837,677.6040332999837,677.6040332999837,677.6206417999929,678.1054735000071,678.1054735000071,678.5560398999951,,,,,v,1,0.43529799999669194,None,001,001,2025-09-18_12h23.26.877,Motor Sequence Learning,,2025.1.1,60.1924110617832,2025-09-18 12h23.42.687764 +0530,
150,v,150,150,37,v,1,0.34830899999360554,None,,,,,37,150,150,1,678.5715659999987,,678.5564784999879,678.5715659999987,679.555736099981,679.555736099981,679.555736099981,679.555736099981,679.572625300003,680.0555778999988,680.0555778999988,680.4077449000033,,,,,v,1,0.34830899999360554,None,001,001,2025-09-18_12h23.26.877,Motor Sequence Learning,,2025.1.1,60.1924110617832,2025-09-18 12h23.42.687764 +0530,
-150,z,151,151,39,z,1,0.3785204000014346,None,,,,,39,151,151,3,680.4224863999989,,680.4082554999914,680.4224863999989,681.4060163999966,681.4060163999966,681.4060163999966,681.4060163999966,681.4233218999871,681.9227935999807,681.9227935999807,682.3055718999822,,,,,z,1,0.3785204000014346,None,001,001,2025-09-18_12h23.26.877,Motor Sequence Learning,,2025.1.1,60.1924110617832,2025-09-18 12h23.42.687764 +0530,
-50,x,152,152,39,x,1,0.4191199000051711,None,,,,,39,152,152,0,682.3217979999899,,682.3060262000072,682.3217979999899,683.3064427000063,683.3064427000063,683.3064427000063,683.3064427000063,683.3239265999873,683.8066447000019,683.8066447000019,684.239073499979,,,,,x,1,0.4191199000051711,None,001,001,2025-09-18_12h23.26.877,Motor Sequence Learning,,2025.1.1,60.1924110617832,2025-09-18 12h23.42.687764 +0530,
50,c,153,153,35,c,1,0.4022019999974873,None,,,,,35,153,153,2,684.2557174999965,,684.2396038000006,684.2557174999965,685.2389047000033,685.2389047000033,685.2389047000033,685.2389047000033,685.2550751999952,685.7387950999837,685.7387950999837,686.1571582999895,,,,,c,1,0.4022019999974873,None,001,001,2025-09-18_12h23.26.877,Motor Sequence Learning,,2025.1.1,60.1924110617832,2025-09-18 12h23.42.687764 +0530,
150,v,154,154,38,v,1,0.5550280000024941,None,,,,,38,154,154,1,686.1728412999946,,686.1576283999893,686.1728412999946,687.1728009999788,687.1728009999788,687.1728009999788,687.1728009999788,687.1728009999788,687.6565576999856,687.6565576999856,688.2224409999908,,,,,v,1,0.5550280000024941,None,001,001,2025-09-18_12h23.26.877,Motor Sequence Learning,,2025.1.1,60.1924110617832,2025-09-18 12h23.42.687764 +0530,
50,c,155,155,36,c,1,0.4649398000037763,None,,,,,36,155,155,2,688.2392240999907,,688.2228367000062,688.2392240999907,689.2220067000017,689.2220067000017,689.2220067000017,689.2220067000017,689.2381834999833,689.7216249000048,689.7216249000048,690.1896918999846,,,,,c,1,0.4649398000037763,None,001,001,2025-09-18_12h23.26.877,Motor Sequence Learning,,2025.1.1,60.1924110617832,2025-09-18 12h23.42.687764 +0530,
-50,x,156,156,40,x,1,0.36411900000530295,None,,,,,40,156,156,0,690.205115299992,,690.1901158999826,690.205115299992,691.2053336999961,691.2053336999961,691.2053336999961,691.2053336999961,691.2053336999961,691.7050161999941,691.7050161999941,692.0723470999801,,,,,x,1,0.36411900000530295,None,001,001,2025-09-18_12h23.26.877,Motor Sequence Learning,,2025.1.1,60.1924110617832,2025-09-18 12h23.42.687764 +0530,
150,v,157,157,39,v,1,0.3875050999922678,None,,,,,39,157,157,1,692.0879791000043,,692.0727274999954,692.0879791000043,693.0722548000049,693.0722548000049,693.0722548000049,693.0722548000049,693.0887534999929,693.5729320999817,693.5729320999817,693.9736050999782,,,,,v,1,0.3875050999922678,None,001,001,2025-09-18_12h23.26.877,Motor Sequence Learning,,2025.1.1,60.1924110617832,2025-09-18 12h23.42.687764 +0530,
150,v,158,158,40,v,1,0.5260961999883875,None,,,,,40,158,158,1,693.9897061999945,,693.9740604999824,693.9897061999945,694.9890637999924,694.9890637999924,694.9890637999924,694.9890637999924,694.9890637999924,695.4884871999966,695.4884871999966,696.0228390999837,,,,,v,1,0.5260961999883875,None,001,001,2025-09-18_12h23.26.877,Motor Sequence Learning,,2025.1.1,60.1924110617832,2025-09-18 12h23.42.687764 +0530,
50,c,159,159,37,c,1,0.5517445999721531,None,,,,,37,159,159,2,696.0382911000052,,696.0233327999886,696.0382911000052,697.0389420999854,697.0389420999854,697.0389420999854,697.0389420999854,697.0389420999854,697.5231231999933,697.5231231999933,698.0902592999919,,,,,c,1,0.5517445999721531,None,001,001,2025-09-18_12h23.26.877,Motor Sequence Learning,,2025.1.1,60.1924110617832,2025-09-18 12h23.42.687764 +0530,
-50,x,160,160,41,x,1,0.38749559997813776,None,,,,,41,160,160,0,698.1060795999947,,698.0907277999795,698.1060795999947,699.1058175999788,699.1058175999788,699.1058175999788,699.1058175999788,699.1058175999788,699.6052157999948,699.6052157999948,700.0058672000014,,,,,x,1,0.38749559997813776,None,001,001,2025-09-18_12h23.26.877,Motor Sequence Learning,,2025.1.1,60.1924110617832,2025-09-18 12h23.42.687764 +0530,
150,v,161,161,41,v,1,0.4720734000147786,None,,,,,41,161,161,1,700.0214983999904,,700.0062654999783,700.0214983999904,701.006195599999,701.006195599999,701.006195599999,701.006195599999,701.0226830999891,701.5051829000004,701.5051829000004,701.9905781999987,,,,,v,1,0.4720734000147786,None,001,001,2025-09-18_12h23.26.877,Motor Sequence Learning,,2025.1.1,60.1924110617832,2025-09-18 12h23.42.687764 +0530,
-50,x,162,162,42,x,1,0.31600509997224435,None,,,,,42,162,162,0,702.0063867999997,,701.9911341999832,702.0063867999997,703.0041949999868,703.0041949999868,703.0041949999868,703.0041949999868,703.0207045999996,703.5050711999938,703.5050711999938,703.8225071000052,,,,,x,1,0.31600509997224435,None,001,001,2025-09-18_12h23.26.877,Motor Sequence Learning,,2025.1.1,60.1924110617832,2025-09-18 12h23.42.687764 +0530,
-50,x,163,163,43,x,1,0.38939500000560656,None,,,,,43,163,163,0,703.8385661999928,,703.8229722999968,703.8385661999928,704.8223689000006,704.8223689000006,704.8223689000006,704.8223689000006,704.8399332999834,705.3225620999874,705.3225620999874,705.7223837999918,,,,,x,1,0.38939500000560656,None,001,001,2025-09-18_12h23.26.877,Motor Sequence Learning,,2025.1.1,60.1924110617832,2025-09-18 12h23.42.687764 +0530,
-50,x,164,164,44,x,1,0.3385278999921866,None,,,,,44,164,164,0,705.738136400003,,705.722775400005,705.738136400003,706.7229155999958,706.7229155999958,706.7229155999958,706.7229155999958,706.7395003999991,707.2216870999837,707.2216870999837,707.5723950999964,,,,,x,1,0.3385278999921866,None,001,001,2025-09-18_12h23.26.877,Motor Sequence Learning,,2025.1.1,60.1924110617832,2025-09-18 12h23.42.687764 +0530,
-150,z,165,165,40,z,1,0.47706509998533875,None,,,,,40,165,165,3,707.5880212000047,,707.5728651999962,707.5880212000047,708.5723340999975,708.5723340999975,708.5723340999975,708.5723340999975,708.5909064000007,709.0890252999961,709.0890252999961,709.5733832999831,,,,,z,1,0.47706509998533875,None,001,001,2025-09-18_12h23.26.877,Motor Sequence Learning,,2025.1.1,60.1924110617832,2025-09-18 12h23.42.687764 +0530,
-150,z,166,166,41,z,1,0.40078860000357963,None,,,,,41,166,166,3,709.5887184999883,,709.5739653999917,709.5887184999883,710.5721864999796,710.5721864999796,710.5721864999796,710.5721864999796,710.5873291000025,711.0881952999916,711.0881952999916,711.5040223999822,,,,,z,1,0.40078860000357963,None,001,001,2025-09-18_12h23.26.877,Motor Sequence Learning,,2025.1.1,60.1924110617832,2025-09-18 12h23.42.687764 +0530,
50,c,167,167,38,c,1,0.5701580000168178,None,,,,,38,167,167,2,711.5200887999963,,711.504291099991,711.5200887999963,712.5049987999955,712.5049987999955,712.5049987999955,712.5049987999955,712.5211815999937,713.0068502000067,713.0068502000067,713.5880871999834,,,,,c,1,0.5701580000168178,None,001,001,2025-09-18_12h23.26.877,Motor Sequence Learning,,2025.1.1,60.1924110617832,2025-09-18 12h23.42.687764 +0530,
150,v,168,168,42,v,1,0.41234919999260455,None,,,,,42,168,168,1,713.6036235999782,,713.5883393999829,713.6036235999782,714.5878230999806,714.5878230999806,714.5878230999806,714.5878230999806,714.6052318000002,715.0882721999951,715.0882721999951,715.5050523999962,,,,,v,1,0.41234919999260455,None,001,001,2025-09-18_12h23.26.877,Motor Sequence Learning,,2025.1.1,60.1924110617832,2025-09-18 12h23.42.687764 +0530,
-50,x,169,169,45,x,1,0.46225139999296516,None,,,,,45,169,169,0,715.5214686999971,,715.5055011999793,715.5214686999971,716.5046862000017,716.5046862000017,716.5046862000017,716.5046862000017,716.5217414999788,717.0202392000065,717.0202392000065,717.4886930999928,,,,,x,1,0.46225139999296516,None,001,001,2025-09-18_12h23.26.877,Motor Sequence Learning,,2025.1.1,60.1924110617832,2025-09-18 12h23.42.687764 +0530,
-50,x,170,170,46,x,1,0.4382416000007652,None,,,,,46,170,170,0,717.5049009000068,,717.4890899999882,717.5049009000068,718.488758499996,718.488758499996,718.488758499996,718.488758499996,718.5051458999806,718.9886904000014,718.9886904000014,719.4391731999931,,,,,x,1,0.4382416000007652,None,001,001,2025-09-18_12h23.26.877,Motor Sequence Learning,,2025.1.1,60.1924110617832,2025-09-18 12h23.42.687764 +0530,
150,v,171,171,43,v,1,0.5125042999861762,None,,,,,43,171,171,1,719.4550413999823,,719.4396723999816,719.4550413999823,720.4547186999989,720.4547186999989,720.4547186999989,720.4547186999989,720.4547186999989,720.938485599996,720.938485599996,721.4552365999843,,,,,v,1,0.5125042999861762,None,001,001,2025-09-18_12h23.26.877,Motor Sequence Learning,,2025.1.1,60.1924110617832,2025-09-18 12h23.42.687764 +0530,
50,c,172,172,39,c,1,0.84977020000224,None,,,,,39,172,172,2,721.4712614000018,,721.4558091999788,721.4712614000018,722.4553986999963,722.4553986999963,722.4553986999963,722.4553986999963,722.4712487999932,722.9549923999875,722.9549923999875,723.8078151999798,,,,,c,1,0.84977020000224,None,001,001,2025-09-18_12h23.26.877,Motor Sequence Learning,,2025.1.1,60.1924110617832,2025-09-18 12h23.42.687764 +0530,
50,c,173,173,40,c,1,0.49007959998562,None,,,,,40,173,173,2,723.82227959999,,723.8083334999974,723.82227959999,724.8213904000004,724.8213904000004,724.8213904000004,724.8213904000004,724.837895899982,725.3212504999829,725.3212504999829,725.8216775000037,,,,,c,1,0.49007959998562,None,001,001,2025-09-18_12h23.26.877,Motor Sequence Learning,,2025.1.1,60.1924110617832,2025-09-18 12h23.42.687764 +0530,
-150,z,174,174,42,z,1,0.448565900005633,None,,,,,42,174,174,3,725.8381720999896,,725.8220007999917,725.8381720999896,726.821718399995,726.821718399995,726.821718399995,726.821718399995,726.8387636999832,727.3222873999912,727.3222873999912,727.7742381999851,,,,,z,1,0.448565900005633,None,001,001,2025-09-18_12h23.26.877,Motor Sequence Learning,,2025.1.1,60.1924110617832,2025-09-18 12h23.42.687764 +0530,
150,v,175,175,44,v,1,0.5675531000015326,None,,,,,44,175,175,1,727.7889080999885,,727.774769199983,727.7889080999885,728.7882828000002,728.7882828000002,728.7882828000002,728.7882828000002,728.7882828000002,729.2890186999866,729.2890186999866,729.8729485999793,,,,,v,1,0.5675531000015326,None,001,001,2025-09-18_12h23.26.877,Motor Sequence Learning,,2025.1.1,60.1924110617832,2025-09-18 12h23.42.687764 +0530,
-50,x,176,176,47,x,1,0.352895800024271,None,,,,,47,176,176,0,729.8886480999936,,729.8734471999924,729.8886480999936,730.8730964999995,730.8730964999995,730.8730964999995,730.8730964999995,730.8887378999789,731.3890371999878,731.3890371999878,731.7555675999902,,,,,x,1,0.352895800024271,None,001,001,2025-09-18_12h23.26.877,Motor Sequence Learning,,2025.1.1,60.1924110617832,2025-09-18 12h23.42.687764 +0530,
-150,z,177,177,43,z,1,0.47953599999891594,None,,,,,43,177,177,3,731.7709848999802,,731.7560635999835,731.7709848999802,732.7706942999794,732.7706942999794,732.7706942999794,732.7706942999794,732.7706942999794,733.2551565000031,733.2551565000031,733.7375667000015,,,,,z,1,0.47953599999891594,None,001,001,2025-09-18_12h23.26.877,Motor Sequence Learning,,2025.1.1,60.1924110617832,2025-09-18 12h23.42.687764 +0530,
50,c,178,178,41,c,1,0.4652646000031382,None,,,,,41,178,178,2,733.7544756999996,,733.7378514999873,733.7544756999996,734.7384053999849,734.7384053999849,734.7384053999849,734.7384053999849,734.7555477999849,735.2375139999785,735.2375139999785,735.7059531999985,,,,,c,1,0.4652646000031382,None,001,001,2025-09-18_12h23.26.877,Motor Sequence Learning,,2025.1.1,60.1924110617832,2025-09-18 12h23.42.687764 +0530,
50,c,179,179,42,c,1,0.5573877999850083,None,,,,,42,179,179,2,735.7203776999959,,735.7064389000006,735.7203776999959,736.7068335999793,736.7068335999793,736.7068335999793,736.7068335999793,736.7225924999802,737.2056587999978,737.2056587999978,737.7722045999835,,,,,c,1,0.5573877999850083,None,001,001,2025-09-18_12h23.26.877,Motor Sequence Learning,,2025.1.1,60.1924110617832,2025-09-18 12h23.42.687764 +0530,
-50,x,180,180,48,x,1,0.41020740001113154,None,,,,,48,180,180,0,737.7887751999951,,737.7726087000046,737.7887751999951,738.7723757000058,738.7723757000058,738.7723757000058,738.7723757000058,738.7892140999902,739.2888566000038,739.2888566000038,739.7047702999844,,,,,x,1,0.41020740001113154,None,001,001,2025-09-18_12h23.26.877,Motor Sequence Learning,,2025.1.1,60.1924110617832,2025-09-18 12h23.42.687764 +0530,
-150,z,181,181,44,z,1,0.6250694000045769,None,,,,,44,181,181,3,739.7208069000044,,739.7051799999899,739.7208069000044,740.7045078999945,740.7045078999945,740.7045078999945,740.7045078999945,740.7199932999793,741.2047692000051,741.2047692000051,741.838350999984,,,,,z,1,0.6250694000045769,None,001,001,2025-09-18_12h23.26.877,Motor Sequence Learning,,2025.1.1,60.1924110617832,2025-09-18 12h23.42.687764 +0530,
-150,z,182,182,45,z,1,0.4169586000207346,None,,,,,45,182,182,3,741.8546568999882,,741.8387789999833,741.8546568999882,742.838682600006,742.838682600006,742.838682600006,742.838682600006,742.8553832999896,743.3384243999899,743.3384243999899,743.771175300004,,,,,z,1,0.4169586000207346,None,001,001,2025-09-18_12h23.26.877,Motor Sequence Learning,,2025.1.1,60.1924110617832,2025-09-18 12h23.42.687764 +0530,
150,v,183,183,45,v,1,0.5028930999978911,None,,,,,45,183,183,1,743.787771400006,,743.7716693999828,743.787771400006,744.7715589999862,744.7715589999862,744.7715589999862,744.7715589999862,744.7882089999912,745.2723279999918,745.2723279999918,745.7891040999966,,,,,v,1,0.5028930999978911,None,001,001,2025-09-18_12h23.26.877,Motor Sequence Learning,,2025.1.1,60.1924110617832,2025-09-18 12h23.42.687764 +0530,
-150,z,184,184,46,z,1,0.42479499999899417,None,,,,,46,184,184,3,745.8053271999815,,745.7897112999926,745.8053271999815,746.8048563000048,746.8048563000048,746.8048563000048,746.8048563000048,746.8048563000048,747.288753300003,747.288753300003,747.7209464999905,,,,,z,1,0.42479499999899417,None,001,001,2025-09-18_12h23.26.877,Motor Sequence Learning,,2025.1.1,60.1924110617832,2025-09-18 12h23.42.687764 +0530,
50,c,185,185,43,c,1,0.755006899998989,None,,,,,43,185,185,2,747.7369373999827,,747.7213442999928,747.7369373999827,748.7212792999926,748.7212792999926,748.7212792999926,748.7212792999926,748.7375205999997,749.2217838999932,749.2217838999932,749.9882456999912,,,,,c,1,0.755006899998989,None,001,001,2025-09-18_12h23.26.877,Motor Sequence Learning,,2025.1.1,60.1924110617832,2025-09-18 12h23.42.687764 +0530,
-150,z,186,186,47,z,1,0.513682399992831,None,,,,,47,186,186,3,750.0039193999837,,749.9886703999946,750.0039193999837,750.9889017999812,750.9889017999812,750.9889017999812,750.9889017999812,751.004973699979,751.4885098999948,751.4885098999948,752.0031667999865,,,,,z,1,0.513682399992831,None,001,001,2025-09-18_12h23.26.877,Motor Sequence Learning,,2025.1.1,60.1924110617832,2025-09-18 12h23.42.687764 +0530,
50,c,187,187,44,c,1,0.60485050000716,None,,,,,44,187,187,2,752.0194589000021,,752.0034338999831,752.0194589000021,753.0053652999923,753.0053652999923,753.0053652999923,753.0053652999923,753.0227003000036,753.5046896999993,753.5046896999993,754.1211973000027,,,,,c,1,0.60485050000716,None,001,001,2025-09-18_12h23.26.877,Motor Sequence Learning,,2025.1.1,60.1924110617832,2025-09-18 12h23.42.687764 +0530,
-150,z,188,188,48,z,1,0.4998123000259511,None,,,,,48,188,188,3,754.1381357999926,,754.1217826999782,754.1381357999926,755.120740399987,755.120740399987,755.120740399987,755.120740399987,755.137819800002,755.620835699985,755.620835699985,756.1366330999881,,,,,z,1,0.4998123000259511,None,001,001,2025-09-18_12h23.26.877,Motor Sequence Learning,,2025.1.1,60.1924110617832,2025-09-18 12h23.42.687764 +0530,
-50,x,189,189,49,x,1,0.8881808000151068,None,,,,,49,189,189,0,756.1529446000059,,756.1368949000025,756.1529446000059,757.1385684999987,757.1385684999987,757.1385684999987,757.1385684999987,757.154575099994,757.6376221999817,757.6376221999817,758.5380145999952,,,,,x,1,0.8881808000151068,None,001,001,2025-09-18_12h23.26.877,Motor Sequence Learning,,2025.1.1,60.1924110617832,2025-09-18 12h23.42.687764 +0530,
150,v,190,190,46,v,1,0.5649520000151824,None,,,,,46,190,190,1,758.5542043999885,,758.538450299995,758.5542043999885,759.5380171999859,759.5380171999859,759.5380171999859,759.5380171999859,759.5547755000007,760.0376780999941,760.0376780999941,760.6051118999894,,,,,v,1,0.5649520000151824,None,001,001,2025-09-18_12h23.26.877,Motor Sequence Learning,,2025.1.1,60.1924110617832,2025-09-18 12h23.42.687764 +0530,
150,v,191,191,47,v,1,0.5636621000012383,None,,,,,47,191,191,1,760.6208299999998,,760.6056117999833,760.6208299999998,761.6039737999963,761.6039737999963,761.6039737999963,761.6039737999963,761.6203970999923,762.1047951999935,762.1047951999935,762.6718961999868,,,,,v,1,0.5636621000012383,None,001,001,2025-09-18_12h23.26.877,Motor Sequence Learning,,2025.1.1,60.1924110617832,2025-09-18 12h23.42.687764 +0530,
-150,z,192,192,49,z,1,0.44784249999793246,None,,,,,49,192,192,3,762.6877732999856,,762.6726240999997,762.6877732999856,763.6715104999894,763.6715104999894,763.6715104999894,763.6715104999894,763.6880414999905,764.1726662000001,764.1726662000001,764.6370374999824,,,,,z,1,0.44784249999793246,None,001,001,2025-09-18_12h23.26.877,Motor Sequence Learning,,2025.1.1,60.1924110617832,2025-09-18 12h23.42.687764 +0530,
150,v,193,193,48,v,1,0.5489817000052426,None,,,,,48,193,193,1,764.6538495999994,,764.6373543999798,764.6538495999994,765.6372552999819,765.6372552999819,765.6372552999819,765.6372552999819,765.653745299991,766.137178200006,766.137178200006,766.6889133999939,,,,,v,1,0.5489817000052426,None,001,001,2025-09-18_12h23.26.877,Motor Sequence Learning,,2025.1.1,60.1924110617832,2025-09-18 12h23.42.687764 +0530,
50,c,194,194,45,c,1,0.5229599000012968,None,,,,,45,194,194,2,766.7032949999848,,766.6893131999823,766.7032949999848,767.6884309999878,767.6884309999878,767.6884309999878,767.6884309999878,767.7046678999905,768.20381799998,768.20381799998,768.7378862999904,,,,,c,1,0.5229599000012968,None,001,001,2025-09-18_12h23.26.877,Motor Sequence Learning,,2025.1.1,60.1924110617832,2025-09-18 12h23.42.687764 +0530,
50,c,195,195,46,c,1,0.41567980000399984,None,,,,,46,195,195,2,768.7541987999866,,768.738319600001,768.7541987999866,769.738222999993,769.738222999993,769.738222999993,769.738222999993,769.7550226000021,770.238408300007,770.238408300007,770.6561336999875,,,,,c,1,0.41567980000399984,None,001,001,2025-09-18_12h23.26.877,Motor Sequence Learning,,2025.1.1,60.1924110617832,2025-09-18 12h23.42.687764 +0530,
150,v,196,196,49,v,1,0.5601842000032775,None,,,,,49,196,196,1,770.6716336999962,,770.6566119999916,770.6716336999962,771.6696183999884,771.6696183999884,771.6696183999884,771.6696183999884,771.6885172000038,772.1711335,772.1711335,772.7362262999814,,,,,v,1,0.5601842000032775,None,001,001,2025-09-18_12h23.26.877,Motor Sequence Learning,,2025.1.1,60.1924110617832,2025-09-18 12h23.42.687764 +0530,
50,c,197,197,47,c,1,0.4171780999749899,None,,,,,47,197,197,2,772.7529087000003,,772.7364209999796,772.7529087000003,773.7374579999887,773.7374579999887,773.7374579999887,773.7374579999887,773.7542449999892,774.2388017000048,774.2388017000048,774.6718177000002,,,,,c,1,0.4171780999749899,None,001,001,2025-09-18_12h23.26.877,Motor Sequence Learning,,2025.1.1,60.1924110617832,2025-09-18 12h23.42.687764 +0530,
50,c,198,198,48,c,1,0.43145959998946637,None,,,,,48,198,198,2,774.6878571999841,,774.6723064999969,774.6878571999841,775.6708161999995,775.6708161999995,775.6708161999995,775.6708161999995,775.687877599994,776.1718443999998,776.1718443999998,776.6062838000071,,,,,c,1,0.43145959998946637,None,001,001,2025-09-18_12h23.26.877,Motor Sequence Learning,,2025.1.1,60.1924110617832,2025-09-18 12h23.42.687764 +0530,
50,c,199,199,49,c,1,0.3488329999963753,None,,,,,49,199,199,2,776.6210697999923,,776.6069791000045,776.6210697999923,777.6216450999782,777.6216450999782,777.6216450999782,777.6216450999782,777.6216450999782,778.1197359999933,778.1197359999933,778.4714449000021,,,,,c,1,0.3488329999963753,None,001,001,2025-09-18_12h23.26.877,Motor Sequence Learning,,2025.1.1,60.1924110617832,2025-09-18 12h23.42.687764 +0530,
