pos,corr_resp,thisN,thisTrialN,thisRepN,key_resp.keys,key_resp.corr,key_resp.rt,key_resp.duration,trials.thisRepN,trials.thisTrialN,trials.thisN,trials.thisIndex,trials_2.thisRepN,trials_2.thisTrialN,trials_2.thisN,trials_2.thisIndex,thisRow.t,notes,trial.started,Fixation.started,line1.started,line2.started,line3.started,line4.started,Fixation.stopped,probe.started,key_resp.started,trial.stopped,trials.key_resp.keys,trials.key_resp.corr,trials.key_resp.rt,trials.key_resp.duration,trials_2.key_resp.keys,trials_2.key_resp.corr,trials_2.key_resp.rt,trials_2.key_resp.duration,participant,session,date,expName,expVersion,psychopyVersion,frameRate,expStart
-50,x,0,0,0,x,1,1.1651439,None,0,0,0,0,,,,,0.0435867,,0.0336053,0.0435867,1.0121476,1.0121476,1.0121476,1.0121476,1.0456818,1.5105169,1.5105169,13.6968878,x,1,12.1651439,None,,,,,2,1,2025-09-18_19h20.51.788,Motor Sequence Learning,,2025.1.1,60.18230423,2025-09-18 19h21.04.288610 +0530
150,v,1,1,0,v,1,0.7840907,None,0,1,1,1,,,,,13.7103602,,13.6973886,13.7103602,14.7119212,14.7119212,14.7119212,14.7119212,14.7119212,15.2105949,15.2105949,16.0110369,v,1,0.7840907,None,,,,,2,1,2025-09-18_19h20.51.788,Motor Sequence Learning,,2025.1.1,60.18230423,2025-09-18 19h21.04.288610 +0530
50,c,2,2,0,c,1,0.7883073,None,0,2,2,2,,,,,16.0274751,,16.0112826,16.0274751,17.0120795,17.0120795,17.0120795,17.0120795,17.0289357,17.5117163,17.5117163,18.3110082,c,1,0.7883073,None,,,,,2,1,2025-09-18_19h20.51.788,Motor Sequence Learning,,2025.1.1,60.18230423,2025-09-18 19h21.04.288610 +0530
-150,z,3,3,0,z,1,0.3917392,None,0,3,3,3,,,,,18.3270408,,18.3113104,18.3270408,19.311994,19.311994,19.311994,19.311994,19.3287988,19.8116009,19.8116009,20.2108331,z,1,0.3917392,None,,,,,2,1,2025-09-18_19h20.51.788,Motor Sequence Learning,,2025.1.1,60.18230423,2025-09-18 19h21.04.288610 +0530
-50,x,4,0,1,x,1,0.413924,None,1,0,4,0,,,,,20.2275205,,20.2111589,20.2275205,21.2136821,21.2136821,21.2136821,21.2136821,21.2296952,21.7115476,21.7115476,22.129005,x,1,0.413924,None,,,,,2,1,2025-09-18_19h20.51.788,Motor Sequence Learning,,2025.1.1,60.18230423,2025-09-18 19h21.04.288610 +0530
150,v,5,1,1,v,1,0.4018566,None,1,1,5,1,,,,,22.1446642,,22.1294113,22.1446642,23.1295761,23.1295761,23.1295761,23.1295761,23.1456999,23.6293966,23.6293966,24.0457565,v,1,0.4018566,None,,,,,2,1,2025-09-18_19h20.51.788,Motor Sequence Learning,,2025.1.1,60.18230423,2025-09-18 19h21.04.288610 +0530
50,c,6,2,1,c,1,0.460068,None,1,2,6,2,,,,,24.0623792,,24.0462442,24.0623792,25.0453304,25.0453304,25.0453304,25.0453304,25.0613434,25.546928,25.546928,26.0128138,c,1,0.460068,None,,,,,2,1,2025-09-18_19h20.51.788,Motor Sequence Learning,,2025.1.1,60.18230423,2025-09-18 19h21.04.288610 +0530
-150,z,7,3,1,z,1,0.2943653,None,1,3,7,3,,,,,26.0285371,,26.0134767,26.0285371,27.0284061,27.0284061,27.0284061,27.0284061,27.0284061,27.5301433,27.5301433,27.8280875,z,1,0.2943653,None,,,,,2,1,2025-09-18_19h20.51.788,Motor Sequence Learning,,2025.1.1,60.18230423,2025-09-18 19h21.04.288610 +0530
-50,x,8,0,2,x,1,0.7348729,None,2,0,8,0,,,,,27.8439813,,27.8283384,27.8439813,28.8269383,28.8269383,28.8269383,28.8269383,28.8435506,29.3293609,29.3293609,30.0776621,x,1,0.7348729,None,,,,,2,1,2025-09-18_19h20.51.788,Motor Sequence Learning,,2025.1.1,60.18230423,2025-09-18 19h21.04.288610 +0530
150,v,9,1,2,v,1,0.3872267,None,2,1,9,1,,,,,30.0936342,,30.0779551,30.0936342,31.0782151,31.0782151,31.0782151,31.0782151,31.0951143,31.5784978,31.5784978,31.9795537,v,1,0.3872267,None,,,,,2,1,2025-09-18_19h20.51.788,Motor Sequence Learning,,2025.1.1,60.18230423,2025-09-18 19h21.04.288610 +0530
50,c,10,2,2,c,1,0.4829417,None,2,2,10,2,,,,,31.9951736,,31.9802883,31.9951736,32.9955025,32.9955025,32.9955025,32.9955025,32.9955025,33.4952558,33.4952558,33.9807612,c,1,0.4829417,None,,,,,2,1,2025-09-18_19h20.51.788,Motor Sequence Learning,,2025.1.1,60.18230423,2025-09-18 19h21.04.288610 +0530
-150,z,11,3,2,z,1,0.3657144,None,2,3,11,3,,,,,33.9954051,,33.9813285,33.9954051,34.9935914,34.9935914,34.9935914,34.9935914,35.0104014,35.4956579,35.4956579,35.8621323,z,1,0.3657144,None,,,,,2,1,2025-09-18_19h20.51.788,Motor Sequence Learning,,2025.1.1,60.18230423,2025-09-18 19h21.04.288610 +0530
-50,x,12,0,3,x,1,0.7630098,None,3,0,12,0,,,,,35.8776523,,35.862557,35.8776523,36.8618805,36.8618805,36.8618805,36.8618805,36.8793597,37.3612802,37.3612802,38.130419,x,1,0.7630098,None,,,,,2,1,2025-09-18_19h20.51.788,Motor Sequence Learning,,2025.1.1,60.18230423,2025-09-18 19h21.04.288610 +0530
150,v,13,1,3,v,1,0.4107191,None,3,1,13,1,,,,,38.1461644,,38.1309084,38.1461644,39.1287326,39.1287326,39.1287326,39.1287326,39.1458691,39.6449766,39.6449766,40.0623997,v,1,0.4107191,None,,,,,2,1,2025-09-18_19h20.51.788,Motor Sequence Learning,,2025.1.1,60.18230423,2025-09-18 19h21.04.288610 +0530
50,c,14,2,3,c,1,0.4755875,None,3,2,14,2,,,,,40.0775259,,40.0629523,40.0775259,41.0611133,41.0611133,41.0611133,41.0611133,41.0798186,41.5616849,41.5616849,42.0459449,c,1,0.4755875,None,,,,,2,1,2025-09-18_19h20.51.788,Motor Sequence Learning,,2025.1.1,60.18230423,2025-09-18 19h21.04.288610 +0530
-150,z,15,3,3,z,1,0.3536422,None,3,3,15,3,,,,,42.0620208,,42.0465186,42.0620208,43.0608078,43.0608078,43.0608078,43.0608078,43.0608078,43.544661,43.544661,43.9133174,z,1,0.3536422,None,,,,,2,1,2025-09-18_19h20.51.788,Motor Sequence Learning,,2025.1.1,60.18230423,2025-09-18 19h21.04.288610 +0530
-50,x,16,0,4,x,1,0.4824183,None,4,0,16,0,,,,,43.9271706,,43.9139191,43.9271706,44.9108824,44.9108824,44.9108824,44.9108824,44.9288414,45.4284552,45.4284552,45.9135615,x,1,0.4824183,None,,,,,2,1,2025-09-18_19h20.51.788,Motor Sequence Learning,,2025.1.1,60.18230423,2025-09-18 19h21.04.288610 +0530
150,v,17,1,4,v,1,0.3407778,None,4,1,17,1,,,,,45.9278549,,45.9140678,45.9278549,46.9117697,46.9117697,46.9117697,46.9117697,46.9284111,47.4287474,47.4287474,47.7786031,v,1,0.3407778,None,,,,,2,1,2025-09-18_19h20.51.788,Motor Sequence Learning,,2025.1.1,60.18230423,2025-09-18 19h21.04.288610 +0530
50,c,18,2,4,c,1,0.4839166,None,4,2,18,2,,,,,47.7936433,,47.7790032,47.7936433,48.7775638,48.7775638,48.7775638,48.7775638,48.7943984,49.2778685,49.2778685,49.7772567,c,1,0.4839166,None,,,,,2,1,2025-09-18_19h20.51.788,Motor Sequence Learning,,2025.1.1,60.18230423,2025-09-18 19h21.04.288610 +0530
-150,z,19,3,4,z,1,0.3298903,None,4,3,19,3,,,,,49.7935335,,49.7775227,49.7935335,50.7776145,50.7776145,50.7776145,50.7776145,50.7948366,51.2783703,51.2783703,51.613703,z,1,0.3298903,None,,,,,2,1,2025-09-18_19h20.51.788,Motor Sequence Learning,,2025.1.1,60.18230423,2025-09-18 19h21.04.288610 +0530
-50,x,20,0,5,x,1,0.6359979,None,5,0,20,0,,,,,51.6287619,,51.6142541,51.6287619,52.6283224,52.6283224,52.6283224,52.6283224,52.6449625,53.1281254,53.1281254,53.7786409,x,1,0.6359979,None,,,,,2,1,2025-09-18_19h20.51.788,Motor Sequence Learning,,2025.1.1,60.18230423,2025-09-18 19h21.04.288610 +0530
150,v,21,1,5,v,1,0.3863403,None,5,1,21,1,,,,,53.7952904,,53.7790402,53.7952904,54.7784486,54.7784486,54.7784486,54.7784486,54.7950631,55.2789976,55.2789976,55.6801975,v,1,0.3863403,None,,,,,2,1,2025-09-18_19h20.51.788,Motor Sequence Learning,,2025.1.1,60.18230423,2025-09-18 19h21.04.288610 +0530
50,c,22,2,5,c,1,0.4612827,None,5,2,22,2,,,,,55.6945514,,55.6806891,55.6945514,56.6952528,56.6952528,56.6952528,56.6952528,56.6952528,57.194644,57.194644,57.663008,c,1,0.4612827,None,,,,,2,1,2025-09-18_19h20.51.788,Motor Sequence Learning,,2025.1.1,60.18230423,2025-09-18 19h21.04.288610 +0530
-150,z,23,3,5,z,1,0.3490457,None,5,3,23,3,,,,,57.6783619,,57.6635864,57.6783619,58.6615144,58.6615144,58.6615144,58.6615144,58.6783463,59.1617355,59.1617355,59.5119616,z,1,0.3490457,None,,,,,2,1,2025-09-18_19h20.51.788,Motor Sequence Learning,,2025.1.1,60.18230423,2025-09-18 19h21.04.288610 +0530
-50,x,24,0,6,x,1,0.4965252,None,6,0,24,0,,,,,59.5272413,,59.5124222,59.5272413,60.528236,60.528236,60.528236,60.528236,60.528236,61.0281151,61.0281151,61.5294054,x,1,0.4965252,None,,,,,2,1,2025-09-18_19h20.51.788,Motor Sequence Learning,,2025.1.1,60.18230423,2025-09-18 19h21.04.288610 +0530
150,v,25,1,6,v,1,0.4248907,None,6,1,25,1,,,,,61.5437848,,61.5297972,61.5437848,62.5436481,62.5436481,62.5436481,62.5436481,62.5436481,63.0451745,63.0451745,63.4783063,v,1,0.4248907,None,,,,,2,1,2025-09-18_19h20.51.788,Motor Sequence Learning,,2025.1.1,60.18230423,2025-09-18 19h21.04.288610 +0530
50,c,26,2,6,c,1,0.3792843,None,6,2,26,2,,,,,63.4941438,,63.4787351,63.4941438,64.4782296,64.4782296,64.4782296,64.4782296,64.4957791,64.9775704,64.9775704,65.3604796,c,1,0.3792843,None,,,,,2,1,2025-09-18_19h20.51.788,Motor Sequence Learning,,2025.1.1,60.18230423,2025-09-18 19h21.04.288610 +0530
-150,z,27,3,6,z,1,0.2963725,None,6,3,27,3,,,,,65.377117,,65.3607315,65.377117,66.3614892,66.3614892,66.3614892,66.3614892,66.3791345,66.8621686,66.8621686,67.162667,z,1,0.2963725,None,,,,,2,1,2025-09-18_19h20.51.788,Motor Sequence Learning,,2025.1.1,60.18230423,2025-09-18 19h21.04.288610 +0530
-50,x,28,0,7,x,1,0.4135005,None,7,0,28,0,,,,,67.1768789,,67.1631525,67.1768789,68.1782431,68.1782431,68.1782431,68.1782431,68.1782431,68.6776212,68.6776212,69.0953064,x,1,0.4135005,None,,,,,2,1,2025-09-18_19h20.51.788,Motor Sequence Learning,,2025.1.1,60.18230423,2025-09-18 19h21.04.288610 +0530
150,v,29,1,7,v,1,0.3086676,None,7,1,29,1,,,,,69.1108853,,69.0956669,69.1108853,70.0957539,70.0957539,70.0957539,70.0957539,70.1121789,70.5953667,70.5953667,70.912932,v,1,0.3086676,None,,,,,2,1,2025-09-18_19h20.51.788,Motor Sequence Learning,,2025.1.1,60.18230423,2025-09-18 19h21.04.288610 +0530
50,c,30,2,7,c,1,0.4778759,None,7,2,30,2,,,,,70.9270568,,70.9135832,70.9270568,71.9278486,71.9278486,71.9278486,71.9278486,71.9278486,72.4105768,72.4105768,72.8948483,c,1,0.4778759,None,,,,,2,1,2025-09-18_19h20.51.788,Motor Sequence Learning,,2025.1.1,60.18230423,2025-09-18 19h21.04.288610 +0530
-150,z,31,3,7,z,1,0.343884,None,7,3,31,3,,,,,72.9100979,,72.8953423,72.9100979,73.9103224,73.9103224,73.9103224,73.9103224,73.9103224,74.39477,74.39477,74.7460788,z,1,0.343884,None,,,,,2,1,2025-09-18_19h20.51.788,Motor Sequence Learning,,2025.1.1,60.18230423,2025-09-18 19h21.04.288610 +0530
-50,x,32,0,8,x,1,0.5618948,None,8,0,32,0,,,,,74.7606456,,74.7467188,74.7606456,75.7443299,75.7443299,75.7443299,75.7443299,75.7610206,76.2616384,76.2616384,76.8322083,x,1,0.5618948,None,,,,,2,1,2025-09-18_19h20.51.788,Motor Sequence Learning,,2025.1.1,60.18230423,2025-09-18 19h21.04.288610 +0530
150,v,33,1,8,v,1,0.4460107,None,8,1,33,1,,,,,76.8449481,,76.8328319,76.8449481,77.8446927,77.8446927,77.8446927,77.8446927,77.8446927,78.345103,78.345103,78.796595,v,1,0.4460107,None,,,,,2,1,2025-09-18_19h20.51.788,Motor Sequence Learning,,2025.1.1,60.18230423,2025-09-18 19h21.04.288610 +0530
50,c,34,2,8,c,1,0.4466339,None,8,2,34,2,,,,,78.8110109,,78.7971495,78.8110109,79.8123061,79.8123061,79.8123061,79.8123061,79.8123061,80.3111652,80.3111652,80.762838,c,1,0.4466339,None,,,,,2,1,2025-09-18_19h20.51.788,Motor Sequence Learning,,2025.1.1,60.18230423,2025-09-18 19h21.04.288610 +0530
-150,z,35,3,8,z,1,0.367171,None,8,3,35,3,,,,,80.7773974,,80.7633458,80.7773974,81.7773614,81.7773614,81.7773614,81.7773614,81.7773614,82.2774927,82.2774927,82.645196,z,1,0.367171,None,,,,,2,1,2025-09-18_19h20.51.788,Motor Sequence Learning,,2025.1.1,60.18230423,2025-09-18 19h21.04.288610 +0530
-50,x,36,0,9,x,1,0.5711244,None,9,0,36,0,,,,,82.6607391,,82.6456323,82.6607391,83.643712,83.643712,83.643712,83.643712,83.6601814,84.1597499,84.1597499,84.7447774,x,1,0.5711244,None,,,,,2,1,2025-09-18_19h20.51.788,Motor Sequence Learning,,2025.1.1,60.18230423,2025-09-18 19h21.04.288610 +0530
150,v,37,1,9,v,1,0.4598778,None,9,1,37,1,,,,,84.7606235,,84.7452177,84.7606235,85.7446078,85.7446078,85.7446078,85.7446078,85.7603254,86.2444197,86.2444197,86.712145,v,1,0.4598778,None,,,,,2,1,2025-09-18_19h20.51.788,Motor Sequence Learning,,2025.1.1,60.18230423,2025-09-18 19h21.04.288610 +0530
50,c,38,2,9,c,1,0.4274798,None,9,2,38,2,,,,,86.7285725,,86.712668,86.7285725,87.7113498,87.7113498,87.7113498,87.7113498,87.7284215,88.2265785,88.2265785,88.6611567,c,1,0.4274798,None,,,,,2,1,2025-09-18_19h20.51.788,Motor Sequence Learning,,2025.1.1,60.18230423,2025-09-18 19h21.04.288610 +0530
-150,z,39,3,9,z,1,0.3975689,None,9,3,39,3,,,,,88.6772709,,88.6615466,88.6772709,89.6614953,89.6614953,89.6614953,89.6614953,89.6782361,90.1614194,90.1614194,90.5617262,z,1,0.3975689,None,,,,,2,1,2025-09-18_19h20.51.788,Motor Sequence Learning,,2025.1.1,60.18230423,2025-09-18 19h21.04.288610 +0530
-50,x,40,0,10,x,1,0.4798658,None,10,0,40,0,,,,,90.5767299,,90.5621597,90.5767299,91.5618895,91.5618895,91.5618895,91.5618895,91.5781381,92.060906,92.060906,92.546479,x,1,0.4798658,None,,,,,2,1,2025-09-18_19h20.51.788,Motor Sequence Learning,,2025.1.1,60.18230423,2025-09-18 19h21.04.288610 +0530
150,v,41,1,10,v,1,0.427417,None,10,1,41,1,,,,,92.5609397,,92.54721,92.5609397,93.561469,93.561469,93.561469,93.561469,93.561469,94.0616931,94.0616931,94.4938989,v,1,0.427417,None,,,,,2,1,2025-09-18_19h20.51.788,Motor Sequence Learning,,2025.1.1,60.18230423,2025-09-18 19h21.04.288610 +0530
50,c,42,2,10,c,1,0.5415383,None,10,2,42,2,,,,,94.5139832,,94.494295,94.5139832,95.4943216,95.4943216,95.4943216,95.4943216,95.5269037,95.9946869,95.9946869,96.5447596,c,1,0.5415383,None,,,,,2,1,2025-09-18_19h20.51.788,Motor Sequence Learning,,2025.1.1,60.18230423,2025-09-18 19h21.04.288610 +0530
-150,z,43,3,10,z,1,0.3280481,None,10,3,43,3,,,,,96.5599665,,96.5452707,96.5599665,97.544902,97.544902,97.544902,97.544902,97.561224,98.0450765,98.0450765,98.3783893,z,1,0.3280481,None,,,,,2,1,2025-09-18_19h20.51.788,Motor Sequence Learning,,2025.1.1,60.18230423,2025-09-18 19h21.04.288610 +0530
-50,x,44,0,11,x,1,0.3461913,None,11,0,44,0,,,,,98.3941799,,98.3790916,98.3941799,99.3775537,99.3775537,99.3775537,99.3775537,99.3942684,99.8945148,99.8945148,100.2447435,x,1,0.3461913,None,,,,,2,1,2025-09-18_19h20.51.788,Motor Sequence Learning,,2025.1.1,60.18230423,2025-09-18 19h21.04.288610 +0530
150,v,45,1,11,v,1,0.3489787,None,11,1,45,1,,,,,100.260345,,100.2451628,100.260345,101.2434625,101.2434625,101.2434625,101.2434625,101.2610826,101.7449796,101.7449796,102.0967751,v,1,0.3489787,None,,,,,2,1,2025-09-18_19h20.51.788,Motor Sequence Learning,,2025.1.1,60.18230423,2025-09-18 19h21.04.288610 +0530
50,c,46,2,11,c,1,0.2760394,None,11,2,46,2,,,,,102.1107102,,102.097424,102.1107102,103.1114417,103.1114417,103.1114417,103.1114417,103.1114417,103.6105766,103.6105766,103.8945181,c,1,0.2760394,None,,,,,2,1,2025-09-18_19h20.51.788,Motor Sequence Learning,,2025.1.1,60.18230423,2025-09-18 19h21.04.288610 +0530
-150,z,47,3,11,z,1,0.2448535,None,11,3,47,3,,,,,103.9100555,,103.8949683,103.9100555,104.9092256,104.9092256,104.9092256,104.9092256,104.9092256,105.4091798,105.4091798,105.6602798,z,1,0.2448535,None,,,,,2,1,2025-09-18_19h20.51.788,Motor Sequence Learning,,2025.1.1,60.18230423,2025-09-18 19h21.04.288610 +0530
-50,x,48,0,12,x,1,0.2506282,None,12,0,48,0,,,,,105.6768504,,105.6606733,105.6768504,106.6636732,106.6636732,106.6636732,106.6636732,106.6773328,107.1758092,107.1758092,107.4277057,x,1,0.2506282,None,,,,,2,1,2025-09-18_19h20.51.788,Motor Sequence Learning,,2025.1.1,60.18230423,2025-09-18 19h21.04.288610 +0530
150,v,49,1,12,v,1,0.3217975,None,12,1,49,1,,,,,107.4433218,,107.4281516,107.4433218,108.4265936,108.4265936,108.4265936,108.4265936,108.443601,108.9442391,108.9442391,109.2775255,v,1,0.3217975,None,,,,,2,1,2025-09-18_19h20.51.788,Motor Sequence Learning,,2025.1.1,60.18230423,2025-09-18 19h21.04.288610 +0530
50,c,50,2,12,c,1,0.4098775,None,12,2,50,2,,,,,109.2934871,,109.2778932,109.2934871,110.2766882,110.2766882,110.2766882,110.2766882,110.2932371,110.7787946,110.7787946,111.1939164,c,1,0.4098775,None,,,,,2,1,2025-09-18_19h20.51.788,Motor Sequence Learning,,2025.1.1,60.18230423,2025-09-18 19h21.04.288610 +0530
-150,z,51,3,12,z,1,0.1901623,None,12,3,51,3,,,,,111.2100716,,111.1943165,111.2100716,112.1949785,112.1949785,112.1949785,112.1949785,112.2122335,112.6947229,112.6947229,112.8950538,z,1,0.1901623,None,,,,,2,1,2025-09-18_19h20.51.788,Motor Sequence Learning,,2025.1.1,60.18230423,2025-09-18 19h21.04.288610 +0530
-50,x,52,0,13,x,1,0.2249439,None,13,0,52,0,,,,,112.9116871,,112.8956062,112.9116871,113.9092456,113.9092456,113.9092456,113.9092456,113.9092456,114.4100271,114.4100271,114.6439003,x,1,0.2249439,None,,,,,2,1,2025-09-18_19h20.51.788,Motor Sequence Learning,,2025.1.1,60.18230423,2025-09-18 19h21.04.288610 +0530
150,v,53,1,13,v,1,0.2491454,None,13,1,53,1,,,,,114.6600826,,114.64433,114.6600826,115.6592031,115.6592031,115.6592031,115.6592031,115.6758401,116.1442628,116.1442628,116.3944555,v,1,0.2491454,None,,,,,2,1,2025-09-18_19h20.51.788,Motor Sequence Learning,,2025.1.1,60.18230423,2025-09-18 19h21.04.288610 +0530
50,c,54,2,13,c,1,0.2935296,None,13,2,54,2,,,,,116.41013,,116.3949015,116.41013,117.3935925,117.3935925,117.3935925,117.3935925,117.4103651,117.909578,117.909578,118.2105936,c,1,0.2935296,None,,,,,2,1,2025-09-18_19h20.51.788,Motor Sequence Learning,,2025.1.1,60.18230423,2025-09-18 19h21.04.288610 +0530
-150,z,55,3,13,z,1,0.2236153,None,13,3,55,3,,,,,118.2267995,,118.2109926,118.2267995,119.2270894,119.2270894,119.2270894,119.2270894,119.2270894,119.7255805,119.7255805,119.960575,z,1,0.2236153,None,,,,,2,1,2025-09-18_19h20.51.788,Motor Sequence Learning,,2025.1.1,60.18230423,2025-09-18 19h21.04.288610 +0530
-50,x,56,0,14,x,1,0.1147608,None,14,0,56,0,,,,,119.979267,,119.9610018,119.979267,120.9607157,120.9607157,120.9607157,120.9607157,120.9935681,121.4612324,121.4612324,121.5780863,x,1,0.1147608,None,,,,,2,1,2025-09-18_19h20.51.788,Motor Sequence Learning,,2025.1.1,60.18230423,2025-09-18 19h21.04.288610 +0530
150,v,57,1,14,v,1,0.2098308,None,14,1,57,1,,,,,121.594439,,121.5787429,121.594439,122.593481,122.593481,122.593481,122.593481,122.6101196,123.0782699,123.0782699,123.2993776,v,1,0.2098308,None,,,,,2,1,2025-09-18_19h20.51.788,Motor Sequence Learning,,2025.1.1,60.18230423,2025-09-18 19h21.04.288610 +0530
50,c,58,2,14,c,1,0.2138209,None,14,2,58,2,,,,,123.3103526,,123.3003898,123.3103526,124.3109606,124.3109606,124.3109606,124.3109606,124.3109606,124.8099766,124.8099766,125.0291705,c,1,0.2138209,None,,,,,2,1,2025-09-18_19h20.51.788,Motor Sequence Learning,,2025.1.1,60.18230423,2025-09-18 19h21.04.288610 +0530
-150,z,59,3,14,z,1,0.2212979,None,14,3,59,3,,,,,125.0431605,,125.0296641,125.0431605,126.042034,126.042034,126.042034,126.042034,126.0587814,126.5436184,126.5436184,126.7777378,z,1,0.2212979,None,,,,,2,1,2025-09-18_19h20.51.788,Motor Sequence Learning,,2025.1.1,60.18230423,2025-09-18 19h21.04.288610 +0530
-50,x,60,0,15,x,1,0.1665875,None,15,0,60,0,,,,,126.792445,,126.7781196,126.792445,127.7933965,127.7933965,127.7933965,127.7933965,127.7933965,128.2774549,128.2774549,128.4605711,x,1,0.1665875,None,,,,,2,1,2025-09-18_19h20.51.788,Motor Sequence Learning,,2025.1.1,60.18230423,2025-09-18 19h21.04.288610 +0530
150,v,61,1,15,v,1,0.2090578,None,15,1,61,1,,,,,128.4767783,,128.4610043,128.4767783,129.4617911,129.4617911,129.4617911,129.4617911,129.4780207,129.9644668,129.9644668,130.179075,v,1,0.2090578,None,,,,,2,1,2025-09-18_19h20.51.788,Motor Sequence Learning,,2025.1.1,60.18230423,2025-09-18 19h21.04.288610 +0530
50,c,62,2,15,c,1,0.2019844,None,15,2,62,2,,,,,130.1937254,,130.1796393,130.1937254,131.1940383,131.1940383,131.1940383,131.1940383,131.1940383,131.6947466,131.6947466,131.9109258,c,1,0.2019844,None,,,,,2,1,2025-09-18_19h20.51.788,Motor Sequence Learning,,2025.1.1,60.18230423,2025-09-18 19h21.04.288610 +0530
-150,z,63,3,15,z,1,0.255087,None,15,3,63,3,,,,,131.927718,,131.9115155,131.927718,132.909997,132.909997,132.909997,132.909997,132.9433412,133.4104157,133.4104157,133.6778116,z,1,0.255087,None,,,,,2,1,2025-09-18_19h20.51.788,Motor Sequence Learning,,2025.1.1,60.18230423,2025-09-18 19h21.04.288610 +0530
-50,x,64,0,16,x,1,0.111916,None,16,0,64,0,,,,,133.6929964,,133.6783583,133.6929964,134.6765949,134.6765949,134.6765949,134.6765949,134.6931012,135.1928056,135.1928056,135.3106911,x,1,0.111916,None,,,,,2,1,2025-09-18_19h20.51.788,Motor Sequence Learning,,2025.1.1,60.18230423,2025-09-18 19h21.04.288610 +0530
150,v,65,1,16,v,1,0.183956,None,16,1,65,1,,,,,135.3267843,,135.3111152,135.3267843,136.311446,136.311446,136.311446,136.311446,136.3280644,136.8113564,136.8113564,137.0096806,v,1,0.183956,None,,,,,2,1,2025-09-18_19h20.51.788,Motor Sequence Learning,,2025.1.1,60.18230423,2025-09-18 19h21.04.288610 +0530
50,c,66,2,16,c,1,0.1986746,None,16,2,66,2,,,,,137.0280205,,137.0099902,137.0280205,138.0109158,138.0109158,138.0109158,138.0109158,138.0286087,138.5253831,138.5253831,138.7278106,c,1,0.1986746,None,,,,,2,1,2025-09-18_19h20.51.788,Motor Sequence Learning,,2025.1.1,60.18230423,2025-09-18 19h21.04.288610 +0530
-150,z,67,3,16,z,1,0.0970773,None,16,3,67,3,,,,,138.7423036,,138.7283864,138.7423036,139.7434485,139.7434485,139.7434485,139.7434485,139.7434485,140.2262441,140.2262441,140.3273258,z,1,0.0970773,None,,,,,2,1,2025-09-18_19h20.51.788,Motor Sequence Learning,,2025.1.1,60.18230423,2025-09-18 19h21.04.288610 +0530
-50,x,68,0,17,x,1,0.4289903,None,17,0,68,0,,,,,140.343301,,140.3277393,140.343301,141.3438146,141.3438146,141.3438146,141.3438146,141.3438146,141.82705,141.82705,142.2603085,x,1,0.4289903,None,,,,,2,1,2025-09-18_19h20.51.788,Motor Sequence Learning,,2025.1.1,60.18230423,2025-09-18 19h21.04.288610 +0530
150,v,69,1,17,v,1,0.3108107,None,17,1,69,1,,,,,142.2763211,,142.2607303,142.2763211,143.2594098,143.2594098,143.2594098,143.2594098,143.2766446,143.7607427,143.7607427,144.077765,v,1,0.3108107,None,,,,,2,1,2025-09-18_19h20.51.788,Motor Sequence Learning,,2025.1.1,60.18230423,2025-09-18 19h21.04.288610 +0530
50,c,70,2,17,c,1,0.2633294,None,17,2,70,2,,,,,144.0932429,,144.0784614,144.0932429,145.0768059,145.0768059,145.0768059,145.0768059,145.0930097,145.5936231,145.5936231,145.8607548,c,1,0.2633294,None,,,,,2,1,2025-09-18_19h20.51.788,Motor Sequence Learning,,2025.1.1,60.18230423,2025-09-18 19h21.04.288610 +0530
-150,z,71,3,17,z,1,0.2333901,None,17,3,71,3,,,,,145.8761223,,145.8611797,145.8761223,146.8613077,146.8613077,146.8613077,146.8613077,146.877778,147.377204,147.377204,147.6273059,z,1,0.2333901,None,,,,,2,1,2025-09-18_19h20.51.788,Motor Sequence Learning,,2025.1.1,60.18230423,2025-09-18 19h21.04.288610 +0530
-50,x,72,0,18,x,1,0.221394,None,18,0,72,0,,,,,147.6433581,,147.6277214,147.6433581,148.6267219,148.6267219,148.6267219,148.6267219,148.6425173,149.1275644,149.1275644,149.3590035,x,1,0.221394,None,,,,,2,1,2025-09-18_19h20.51.788,Motor Sequence Learning,,2025.1.1,60.18230423,2025-09-18 19h21.04.288610 +0530
150,v,73,1,18,v,1,0.1722294,None,18,1,73,1,,,,,149.3750839,,149.3592996,149.3750839,150.3593301,150.3593301,150.3593301,150.3593301,150.3762906,150.8606448,150.8606448,151.0431935,v,1,0.1722294,None,,,,,2,1,2025-09-18_19h20.51.788,Motor Sequence Learning,,2025.1.1,60.18230423,2025-09-18 19h21.04.288610 +0530
50,c,74,2,18,c,1,0.4767199,None,18,2,74,2,,,,,151.0588671,,151.0437879,151.0588671,152.0428931,152.0428931,152.0428931,152.0428931,152.0598274,152.5432943,152.5432943,153.0270707,c,1,0.4767199,None,,,,,2,1,2025-09-18_19h20.51.788,Motor Sequence Learning,,2025.1.1,60.18230423,2025-09-18 19h21.04.288610 +0530
-150,z,75,3,18,z,1,0.9870099,None,18,3,75,3,,,,,153.0429738,,153.0274482,153.0429738,154.0436248,154.0436248,154.0436248,154.0436248,154.0436248,154.5271725,154.5271725,155.5264425,z,1,0.9870099,None,,,,,2,1,2025-09-18_19h20.51.788,Motor Sequence Learning,,2025.1.1,60.18230423,2025-09-18 19h21.04.288610 +0530
-50,x,76,0,19,x,1,0.2912937,None,19,0,76,0,,,,,155.5432165,,155.526866,155.5432165,156.5258801,156.5258801,156.5258801,156.5258801,156.5425822,157.0267935,157.0267935,157.327031,x,1,0.2912937,None,,,,,2,1,2025-09-18_19h20.51.788,Motor Sequence Learning,,2025.1.1,60.18230423,2025-09-18 19h21.04.288610 +0530
150,v,77,1,19,v,1,0.2996619,None,19,1,77,1,,,,,157.3429377,,157.3274738,157.3429377,158.3265233,158.3265233,158.3265233,158.3265233,158.3429948,158.8280069,158.8280069,159.1439183,v,1,0.2996619,None,,,,,2,1,2025-09-18_19h20.51.788,Motor Sequence Learning,,2025.1.1,60.18230423,2025-09-18 19h21.04.288610 +0530
50,c,78,2,19,c,1,0.2506226,None,19,2,78,2,,,,,159.1600202,,159.1442674,159.1600202,160.1441477,160.1441477,160.1441477,160.1441477,160.1605636,160.643511,160.643511,160.8946687,c,1,0.2506226,None,,,,,2,1,2025-09-18_19h20.51.788,Motor Sequence Learning,,2025.1.1,60.18230423,2025-09-18 19h21.04.288610 +0530
-150,z,79,3,19,z,1,0.2106208,None,19,3,79,3,,,,,160.90915,,160.8951646,160.90915,161.9092075,161.9092075,161.9092075,161.9092075,161.9092075,162.4094801,162.4094801,162.6268045,z,1,0.2106208,None,,,,,2,1,2025-09-18_19h20.51.788,Motor Sequence Learning,,2025.1.1,60.18230423,2025-09-18 19h21.04.288610 +0530
-50,x,80,0,20,x,1,0.1944007,None,20,0,80,0,,,,,162.6423925,,162.6271857,162.6423925,163.6424441,163.6424441,163.6424441,163.6424441,163.6424441,164.1265644,164.1265644,164.3266493,x,1,0.1944007,None,,,,,2,1,2025-09-18_19h20.51.788,Motor Sequence Learning,,2025.1.1,60.18230423,2025-09-18 19h21.04.288610 +0530
150,v,81,1,20,v,1,0.18365,None,20,1,81,1,,,,,164.3421016,,164.3271489,164.3421016,165.3272782,165.3272782,165.3272782,165.3272782,165.3435425,165.8269169,165.8269169,166.0272641,v,1,0.18365,None,,,,,2,1,2025-09-18_19h20.51.788,Motor Sequence Learning,,2025.1.1,60.18230423,2025-09-18 19h21.04.288610 +0530
50,c,82,2,20,c,1,0.2392632,None,20,2,82,2,,,,,166.041993,,166.0277294,166.041993,167.0449121,167.0449121,167.0449121,167.0449121,167.0449121,167.5270197,167.5270197,167.7781501,c,1,0.2392632,None,,,,,2,1,2025-09-18_19h20.51.788,Motor Sequence Learning,,2025.1.1,60.18230423,2025-09-18 19h21.04.288610 +0530
-150,z,83,3,20,z,1,0.1728484,None,20,3,83,3,,,,,167.7929393,,167.7786094,167.7929393,168.7770569,168.7770569,168.7770569,168.7770569,168.7939069,169.2925427,169.2925427,169.4773935,z,1,0.1728484,None,,,,,2,1,2025-09-18_19h20.51.788,Motor Sequence Learning,,2025.1.1,60.18230423,2025-09-18 19h21.04.288610 +0530
-50,x,84,0,21,x,1,0.1484032,None,21,0,84,0,,,,,169.491843,,169.4779402,169.491843,170.4768897,170.4768897,170.4768897,170.4768897,170.492465,170.9931127,170.9931127,171.1428061,x,1,0.1484032,None,,,,,2,1,2025-09-18_19h20.51.788,Motor Sequence Learning,,2025.1.1,60.18230423,2025-09-18 19h21.04.288610 +0530
150,v,85,1,21,v,1,0.2968482,None,21,1,85,1,,,,,171.1588539,,171.1431722,171.1588539,172.1429195,172.1429195,172.1429195,172.1429195,172.160016,172.6425156,172.6425156,172.9439057,v,1,0.2968482,None,,,,,2,1,2025-09-18_19h20.51.788,Motor Sequence Learning,,2025.1.1,60.18230423,2025-09-18 19h21.04.288610 +0530
50,c,86,2,21,c,1,0.1276149,None,21,2,86,2,,,,,172.9584062,,172.9442891,172.9584062,173.9440593,173.9440593,173.9440593,173.9440593,173.9607805,174.4430784,174.4430784,174.5770857,c,1,0.1276149,None,,,,,2,1,2025-09-18_19h20.51.788,Motor Sequence Learning,,2025.1.1,60.18230423,2025-09-18 19h21.04.288610 +0530
-150,z,87,3,21,z,1,0.1813452,None,21,3,87,3,,,,,174.5931423,,174.5775719,174.5931423,175.5939153,175.5939153,175.5939153,175.5939153,175.5939153,176.0770127,176.0770127,176.2603395,z,1,0.1813452,None,,,,,2,1,2025-09-18_19h20.51.788,Motor Sequence Learning,,2025.1.1,60.18230423,2025-09-18 19h21.04.288610 +0530
-50,x,88,0,22,x,1,0.1809458,None,22,0,88,0,,,,,176.27704,,176.260863,176.27704,177.26016,177.26016,177.26016,177.26016,177.2769555,177.7599703,177.7599703,177.9448703,x,1,0.1809458,None,,,,,2,1,2025-09-18_19h20.51.788,Motor Sequence Learning,,2025.1.1,60.18230423,2025-09-18 19h21.04.288610 +0530
150,v,89,1,22,v,1,0.2607736,None,22,1,89,1,,,,,177.9595151,,177.9455084,177.9595151,178.9599714,178.9599714,178.9599714,178.9599714,178.9599714,179.4597283,179.4597283,179.7264841,v,1,0.2607736,None,,,,,2,1,2025-09-18_19h20.51.788,Motor Sequence Learning,,2025.1.1,60.18230423,2025-09-18 19h21.04.288610 +0530
50,c,90,2,22,c,1,0.2131798,None,22,2,90,2,,,,,179.7424623,,179.7268767,179.7424623,180.7267844,180.7267844,180.7267844,180.7267844,180.7430745,181.2427289,181.2427289,181.4596433,c,1,0.2131798,None,,,,,2,1,2025-09-18_19h20.51.788,Motor Sequence Learning,,2025.1.1,60.18230423,2025-09-18 19h21.04.288610 +0530
-150,z,91,3,22,z,1,0.2527033,None,22,3,91,3,,,,,181.4753589,,181.460033,181.4753589,182.4597894,182.4597894,182.4597894,182.4597894,182.4770533,182.9599027,182.9599027,183.2262332,z,1,0.2527033,None,,,,,2,1,2025-09-18_19h20.51.788,Motor Sequence Learning,,2025.1.1,60.18230423,2025-09-18 19h21.04.288610 +0530
-50,x,92,0,23,x,1,0.1591384,None,23,0,92,0,,,,,183.2422688,,183.2267497,183.2422688,184.2259928,184.2259928,184.2259928,184.2259928,184.2425359,184.7260066,184.7260066,184.8921286,x,1,0.1591384,None,,,,,2,1,2025-09-18_19h20.51.788,Motor Sequence Learning,,2025.1.1,60.18230423,2025-09-18 19h21.04.288610 +0530
150,v,93,1,23,v,1,0.0560497,None,23,1,93,1,,,,,184.9088115,,184.8925087,184.9088115,185.8923256,185.8923256,185.8923256,185.8923256,185.9094873,186.3928951,186.3928951,186.4609779,v,1,0.0560497,None,,,,,2,1,2025-09-18_19h20.51.788,Motor Sequence Learning,,2025.1.1,60.18230423,2025-09-18 19h21.04.288610 +0530
50,c,94,2,23,c,1,0.1466032,None,23,2,94,2,,,,,186.4759149,,186.4615795,186.4759149,187.4753773,187.4753773,187.4753773,187.4753773,187.4753773,187.9760038,187.9760038,188.1267597,c,1,0.1466032,None,,,,,2,1,2025-09-18_19h20.51.788,Motor Sequence Learning,,2025.1.1,60.18230423,2025-09-18 19h21.04.288610 +0530
-150,z,95,3,23,z,1,0.1108473,None,23,3,95,3,,,,,188.1420836,,188.1272062,188.1420836,189.1436077,189.1436077,189.1436077,189.1436077,189.1436077,189.6415399,189.6415399,189.7604366,z,1,0.1108473,None,,,,,2,1,2025-09-18_19h20.51.788,Motor Sequence Learning,,2025.1.1,60.18230423,2025-09-18 19h21.04.288610 +0530
-50,x,96,0,24,x,1,0.2116207,None,24,0,96,0,,,,,189.7764649,,189.7610449,189.7764649,190.7601655,190.7601655,190.7601655,190.7601655,190.7764912,191.2594671,191.2594671,191.4750228,x,1,0.2116207,None,,,,,2,1,2025-09-18_19h20.51.788,Motor Sequence Learning,,2025.1.1,60.18230423,2025-09-18 19h21.04.288610 +0530
150,v,97,1,24,v,1,0.1520687,None,24,1,97,1,,,,,191.4909976,,191.4753339,191.4909976,192.4767935,192.4767935,192.4767935,192.4767935,192.4928129,192.9760233,192.9760233,193.1436727,v,1,0.1520687,None,,,,,2,1,2025-09-18_19h20.51.788,Motor Sequence Learning,,2025.1.1,60.18230423,2025-09-18 19h21.04.288610 +0530
50,c,98,2,24,c,1,0.1688102,None,24,2,98,2,,,,,193.1591583,,193.1441173,193.1591583,194.1419425,194.1419425,194.1419425,194.1419425,194.1604107,194.6590166,194.6590166,194.8432595,c,1,0.1688102,None,,,,,2,1,2025-09-18_19h20.51.788,Motor Sequence Learning,,2025.1.1,60.18230423,2025-09-18 19h21.04.288610 +0530
-150,z,99,3,24,z,1,0.1795694,None,24,3,99,3,,,,,194.8592479,,194.8437212,194.8592479,195.8434536,195.8434536,195.8434536,195.8434536,195.8596722,196.3587574,196.3587574,196.54213,z,1,0.1795694,None,,,,,2,1,2025-09-18_19h20.51.788,Motor Sequence Learning,,2025.1.1,60.18230423,2025-09-18 19h21.04.288610 +0530
-50,x,100,0,25,x,1,0.2088792,None,25,0,100,0,,,,,196.5588047,,196.5424091,196.5588047,197.5432216,197.5432216,197.5432216,197.5432216,197.560558,198.0424439,198.0424439,198.2601964,x,1,0.2088792,None,,,,,2,1,2025-09-18_19h20.51.788,Motor Sequence Learning,,2025.1.1,60.18230423,2025-09-18 19h21.04.288610 +0530
150,v,101,1,25,v,1,0.2188091,None,25,1,101,1,,,,,198.274733,,198.2606816,198.274733,199.2602936,199.2602936,199.2602936,199.2602936,199.2766494,199.7603187,199.7603187,199.9939704,v,1,0.2188091,None,,,,,2,1,2025-09-18_19h20.51.788,Motor Sequence Learning,,2025.1.1,60.18230423,2025-09-18 19h21.04.288610 +0530
50,c,102,2,25,c,1,0.1639279,None,25,2,102,2,,,,,200.0101028,,199.9945341,200.0101028,201.0094673,201.0094673,201.0094673,201.0094673,201.0094673,201.4931949,201.4931949,201.6602607,c,1,0.1639279,None,,,,,2,1,2025-09-18_19h20.51.788,Motor Sequence Learning,,2025.1.1,60.18230423,2025-09-18 19h21.04.288610 +0530
-150,z,103,3,25,z,1,0.2071558,None,25,3,103,3,,,,,201.6766356,,201.6611024,201.6766356,202.6754705,202.6754705,202.6754705,202.6754705,202.6921174,203.1756222,203.1756222,203.3920563,z,1,0.2071558,None,,,,,2,1,2025-09-18_19h20.51.788,Motor Sequence Learning,,2025.1.1,60.18230423,2025-09-18 19h21.04.288610 +0530
-50,x,104,0,26,x,1,0.2434726,None,26,0,104,0,,,,,203.4084153,,203.3924736,203.4084153,204.3919269,204.3919269,204.3919269,204.3919269,204.4086173,204.8921422,204.8921422,205.1430952,x,1,0.2434726,None,,,,,2,1,2025-09-18_19h20.51.788,Motor Sequence Learning,,2025.1.1,60.18230423,2025-09-18 19h21.04.288610 +0530
150,v,105,1,26,v,1,0.2688879,None,26,1,105,1,,,,,205.1582739,,205.1435278,205.1582739,206.1422747,206.1422747,206.1422747,206.1422747,206.1593711,206.6421089,206.6421089,206.9244136,v,1,0.2688879,None,,,,,2,1,2025-09-18_19h20.51.788,Motor Sequence Learning,,2025.1.1,60.18230423,2025-09-18 19h21.04.288610 +0530
50,c,106,2,26,c,1,0.3487898,None,26,2,106,2,,,,,206.940591,,206.924623,206.940591,207.9255905,207.9255905,207.9255905,207.9255905,207.9425551,208.4253272,208.4253272,208.7768074,c,1,0.3487898,None,,,,,2,1,2025-09-18_19h20.51.788,Motor Sequence Learning,,2025.1.1,60.18230423,2025-09-18 19h21.04.288610 +0530
-150,z,107,3,26,z,1,0.2224326,None,26,3,107,3,,,,,208.7913494,,208.7773479,208.7913494,209.7756424,209.7756424,209.7756424,209.7756424,209.791963,210.291826,210.291826,210.5248096,z,1,0.2224326,None,,,,,2,1,2025-09-18_19h20.51.788,Motor Sequence Learning,,2025.1.1,60.18230423,2025-09-18 19h21.04.288610 +0530
-50,x,108,0,27,x,1,0.0964688,None,27,0,108,0,,,,,210.5415848,,210.5251537,210.5415848,211.5263472,211.5263472,211.5263472,211.5263472,211.5413308,212.0255313,212.0255313,212.1271233,x,1,0.0964688,None,,,,,2,1,2025-09-18_19h20.51.788,Motor Sequence Learning,,2025.1.1,60.18230423,2025-09-18 19h21.04.288610 +0530
150,v,109,1,27,v,1,0.2355222,None,27,1,109,1,,,,,212.1428411,,212.1276204,212.1428411,213.1260448,213.1260448,213.1260448,213.1260448,213.1429566,213.6410964,213.6410964,213.8926183,v,1,0.2355222,None,,,,,2,1,2025-09-18_19h20.51.788,Motor Sequence Learning,,2025.1.1,60.18230423,2025-09-18 19h21.04.288610 +0530
50,c,110,2,27,c,1,0.2232942,None,27,2,110,2,,,,,213.9101021,,213.8930669,213.9101021,214.8931621,214.8931621,214.8931621,214.8931621,214.9099125,215.39246,215.39246,215.6262982,c,1,0.2232942,None,,,,,2,1,2025-09-18_19h20.51.788,Motor Sequence Learning,,2025.1.1,60.18230423,2025-09-18 19h21.04.288610 +0530
-150,z,111,3,27,z,1,0.2601343,None,27,3,111,3,,,,,215.6410956,,215.6267661,215.6410956,216.625759,216.625759,216.625759,216.625759,216.6426822,217.1407133,217.1407133,217.4091258,z,1,0.2601343,None,,,,,2,1,2025-09-18_19h20.51.788,Motor Sequence Learning,,2025.1.1,60.18230423,2025-09-18 19h21.04.288610 +0530
-50,x,112,0,28,x,1,0.2302374,None,28,0,112,0,,,,,217.4252686,,217.4095712,217.4252686,218.4107354,218.4107354,218.4107354,218.4107354,218.4273093,218.9258107,218.9258107,219.1597893,x,1,0.2302374,None,,,,,2,1,2025-09-18_19h20.51.788,Motor Sequence Learning,,2025.1.1,60.18230423,2025-09-18 19h21.04.288610 +0530
150,v,113,1,28,v,1,0.1988715,None,28,1,113,1,,,,,219.1753987,,219.160218,219.1753987,220.175119,220.175119,220.175119,220.175119,220.175119,220.6757437,220.6757437,220.8763493,v,1,0.1988715,None,,,,,2,1,2025-09-18_19h20.51.788,Motor Sequence Learning,,2025.1.1,60.18230423,2025-09-18 19h21.04.288610 +0530
50,c,114,2,28,c,1,0.2525298,None,28,2,114,2,,,,,220.8917124,,220.8767715,220.8917124,221.8762483,221.8762483,221.8762483,221.8762483,221.8926301,222.3760328,222.3760328,222.6436552,c,1,0.2525298,None,,,,,2,1,2025-09-18_19h20.51.788,Motor Sequence Learning,,2025.1.1,60.18230423,2025-09-18 19h21.04.288610 +0530
-150,z,115,3,28,z,1,0.176147,None,28,3,115,3,,,,,222.6590847,,222.644159,222.6590847,223.642934,223.642934,223.642934,223.642934,223.6601199,224.1591836,224.1591836,224.3421954,z,1,0.176147,None,,,,,2,1,2025-09-18_19h20.51.788,Motor Sequence Learning,,2025.1.1,60.18230423,2025-09-18 19h21.04.288610 +0530
-50,x,116,0,29,x,1,0.1482378,None,29,0,116,0,,,,,224.3590955,,224.3425707,224.3590955,225.3416185,225.3416185,225.3416185,225.3416185,225.3583486,225.8583779,225.8583779,226.0091973,x,1,0.1482378,None,,,,,2,1,2025-09-18_19h20.51.788,Motor Sequence Learning,,2025.1.1,60.18230423,2025-09-18 19h21.04.288610 +0530
150,v,117,1,29,v,1,0.1859531,None,29,1,117,1,,,,,226.0257772,,226.0096296,226.0257772,227.0091326,227.0091326,227.0091326,227.0091326,227.0257948,227.5089712,227.5089712,227.7077349,v,1,0.1859531,None,,,,,2,1,2025-09-18_19h20.51.788,Motor Sequence Learning,,2025.1.1,60.18230423,2025-09-18 19h21.04.288610 +0530
50,c,118,2,29,c,1,0.2821147,None,29,2,118,2,,,,,227.7242563,,227.7080181,227.7242563,228.7097046,228.7097046,228.7097046,228.7097046,228.7262481,229.2091069,229.2091069,229.494475,c,1,0.2821147,None,,,,,2,1,2025-09-18_19h20.51.788,Motor Sequence Learning,,2025.1.1,60.18230423,2025-09-18 19h21.04.288610 +0530
-150,z,119,3,29,z,1,0.097346,None,29,3,119,3,,,,,229.5097861,,229.4950218,229.5097861,230.5085196,230.5085196,230.5085196,230.5085196,230.5085196,231.008807,231.008807,231.1092427,z,1,0.097346,None,,,,,2,1,2025-09-18_19h20.51.788,Motor Sequence Learning,,2025.1.1,60.18230423,2025-09-18 19h21.04.288610 +0530
-50,x,120,0,30,x,1,0.2087179,None,30,0,120,0,,,,,231.1252511,,231.1096249,231.1252511,232.108778,232.108778,232.108778,232.108778,232.1250169,232.6095648,232.6095648,232.8266527,x,1,0.2087179,None,,,,,2,1,2025-09-18_19h20.51.788,Motor Sequence Learning,,2025.1.1,60.18230423,2025-09-18 19h21.04.288610 +0530
150,v,121,1,30,v,1,0.1842512,None,30,1,121,1,,,,,232.8422047,,232.8271798,232.8422047,233.8427872,233.8427872,233.8427872,233.8427872,233.8427872,234.3406108,234.3406108,234.5267421,v,1,0.1842512,None,,,,,2,1,2025-09-18_19h20.51.788,Motor Sequence Learning,,2025.1.1,60.18230423,2025-09-18 19h21.04.288610 +0530
50,c,122,2,30,c,1,0.2360405,None,30,2,122,2,,,,,234.541792,,234.527209,234.541792,235.5415302,235.5415302,235.5415302,235.5415302,235.5415302,236.0417173,236.0417173,236.2929046,c,1,0.2360405,None,,,,,2,1,2025-09-18_19h20.51.788,Motor Sequence Learning,,2025.1.1,60.18230423,2025-09-18 19h21.04.288610 +0530
-150,z,123,3,30,z,1,0.2426471,None,30,3,123,3,,,,,236.3080418,,236.2933721,236.3080418,237.3086552,237.3086552,237.3086552,237.3086552,237.3086552,237.8081582,237.8081582,238.0586855,z,1,0.2426471,None,,,,,2,1,2025-09-18_19h20.51.788,Motor Sequence Learning,,2025.1.1,60.18230423,2025-09-18 19h21.04.288610 +0530
-50,x,124,0,31,x,1,0.2379087,None,31,0,124,0,,,,,238.0751222,,238.0590888,238.0751222,239.0582164,239.0582164,239.0582164,239.0582164,239.075624,239.5591277,239.5591277,239.8105208,x,1,0.2379087,None,,,,,2,1,2025-09-18_19h20.51.788,Motor Sequence Learning,,2025.1.1,60.18230423,2025-09-18 19h21.04.288610 +0530
150,v,125,1,31,v,1,0.2064109,None,31,1,125,1,,,,,239.8262029,,239.8110803,239.8262029,240.8247257,240.8247257,240.8247257,240.8247257,240.8413869,241.3257231,241.3257231,241.5430982,v,1,0.2064109,None,,,,,2,1,2025-09-18_19h20.51.788,Motor Sequence Learning,,2025.1.1,60.18230423,2025-09-18 19h21.04.288610 +0530
50,c,126,2,31,c,1,0.086303,None,31,2,126,2,,,,,241.5582718,,241.5434869,241.5582718,242.5582277,242.5582277,242.5582277,242.5582277,242.5582277,243.0416617,243.0416617,243.1424183,c,1,0.086303,None,,,,,2,1,2025-09-18_19h20.51.788,Motor Sequence Learning,,2025.1.1,60.18230423,2025-09-18 19h21.04.288610 +0530
-150,z,127,3,31,z,1,0.1958211,None,31,3,127,3,,,,,243.1582638,,243.1427638,243.1582638,244.1425563,244.1425563,244.1425563,244.1425563,244.158794,244.641496,244.641496,244.8421094,z,1,0.1958211,None,,,,,2,1,2025-09-18_19h20.51.788,Motor Sequence Learning,,2025.1.1,60.18230423,2025-09-18 19h21.04.288610 +0530
-50,x,128,0,32,x,1,0.0475477,None,32,0,128,0,,,,,244.8592169,,244.8424872,244.8592169,245.8587972,245.8587972,245.8587972,245.8587972,245.8752568,246.3574094,246.3574094,246.4091736,x,1,0.0475477,None,,,,,2,1,2025-09-18_19h20.51.788,Motor Sequence Learning,,2025.1.1,60.18230423,2025-09-18 19h21.04.288610 +0530
150,v,129,1,32,v,1,0.203886,None,32,1,129,1,,,,,246.4259894,,246.4095998,246.4259894,247.4082463,247.4082463,247.4082463,247.4082463,247.4420492,247.90948,247.90948,248.1263366,v,1,0.203886,None,,,,,2,1,2025-09-18_19h20.51.788,Motor Sequence Learning,,2025.1.1,60.18230423,2025-09-18 19h21.04.288610 +0530
50,c,130,2,32,c,1,0.0602738,None,32,2,130,2,,,,,248.1427754,,248.126777,248.1427754,249.1261112,249.1261112,249.1261112,249.1261112,249.1423603,249.6415868,249.6415868,249.7088844,c,1,0.0602738,None,,,,,2,1,2025-09-18_19h20.51.788,Motor Sequence Learning,,2025.1.1,60.18230423,2025-09-18 19h21.04.288610 +0530
-150,z,131,3,32,z,1,0.1498276,None,32,3,131,3,,,,,249.7242791,,249.7092677,249.7242791,250.7081246,250.7081246,250.7081246,250.7081246,250.7252723,251.2091114,251.2091114,251.3738865,z,1,0.1498276,None,,,,,2,1,2025-09-18_19h20.51.788,Motor Sequence Learning,,2025.1.1,60.18230423,2025-09-18 19h21.04.288610 +0530
-50,x,132,0,33,x,1,0.2527778,None,33,0,132,0,,,,,251.3903358,,251.3741605,251.3903358,252.3747653,252.3747653,252.3747653,252.3747653,252.3919371,252.8751308,252.8751308,253.1432668,x,1,0.2527778,None,,,,,2,1,2025-09-18_19h20.51.788,Motor Sequence Learning,,2025.1.1,60.18230423,2025-09-18 19h21.04.288610 +0530
150,v,133,1,33,v,1,0.3399677,None,33,1,133,1,,,,,253.1570254,,253.1438434,253.1570254,254.1409868,254.1409868,254.1409868,254.1409868,254.1594485,254.6421596,254.6421596,254.9925643,v,1,0.3399677,None,,,,,2,1,2025-09-18_19h20.51.788,Motor Sequence Learning,,2025.1.1,60.18230423,2025-09-18 19h21.04.288610 +0530
50,c,134,2,33,c,1,0.2463882,None,33,2,134,2,,,,,255.008383,,254.9932035,255.008383,256.007677,256.007677,256.007677,256.007677,256.007677,256.508031,256.508031,256.758476,c,1,0.2463882,None,,,,,2,1,2025-09-18_19h20.51.788,Motor Sequence Learning,,2025.1.1,60.18230423,2025-09-18 19h21.04.288610 +0530
-150,z,135,3,33,z,1,0.2664838,None,33,3,135,3,,,,,256.7743637,,256.7589252,256.7743637,257.759341,257.759341,257.759341,257.759341,257.7746422,258.258442,258.258442,258.5271501,z,1,0.2664838,None,,,,,2,1,2025-09-18_19h20.51.788,Motor Sequence Learning,,2025.1.1,60.18230423,2025-09-18 19h21.04.288610 +0530
-50,x,136,0,34,x,1,0.2968832,None,34,0,136,0,,,,,258.5416315,,258.5277131,258.5416315,259.5406734,259.5406734,259.5406734,259.5406734,259.5579122,260.0414634,260.0414634,260.3439793,x,1,0.2968832,None,,,,,2,1,2025-09-18_19h20.51.788,Motor Sequence Learning,,2025.1.1,60.18230423,2025-09-18 19h21.04.288610 +0530
150,v,137,1,34,v,1,0.2605939,None,34,1,137,1,,,,,260.358875,,260.3444842,260.358875,261.3586744,261.3586744,261.3586744,261.3586744,261.3586744,261.8579353,261.8579353,262.1252202,v,1,0.2605939,None,,,,,2,1,2025-09-18_19h20.51.788,Motor Sequence Learning,,2025.1.1,60.18230423,2025-09-18 19h21.04.288610 +0530
50,c,138,2,34,c,1,0.239132,None,34,2,138,2,,,,,262.1407173,,262.1256192,262.1407173,263.1247801,263.1247801,263.1247801,263.1247801,263.1413781,263.6250328,263.6250328,263.8745524,c,1,0.239132,None,,,,,2,1,2025-09-18_19h20.51.788,Motor Sequence Learning,,2025.1.1,60.18230423,2025-09-18 19h21.04.288610 +0530
-150,z,139,3,34,z,1,0.1747697,None,34,3,139,3,,,,,263.8902677,,263.8749663,263.8902677,264.8746938,264.8746938,264.8746938,264.8746938,264.8914036,265.3756423,265.3756423,265.5586203,z,1,0.1747697,None,,,,,2,1,2025-09-18_19h20.51.788,Motor Sequence Learning,,2025.1.1,60.18230423,2025-09-18 19h21.04.288610 +0530
-50,x,140,0,35,x,1,0.1275557,None,35,0,140,0,,,,,265.57576,,265.5592636,265.57576,266.5740563,266.5740563,266.5740563,266.5740563,266.5919933,267.0577352,267.0577352,267.1926079,x,1,0.1275557,None,,,,,2,1,2025-09-18_19h20.51.788,Motor Sequence Learning,,2025.1.1,60.18230423,2025-09-18 19h21.04.288610 +0530
150,v,141,1,35,v,1,0.1445839,None,35,1,141,1,,,,,267.2087298,,267.1931319,267.2087298,268.2080216,268.2080216,268.2080216,268.2080216,268.2080216,268.7079483,268.7079483,268.8576151,v,1,0.1445839,None,,,,,2,1,2025-09-18_19h20.51.788,Motor Sequence Learning,,2025.1.1,60.18230423,2025-09-18 19h21.04.288610 +0530
50,c,142,2,35,c,1,0.2494049,None,35,2,142,2,,,,,268.8748555,,268.8579186,268.8748555,269.8596251,269.8596251,269.8596251,269.8596251,269.8762199,270.3570314,270.3570314,270.6088016,c,1,0.2494049,None,,,,,2,1,2025-09-18_19h20.51.788,Motor Sequence Learning,,2025.1.1,60.18230423,2025-09-18 19h21.04.288610 +0530
-150,z,143,3,35,z,1,0.217781,None,35,3,143,3,,,,,270.6237523,,270.609319,270.6237523,271.6093129,271.6093129,271.6093129,271.6093129,271.6262622,272.1091132,272.1091132,272.3413087,z,1,0.217781,None,,,,,2,1,2025-09-18_19h20.51.788,Motor Sequence Learning,,2025.1.1,60.18230423,2025-09-18 19h21.04.288610 +0530
-50,x,144,0,36,x,1,0.1734039,None,36,0,144,0,,,,,272.3581519,,272.3417845,272.3581519,273.3422042,273.3422042,273.3422042,273.3422042,273.3589492,273.8415122,273.8415122,274.0249982,x,1,0.1734039,None,,,,,2,1,2025-09-18_19h20.51.788,Motor Sequence Learning,,2025.1.1,60.18230423,2025-09-18 19h21.04.288610 +0530
150,v,145,1,36,v,1,0.2653387,None,36,1,145,1,,,,,274.0408248,,274.0253795,274.0408248,275.0248262,275.0248262,275.0248262,275.0248262,275.0411356,275.5398313,275.5398313,275.8089792,v,1,0.2653387,None,,,,,2,1,2025-09-18_19h20.51.788,Motor Sequence Learning,,2025.1.1,60.18230423,2025-09-18 19h21.04.288610 +0530
50,c,146,2,36,c,1,0.2426608,None,36,2,146,2,,,,,275.8237803,,275.8093924,275.8237803,276.8077467,276.8077467,276.8077467,276.8077467,276.8237757,277.3242767,277.3242767,277.5766198,c,1,0.2426608,None,,,,,2,1,2025-09-18_19h20.51.788,Motor Sequence Learning,,2025.1.1,60.18230423,2025-09-18 19h21.04.288610 +0530
-150,z,147,3,36,z,1,0.2066405,None,36,3,147,3,,,,,277.5907356,,277.5771412,277.5907356,278.590204,278.590204,278.590204,278.590204,278.590204,279.0908454,279.0908454,279.3086106,z,1,0.2066405,None,,,,,2,1,2025-09-18_19h20.51.788,Motor Sequence Learning,,2025.1.1,60.18230423,2025-09-18 19h21.04.288610 +0530
-50,x,148,0,37,x,1,0.0347106,None,37,0,148,0,,,,,279.3238066,,279.3090907,279.3238066,280.307707,280.307707,280.307707,280.307707,280.3249713,280.8229958,280.8229958,280.8732448,x,1,0.0347106,None,,,,,2,1,2025-09-18_19h20.51.788,Motor Sequence Learning,,2025.1.1,60.18230423,2025-09-18 19h21.04.288610 +0530
150,v,149,1,37,v,1,0.3144111,None,37,1,149,1,,,,,280.8897213,,280.8735147,280.8897213,281.8747818,281.8747818,281.8747818,281.8747818,281.89075,282.3743382,282.3743382,282.6899017,v,1,0.3144111,None,,,,,2,1,2025-09-18_19h20.51.788,Motor Sequence Learning,,2025.1.1,60.18230423,2025-09-18 19h21.04.288610 +0530
50,c,150,2,37,c,1,0.2396587,None,37,2,150,2,,,,,282.7063197,,282.6901079,282.7063197,283.6914052,283.6914052,283.6914052,283.6914052,283.7077238,284.1896203,284.1896203,284.4421745,c,1,0.2396587,None,,,,,2,1,2025-09-18_19h20.51.788,Motor Sequence Learning,,2025.1.1,60.18230423,2025-09-18 19h21.04.288610 +0530
-150,z,151,3,37,z,1,0.2462204,None,37,3,151,3,,,,,284.4577645,,284.4425693,284.4577645,285.441439,285.441439,285.441439,285.441439,285.4579268,285.9407014,285.9407014,286.1911726,z,1,0.2462204,None,,,,,2,1,2025-09-18_19h20.51.788,Motor Sequence Learning,,2025.1.1,60.18230423,2025-09-18 19h21.04.288610 +0530
-50,x,152,0,38,x,1,0.0660137,None,38,0,152,0,,,,,286.2076337,,286.1917488,286.2076337,287.1919015,287.1919015,287.1919015,287.1919015,287.2087145,287.6909035,287.6909035,287.7584588,x,1,0.0660137,None,,,,,2,1,2025-09-18_19h20.51.788,Motor Sequence Learning,,2025.1.1,60.18230423,2025-09-18 19h21.04.288610 +0530
150,v,153,1,38,v,1,0.1533573,None,38,1,153,1,,,,,287.7739276,,287.7588408,287.7739276,288.7585123,288.7585123,288.7585123,288.7585123,288.7751402,289.2749786,289.2749786,289.4410376,v,1,0.1533573,None,,,,,2,1,2025-09-18_19h20.51.788,Motor Sequence Learning,,2025.1.1,60.18230423,2025-09-18 19h21.04.288610 +0530
50,c,154,2,38,c,1,0.1617497,None,38,2,154,2,,,,,289.4572512,,289.4413753,289.4572512,290.456581,290.456581,290.456581,290.456581,290.4739331,290.9414479,290.9414479,291.1078703,c,1,0.1617497,None,,,,,2,1,2025-09-18_19h20.51.788,Motor Sequence Learning,,2025.1.1,60.18230423,2025-09-18 19h21.04.288610 +0530
-150,z,155,3,38,z,1,0.2110016,None,38,3,155,3,,,,,291.1236278,,291.1085431,291.1236278,292.1079974,292.1079974,292.1079974,292.1079974,292.1248817,292.6073517,292.6073517,292.8242003,z,1,0.2110016,None,,,,,2,1,2025-09-18_19h20.51.788,Motor Sequence Learning,,2025.1.1,60.18230423,2025-09-18 19h21.04.288610 +0530
-50,x,156,0,39,x,1,0.0526192,None,39,0,156,0,,,,,292.8407927,,292.824605,292.8407927,293.8245254,293.8245254,293.8245254,293.8245254,293.8410551,294.3249331,294.3249331,294.3928759,x,1,0.0526192,None,,,,,2,1,2025-09-18_19h20.51.788,Motor Sequence Learning,,2025.1.1,60.18230423,2025-09-18 19h21.04.288610 +0530
150,v,157,1,39,v,1,0.1033026,None,39,1,157,1,,,,,294.4091006,,294.3933316,294.4091006,295.4080233,295.4080233,295.4080233,295.4080233,295.4080233,295.910807,295.910807,296.023109,v,1,0.1033026,None,,,,,2,1,2025-09-18_19h20.51.788,Motor Sequence Learning,,2025.1.1,60.18230423,2025-09-18 19h21.04.288610 +0530
50,c,158,2,39,c,1,0.1042983,None,39,2,158,2,,,,,296.040001,,296.0233766,296.040001,297.0260894,297.0260894,297.0260894,297.0260894,297.0408946,297.5226512,297.5226512,297.6398631,c,1,0.1042983,None,,,,,2,1,2025-09-18_19h20.51.788,Motor Sequence Learning,,2025.1.1,60.18230423,2025-09-18 19h21.04.288610 +0530
-150,z,159,3,39,z,1,0.0493478,None,39,3,159,3,,,,,297.656047,,297.6401746,297.656047,298.641238,298.641238,298.641238,298.641238,298.6568486,299.1403511,299.1403511,299.1910236,z,1,0.0493478,None,,,,,2,1,2025-09-18_19h20.51.788,Motor Sequence Learning,,2025.1.1,60.18230423,2025-09-18 19h21.04.288610 +0530
-50,x,160,0,40,x,1,0.1637416,None,40,0,160,0,,,,,299.2075006,,299.1914468,299.2075006,300.1904063,300.1904063,300.1904063,300.1904063,300.2073353,300.690225,300.690225,300.8584332,x,1,0.1637416,None,,,,,2,1,2025-09-18_19h20.51.788,Motor Sequence Learning,,2025.1.1,60.18230423,2025-09-18 19h21.04.288610 +0530
150,v,161,1,40,v,1,0.1828662,None,40,1,161,1,,,,,300.8735366,,300.858823,300.8735366,301.8727135,301.8727135,301.8727135,301.8727135,301.8727135,302.3748941,302.3748941,302.5624105,v,1,0.1828662,None,,,,,2,1,2025-09-18_19h20.51.788,Motor Sequence Learning,,2025.1.1,60.18230423,2025-09-18 19h21.04.288610 +0530
50,c,162,2,40,c,1,0.0692785,None,40,2,162,2,,,,,302.5747395,,302.5631928,302.5747395,303.5735774,303.5735774,303.5735774,303.5735774,303.5735774,304.0743351,304.0743351,304.1576811,c,1,0.0692785,None,,,,,2,1,2025-09-18_19h20.51.788,Motor Sequence Learning,,2025.1.1,60.18230423,2025-09-18 19h21.04.288610 +0530
-150,z,163,3,40,z,1,0.0639158,None,40,3,163,3,,,,,304.1739001,,304.1580824,304.1739001,305.1581765,305.1581765,305.1581765,305.1581765,305.174963,305.6582364,305.6582364,305.7257035,z,1,0.0639158,None,,,,,2,1,2025-09-18_19h20.51.788,Motor Sequence Learning,,2025.1.1,60.18230423,2025-09-18 19h21.04.288610 +0530
-50,x,164,0,41,x,1,0.080577,None,41,0,164,0,,,,,305.7410443,,305.7262813,305.7410443,306.7405133,306.7405133,306.7405133,306.7405133,306.7574824,307.2394787,307.2394787,307.3242495,x,1,0.080577,None,,,,,2,1,2025-09-18_19h20.51.788,Motor Sequence Learning,,2025.1.1,60.18230423,2025-09-18 19h21.04.288610 +0530
150,v,165,1,41,v,1,0.0700825,None,41,1,165,1,,,,,307.3400051,,307.3246878,307.3400051,308.3246505,308.3246505,308.3246505,308.3246505,308.3413748,308.8243396,308.8243396,308.909352,v,1,0.0700825,None,,,,,2,1,2025-09-18_19h20.51.788,Motor Sequence Learning,,2025.1.1,60.18230423,2025-09-18 19h21.04.288610 +0530
50,c,166,2,41,c,1,0.0925048,None,41,2,166,2,,,,,308.9245647,,308.9098815,308.9245647,309.9235947,309.9235947,309.9235947,309.9235947,309.9235947,310.4236039,310.4236039,310.524229,c,1,0.0925048,None,,,,,2,1,2025-09-18_19h20.51.788,Motor Sequence Learning,,2025.1.1,60.18230423,2025-09-18 19h21.04.288610 +0530
-150,z,167,3,41,z,1,0.0994259,None,41,3,167,3,,,,,310.5401439,,310.5249861,310.5401439,311.5250049,311.5250049,311.5250049,311.5250049,311.5416737,312.023763,312.023763,312.1260427,z,1,0.0994259,None,,,,,2,1,2025-09-18_19h20.51.788,Motor Sequence Learning,,2025.1.1,60.18230423,2025-09-18 19h21.04.288610 +0530
-50,x,168,0,42,x,1,0.2656848,None,42,0,168,0,,,,,312.1413537,,312.1265796,312.1413537,313.1402997,313.1402997,313.1402997,313.1402997,313.1402997,313.6408042,313.6408042,313.9081487,x,1,0.2656848,None,,,,,2,1,2025-09-18_19h20.51.788,Motor Sequence Learning,,2025.1.1,60.18230423,2025-09-18 19h21.04.288610 +0530
150,v,169,1,42,v,1,0.4134878,None,42,1,169,1,,,,,313.9235883,,313.9085405,313.9235883,314.923835,314.923835,314.923835,314.923835,314.923835,315.4237071,315.4237071,315.8435815,v,1,0.4134878,None,,,,,2,1,2025-09-18_19h20.51.788,Motor Sequence Learning,,2025.1.1,60.18230423,2025-09-18 19h21.04.288610 +0530
50,c,170,2,42,c,1,0.2187857,None,42,2,170,2,,,,,315.858475,,315.8441382,315.858475,316.8570137,316.8570137,316.8570137,316.8570137,316.8570137,317.3585178,317.3585178,317.5916194,c,1,0.2187857,None,,,,,2,1,2025-09-18_19h20.51.788,Motor Sequence Learning,,2025.1.1,60.18230423,2025-09-18 19h21.04.288610 +0530
-150,z,171,3,42,z,1,0.0636313,None,42,3,171,3,,,,,317.6080449,,317.5921068,317.6080449,318.5915412,318.5915412,318.5915412,318.5915412,318.6082411,319.0914598,319.0914598,319.1587558,z,1,0.0636313,None,,,,,2,1,2025-09-18_19h20.51.788,Motor Sequence Learning,,2025.1.1,60.18230423,2025-09-18 19h21.04.288610 +0530
-50,x,172,0,43,x,1,0.2107342,None,43,0,172,0,,,,,319.1748147,,319.1592501,319.1748147,320.1753411,320.1753411,320.1753411,320.1753411,320.1753411,320.6561462,320.6561462,320.872685,x,1,0.2107342,None,,,,,2,1,2025-09-18_19h20.51.788,Motor Sequence Learning,,2025.1.1,60.18230423,2025-09-18 19h21.04.288610 +0530
150,v,173,1,43,v,1,0.1319188,None,43,1,173,1,,,,,320.8894068,,320.8729774,320.8894068,321.8748206,321.8748206,321.8748206,321.8748206,321.8911319,322.3740545,322.3740545,322.5072973,v,1,0.1319188,None,,,,,2,1,2025-09-18_19h20.51.788,Motor Sequence Learning,,2025.1.1,60.18230423,2025-09-18 19h21.04.288610 +0530
50,c,174,2,43,c,1,0.2549208,None,43,2,174,2,,,,,322.5231839,,322.5076494,322.5231839,323.5065811,323.5065811,323.5065811,323.5065811,323.523447,324.0076631,324.0076631,324.2756077,c,1,0.2549208,None,,,,,2,1,2025-09-18_19h20.51.788,Motor Sequence Learning,,2025.1.1,60.18230423,2025-09-18 19h21.04.288610 +0530
-150,z,175,3,43,z,1,0.2513429,None,43,3,175,3,,,,,324.2911164,,324.2761434,324.2911164,325.2903261,325.2903261,325.2903261,325.2903261,325.2903261,325.7935465,325.7935465,326.0573996,z,1,0.2513429,None,,,,,2,1,2025-09-18_19h20.51.788,Motor Sequence Learning,,2025.1.1,60.18230423,2025-09-18 19h21.04.288610 +0530
-50,x,176,0,44,x,1,0.1816724,None,44,0,176,0,,,,,326.0739845,,326.057784,326.0739845,327.0574651,327.0574651,327.0574651,327.0574651,327.0747977,327.5566316,327.5566316,327.7419948,x,1,0.1816724,None,,,,,2,1,2025-09-18_19h20.51.788,Motor Sequence Learning,,2025.1.1,60.18230423,2025-09-18 19h21.04.288610 +0530
150,v,177,1,44,v,1,0.2815873,None,44,1,177,1,,,,,327.7571449,,327.7426929,327.7571449,328.7570269,328.7570269,328.7570269,328.7570269,328.7570269,329.2566317,329.2566317,329.5411165,v,1,0.2815873,None,,,,,2,1,2025-09-18_19h20.51.788,Motor Sequence Learning,,2025.1.1,60.18230423,2025-09-18 19h21.04.288610 +0530
50,c,178,2,44,c,1,0.1163784,None,44,2,178,2,,,,,329.557537,,329.5417112,329.557537,330.540368,330.540368,330.540368,330.540368,330.557332,331.0555264,331.0555264,331.1750658,c,1,0.1163784,None,,,,,2,1,2025-09-18_19h20.51.788,Motor Sequence Learning,,2025.1.1,60.18230423,2025-09-18 19h21.04.288610 +0530
-150,z,179,3,44,z,1,0.3180515,None,44,3,179,3,,,,,331.1905788,,331.1755125,331.1905788,332.1897615,332.1897615,332.1897615,332.1897615,332.1897615,332.689228,332.689228,333.0079007,z,1,0.3180515,None,,,,,2,1,2025-09-18_19h20.51.788,Motor Sequence Learning,,2025.1.1,60.18230423,2025-09-18 19h21.04.288610 +0530
-50,x,180,0,45,x,1,0.1797465,None,45,0,180,0,,,,,333.0227751,,333.0083376,333.0227751,334.0065316,334.0065316,334.0065316,334.0065316,334.0241039,334.5068583,334.5068583,334.6911933,x,1,0.1797465,None,,,,,2,1,2025-09-18_19h20.51.788,Motor Sequence Learning,,2025.1.1,60.18230423,2025-09-18 19h21.04.288610 +0530
150,v,181,1,45,v,1,0.2394495,None,45,1,181,1,,,,,334.7070095,,334.6917179,334.7070095,335.7067076,335.7067076,335.7067076,335.7067076,335.7067076,336.2068229,336.2068229,336.4571441,v,1,0.2394495,None,,,,,2,1,2025-09-18_19h20.51.788,Motor Sequence Learning,,2025.1.1,60.18230423,2025-09-18 19h21.04.288610 +0530
50,c,182,2,45,c,1,0.1123971,None,45,2,182,2,,,,,336.4732366,,336.4575623,336.4732366,337.457376,337.457376,337.457376,337.457376,337.4739153,337.9576102,337.9576102,338.0746477,c,1,0.1123971,None,,,,,2,1,2025-09-18_19h20.51.788,Motor Sequence Learning,,2025.1.1,60.18230423,2025-09-18 19h21.04.288610 +0530
-150,z,183,3,45,z,1,0.2058481,None,45,3,183,3,,,,,338.0910617,,338.0752039,338.0910617,339.0746219,339.0746219,339.0746219,339.0746219,339.0914769,339.5739527,339.5739527,339.7914024,z,1,0.2058481,None,,,,,2,1,2025-09-18_19h20.51.788,Motor Sequence Learning,,2025.1.1,60.18230423,2025-09-18 19h21.04.288610 +0530
-50,x,184,0,46,x,1,0.2401428,None,46,0,184,0,,,,,339.8076251,,339.7919083,339.8076251,340.7904025,340.7904025,340.7904025,340.7904025,340.8069155,341.307258,341.307258,341.5589978,x,1,0.2401428,None,,,,,2,1,2025-09-18_19h20.51.788,Motor Sequence Learning,,2025.1.1,60.18230423,2025-09-18 19h21.04.288610 +0530
150,v,185,1,46,v,1,0.2306133,None,46,1,185,1,,,,,341.5728428,,341.5595229,341.5728428,342.5725641,342.5725641,342.5725641,342.5725641,342.5725641,343.0571409,343.0571409,343.2889394,v,1,0.2306133,None,,,,,2,1,2025-09-18_19h20.51.788,Motor Sequence Learning,,2025.1.1,60.18230423,2025-09-18 19h21.04.288610 +0530
50,c,186,2,46,c,1,0.1775047,None,46,2,186,2,,,,,343.305466,,343.2892044,343.305466,344.2911001,344.2911001,344.2911001,344.2911001,344.3082189,344.7901602,344.7901602,344.9734202,c,1,0.1775047,None,,,,,2,1,2025-09-18_19h20.51.788,Motor Sequence Learning,,2025.1.1,60.18230423,2025-09-18 19h21.04.288610 +0530
-150,z,187,3,46,z,1,0.240353,None,46,3,187,3,,,,,344.9897026,,344.9739004,344.9897026,345.9735898,345.9735898,345.9735898,345.9735898,345.9899815,346.4724788,346.4724788,346.7231717,z,1,0.240353,None,,,,,2,1,2025-09-18_19h20.51.788,Motor Sequence Learning,,2025.1.1,60.18230423,2025-09-18 19h21.04.288610 +0530
-50,x,188,0,47,x,1,0.2302076,None,47,0,188,0,,,,,346.7397207,,346.7235696,346.7397207,347.7227362,347.7227362,347.7227362,347.7227362,347.7396597,348.2242074,348.2242074,348.4561452,x,1,0.2302076,None,,,,,2,1,2025-09-18_19h20.51.788,Motor Sequence Learning,,2025.1.1,60.18230423,2025-09-18 19h21.04.288610 +0530
150,v,189,1,47,v,1,0.2397824,None,47,1,189,1,,,,,348.4720479,,348.4563492,348.4720479,349.4576881,349.4576881,349.4576881,349.4576881,349.4740406,349.9570384,349.9570384,350.2079757,v,1,0.2397824,None,,,,,2,1,2025-09-18_19h20.51.788,Motor Sequence Learning,,2025.1.1,60.18230423,2025-09-18 19h21.04.288610 +0530
50,c,190,2,47,c,1,0.1323636,None,47,2,190,2,,,,,350.2236403,,350.2085967,350.2236403,351.2236812,351.2236812,351.2236812,351.2236812,351.2236812,351.7074631,351.7074631,351.841522,c,1,0.1323636,None,,,,,2,1,2025-09-18_19h20.51.788,Motor Sequence Learning,,2025.1.1,60.18230423,2025-09-18 19h21.04.288610 +0530
-150,z,191,3,47,z,1,0.2272565,None,47,3,191,3,,,,,351.8572155,,351.8420631,351.8572155,352.8575264,352.8575264,352.8575264,352.8575264,352.8575264,353.3571825,353.3571825,353.5915175,z,1,0.2272565,None,,,,,2,1,2025-09-18_19h20.51.788,Motor Sequence Learning,,2025.1.1,60.18230423,2025-09-18 19h21.04.288610 +0530
-50,x,192,0,48,x,1,0.0831589,None,48,0,192,0,,,,,353.6076312,,353.592086,353.6076312,354.6074839,354.6074839,354.6074839,354.6074839,354.6074839,355.1070734,355.1070734,355.2064073,x,1,0.0831589,None,,,,,2,1,2025-09-18_19h20.51.788,Motor Sequence Learning,,2025.1.1,60.18230423,2025-09-18 19h21.04.288610 +0530
150,v,193,1,48,v,1,0.2460805,None,48,1,193,1,,,,,355.2230287,,355.2069857,355.2230287,356.2055055,356.2055055,356.2055055,356.2055055,356.2230386,356.7063183,356.7063183,356.955501,v,1,0.2460805,None,,,,,2,1,2025-09-18_19h20.51.788,Motor Sequence Learning,,2025.1.1,60.18230423,2025-09-18 19h21.04.288610 +0530
50,c,194,2,48,c,1,0.1065933,None,48,2,194,2,,,,,356.971736,,356.9557039,356.971736,357.9555504,357.9555504,357.9555504,357.9555504,357.9729583,358.4563755,358.4563755,358.5734618,c,1,0.1065933,None,,,,,2,1,2025-09-18_19h20.51.788,Motor Sequence Learning,,2025.1.1,60.18230423,2025-09-18 19h21.04.288610 +0530
-150,z,195,3,48,z,1,0.1087147,None,48,3,195,3,,,,,358.5896315,,358.5739148,358.5896315,359.588711,359.588711,359.588711,359.588711,359.6069066,360.0734527,360.0734527,360.1914598,z,1,0.1087147,None,,,,,2,1,2025-09-18_19h20.51.788,Motor Sequence Learning,,2025.1.1,60.18230423,2025-09-18 19h21.04.288610 +0530
-50,x,196,0,49,x,1,0.0150627,None,49,0,196,0,,,,,360.2063246,,360.1920483,360.2063246,361.2053417,361.2053417,361.2053417,361.2053417,361.2218957,361.689778,361.689778,361.7075758,x,1,0.0150627,None,,,,,2,1,2025-09-18_19h20.51.788,Motor Sequence Learning,,2025.1.1,60.18230423,2025-09-18 19h21.04.288610 +0530
150,v,197,1,49,v,1,0.22279,None,49,1,197,1,,,,,361.7231068,,361.7079422,361.7231068,362.7068161,362.7068161,362.7068161,362.7068161,362.7237038,363.2217579,363.2217579,363.4566758,v,1,0.22279,None,,,,,2,1,2025-09-18_19h20.51.788,Motor Sequence Learning,,2025.1.1,60.18230423,2025-09-18 19h21.04.288610 +0530
50,c,198,2,49,c,1,0.3272621,None,49,2,198,2,,,,,363.4729818,,363.4570654,363.4729818,364.4567333,364.4567333,364.4567333,364.4567333,364.474185,364.9569731,364.9569731,365.2911902,c,1,0.3272621,None,,,,,2,1,2025-09-18_19h20.51.788,Motor Sequence Learning,,2025.1.1,60.18230423,2025-09-18 19h21.04.288610 +0530
-150,z,199,3,49,z,1,0.1846176,None,49,3,199,3,,,,,365.3063171,,365.2917342,365.3063171,366.3060787,366.3060787,366.3060787,366.3060787,366.3060787,366.7902288,366.7902288,366.9910983,z,1,0.1846176,None,,,,,2,1,2025-09-18_19h20.51.788,Motor Sequence Learning,,2025.1.1,60.18230423,2025-09-18 19h21.04.288610 +0530
50,c,0,0,0,x,0,0.3198078,None,,,,,0,0,0,2,367.0229918,,367.0046557,367.0229918,368.0071236,368.0071236,368.0071236,368.0071236,368.023603,368.4903745,368.4903745,368.8240015,,,,,x,0,0.3198078,None,2,1,2025-09-18_19h20.51.788,Motor Sequence Learning,,2025.1.1,60.18230423,2025-09-18 19h21.04.288610 +0530
-150,z,1,1,0,z,1,0.429428,None,,,,,0,1,1,3,368.8400607,,368.8246911,368.8400607,369.8229174,369.8229174,369.8229174,369.8229174,369.8406154,370.3271433,370.3271433,370.758857,,,,,z,1,0.429428,None,2,1,2025-09-18_19h20.51.788,Motor Sequence Learning,,2025.1.1,60.18230423,2025-09-18 19h21.04.288610 +0530
150,v,2,2,0,v,1,0.3781987,None,,,,,0,2,2,1,370.7732391,,370.7593842,370.7732391,371.771735,371.771735,371.771735,371.771735,371.7901818,372.2716492,372.2716492,372.6568136,,,,,v,1,0.3781987,None,2,1,2025-09-18_19h20.51.788,Motor Sequence Learning,,2025.1.1,60.18230423,2025-09-18 19h21.04.288610 +0530
-150,z,3,3,1,z,1,0.407469,None,,,,,1,3,3,3,372.6731398,,372.6572684,372.6731398,373.6572371,373.6572371,373.6572371,373.6572371,373.6733068,374.1564544,374.1564544,374.5746837,,,,,z,1,0.407469,None,2,1,2025-09-18_19h20.51.788,Motor Sequence Learning,,2025.1.1,60.18230423,2025-09-18 19h21.04.288610 +0530
-150,z,4,4,2,z,1,0.4430367,None,,,,,2,4,4,3,374.5892167,,374.5752796,374.5892167,375.5726807,375.5726807,375.5726807,375.5726807,375.5896255,376.0892536,376.0892536,376.540521,,,,,z,1,0.4430367,None,2,1,2025-09-18_19h20.51.788,Motor Sequence Learning,,2025.1.1,60.18230423,2025-09-18 19h21.04.288610 +0530
-150,z,5,5,3,z,1,0.3908294,None,,,,,3,5,5,3,376.5560932,,376.5409071,376.5560932,377.5404968,377.5404968,377.5404968,377.5404968,377.5583001,378.0555388,378.0555388,378.4567218,,,,,z,1,0.3908294,None,2,1,2025-09-18_19h20.51.788,Motor Sequence Learning,,2025.1.1,60.18230423,2025-09-18 19h21.04.288610 +0530
-150,z,6,6,4,z,1,0.4025998,None,,,,,4,6,6,3,378.4724104,,378.4570599,378.4724104,379.4569424,379.4569424,379.4569424,379.4569424,379.4736552,379.9580075,379.9580075,380.3733311,,,,,z,1,0.4025998,None,2,1,2025-09-18_19h20.51.788,Motor Sequence Learning,,2025.1.1,60.18230423,2025-09-18 19h21.04.288610 +0530
150,v,7,7,1,v,1,0.3858875,None,,,,,1,7,7,1,380.3899629,,380.3737469,380.3899629,381.3735381,381.3735381,381.3735381,381.3735381,381.3899046,381.8879768,381.8879768,382.2749008,,,,,v,1,0.3858875,None,2,1,2025-09-18_19h20.51.788,Motor Sequence Learning,,2025.1.1,60.18230423,2025-09-18 19h21.04.288610 +0530
150,v,8,8,2,v,1,0.3712468,None,,,,,2,8,8,1,382.2889928,,382.2753326,382.2889928,383.2891329,383.2891329,383.2891329,383.2891329,383.2891329,383.7889451,383.7889451,384.1734789,,,,,v,1,0.3712468,None,2,1,2025-09-18_19h20.51.788,Motor Sequence Learning,,2025.1.1,60.18230423,2025-09-18 19h21.04.288610 +0530
50,c,9,9,1,c,1,0.58972,None,,,,,1,9,9,2,384.1899588,,384.1740657,384.1899588,385.1726402,385.1726402,385.1726402,385.1726402,385.1892281,385.6736604,385.6736604,386.2733646,,,,,c,1,0.58972,None,2,1,2025-09-18_19h20.51.788,Motor Sequence Learning,,2025.1.1,60.18230423,2025-09-18 19h21.04.288610 +0530
150,v,10,10,3,v,1,0.5470696,None,,,,,3,10,10,1,386.2898016,,386.2738311,386.2898016,387.2880865,387.2880865,387.2880865,387.2880865,387.3055939,387.7890308,387.7890308,388.3409443,,,,,v,1,0.5470696,None,2,1,2025-09-18_19h20.51.788,Motor Sequence Learning,,2025.1.1,60.18230423,2025-09-18 19h21.04.288610 +0530
50,c,11,11,2,c,1,0.3977165,None,,,,,2,11,11,2,388.3554751,,388.3416313,388.3554751,389.3562886,389.3562886,389.3562886,389.3562886,389.3562886,389.8554267,389.8554267,390.2578739,,,,,c,1,0.3977165,None,2,1,2025-09-18_19h20.51.788,Motor Sequence Learning,,2025.1.1,60.18230423,2025-09-18 19h21.04.288610 +0530
-50,x,12,12,0,x,1,0.6092704,None,,,,,0,12,12,0,390.2739641,,390.2583436,390.2739641,391.2713128,391.2713128,391.2713128,391.2713128,391.2881518,391.7724954,391.7724954,392.3896994,,,,,x,1,0.6092704,None,2,1,2025-09-18_19h20.51.788,Motor Sequence Learning,,2025.1.1,60.18230423,2025-09-18 19h21.04.288610 +0530
50,c,13,13,3,c,1,0.3969175,None,,,,,3,13,13,2,392.4051937,,392.3901071,392.4051937,393.3895927,393.3895927,393.3895927,393.3895927,393.405864,393.8904091,393.8904091,394.2915581,,,,,c,1,0.3969175,None,2,1,2025-09-18_19h20.51.788,Motor Sequence Learning,,2025.1.1,60.18230423,2025-09-18 19h21.04.288610 +0530
-150,z,14,14,5,z,1,0.3572836,None,,,,,5,14,14,3,394.3068665,,394.2920209,394.3068665,395.3061512,395.3061512,395.3061512,395.3061512,395.3227436,395.8063352,395.8063352,396.1724834,,,,,z,1,0.3572836,None,2,1,2025-09-18_19h20.51.788,Motor Sequence Learning,,2025.1.1,60.18230423,2025-09-18 19h21.04.288610 +0530
-50,x,15,15,1,x,1,0.5305244,None,,,,,1,15,15,0,396.1891828,,396.1729333,396.1891828,397.1875898,397.1875898,397.1875898,397.1875898,397.1875898,397.6724738,397.6724738,398.2082096,,,,,x,1,0.5305244,None,2,1,2025-09-18_19h20.51.788,Motor Sequence Learning,,2025.1.1,60.18230423,2025-09-18 19h21.04.288610 +0530
150,v,16,16,4,v,1,0.4162842,None,,,,,4,16,16,1,398.2233906,,398.2087101,398.2233906,399.2223503,399.2223503,399.2223503,399.2223503,399.2223503,399.7059656,399.7059656,400.1229823,,,,,v,1,0.4162842,None,2,1,2025-09-18_19h20.51.788,Motor Sequence Learning,,2025.1.1,60.18230423,2025-09-18 19h21.04.288610 +0530
50,c,17,17,4,c,1,0.5774765,None,,,,,4,17,17,2,400.1393026,,400.1233618,400.1393026,401.1229619,401.1229619,401.1229619,401.1229619,401.1396953,401.6229058,401.6229058,402.2082428,,,,,c,1,0.5774765,None,2,1,2025-09-18_19h20.51.788,Motor Sequence Learning,,2025.1.1,60.18230423,2025-09-18 19h21.04.288610 +0530
-150,z,18,18,6,z,1,0.4513773,None,,,,,6,18,18,3,402.2231658,,402.2089067,402.2231658,403.2234815,403.2234815,403.2234815,403.2234815,403.2234815,403.7225151,403.7225151,404.1896339,,,,,z,1,0.4513773,None,2,1,2025-09-18_19h20.51.788,Motor Sequence Learning,,2025.1.1,60.18230423,2025-09-18 19h21.04.288610 +0530
150,v,19,19,5,v,1,0.323634,None,,,,,5,19,19,1,404.204996,,404.1901051,404.204996,405.1902977,405.1902977,405.1902977,405.1902977,405.2066008,405.70503,405.70503,406.0392725,,,,,v,1,0.323634,None,2,1,2025-09-18_19h20.51.788,Motor Sequence Learning,,2025.1.1,60.18230423,2025-09-18 19h21.04.288610 +0530
50,c,20,20,5,c,1,0.4138159,None,,,,,5,20,20,2,406.0546894,,406.0396887,406.0546894,407.0394915,407.0394915,407.0394915,407.0394915,407.0564635,407.5398161,407.5398161,407.9576219,,,,,c,1,0.4138159,None,2,1,2025-09-18_19h20.51.788,Motor Sequence Learning,,2025.1.1,60.18230423,2025-09-18 19h21.04.288610 +0530
-150,z,21,21,7,z,1,0.4431754,None,,,,,7,21,21,3,407.9728738,,407.9582376,407.9728738,408.9567719,408.9567719,408.9567719,408.9567719,408.9726878,409.4568864,409.4568864,409.9054445,,,,,z,1,0.4431754,None,2,1,2025-09-18_19h20.51.788,Motor Sequence Learning,,2025.1.1,60.18230423,2025-09-18 19h21.04.288610 +0530
-150,z,22,22,8,z,1,0.4103007,None,,,,,8,22,22,3,409.921604,,409.9058613,409.921604,410.9060119,410.9060119,410.9060119,410.9060119,410.9243013,411.4064189,411.4064189,411.824742,,,,,z,1,0.4103007,None,2,1,2025-09-18_19h20.51.788,Motor Sequence Learning,,2025.1.1,60.18230423,2025-09-18 19h21.04.288610 +0530
150,v,23,23,6,v,1,0.2831605,None,,,,,6,23,23,1,411.8394948,,411.8257027,411.8394948,412.8384496,412.8384496,412.8384496,412.8384496,412.8384496,413.3388816,413.3388816,413.6406203,,,,,v,1,0.2831605,None,2,1,2025-09-18_19h20.51.788,Motor Sequence Learning,,2025.1.1,60.18230423,2025-09-18 19h21.04.288610 +0530
150,v,24,24,7,v,1,0.4043756,None,,,,,7,24,24,1,413.6568733,,413.6413251,413.6568733,414.6397821,414.6397821,414.6397821,414.6397821,414.65612,415.1559636,415.1559636,415.5724424,,,,,v,1,0.4043756,None,2,1,2025-09-18_19h20.51.788,Motor Sequence Learning,,2025.1.1,60.18230423,2025-09-18 19h21.04.288610 +0530
-150,z,25,25,9,z,1,0.47203,None,,,,,9,25,25,3,415.5891365,,415.5727917,415.5891365,416.5722665,416.5722665,416.5722665,416.5722665,416.5888911,417.0720457,417.0720457,417.5550612,,,,,z,1,0.47203,None,2,1,2025-09-18_19h20.51.788,Motor Sequence Learning,,2025.1.1,60.18230423,2025-09-18 19h21.04.288610 +0530
-150,z,26,26,10,z,1,0.479152,None,,,,,10,26,26,3,417.5725538,,417.55548,417.5725538,418.556539,418.556539,418.556539,418.556539,418.5719688,419.0564734,419.0564734,419.5401903,,,,,z,1,0.479152,None,2,1,2025-09-18_19h20.51.788,Motor Sequence Learning,,2025.1.1,60.18230423,2025-09-18 19h21.04.288610 +0530
150,v,27,27,8,v,1,0.4239042,None,,,,,8,27,27,1,419.5558969,,419.5405973,419.5558969,420.554458,420.554458,420.554458,420.554458,420.5707522,421.0554625,421.0554625,421.4898706,,,,,v,1,0.4239042,None,2,1,2025-09-18_19h20.51.788,Motor Sequence Learning,,2025.1.1,60.18230423,2025-09-18 19h21.04.288610 +0530
50,c,28,28,6,c,1,0.4153659,None,,,,,6,28,28,2,421.5057078,,421.4902678,421.5057078,422.4892837,422.4892837,422.4892837,422.4892837,422.5063275,423.0057166,423.0057166,423.4233746,,,,,c,1,0.4153659,None,2,1,2025-09-18_19h20.51.788,Motor Sequence Learning,,2025.1.1,60.18230423,2025-09-18 19h21.04.288610 +0530
150,v,29,29,9,v,1,0.5694223,None,,,,,9,29,29,1,423.4380529,,423.4238206,423.4380529,424.4228786,424.4228786,424.4228786,424.4228786,424.4396364,424.9381042,424.9381042,425.5234277,,,,,v,1,0.5694223,None,2,1,2025-09-18_19h20.51.788,Motor Sequence Learning,,2025.1.1,60.18230423,2025-09-18 19h21.04.288610 +0530
50,c,30,30,7,c,1,0.3974468,None,,,,,7,30,30,2,425.5396755,,425.524017,425.5396755,426.5231274,426.5231274,426.5231274,426.5231274,426.5395459,427.0372724,427.0372724,427.4388312,,,,,c,1,0.3974468,None,2,1,2025-09-18_19h20.51.788,Motor Sequence Learning,,2025.1.1,60.18230423,2025-09-18 19h21.04.288610 +0530
150,v,31,31,10,v,1,0.5282554,None,,,,,10,31,31,1,427.4548922,,427.4392974,427.4548922,428.4397524,428.4397524,428.4397524,428.4397524,428.4565696,428.9379896,428.9379896,429.473701,,,,,v,1,0.5282554,None,2,1,2025-09-18_19h20.51.788,Motor Sequence Learning,,2025.1.1,60.18230423,2025-09-18 19h21.04.288610 +0530
-150,z,32,32,11,z,1,0.3869468,None,,,,,11,32,32,3,429.4888673,,429.4742859,429.4888673,430.4896765,430.4896765,430.4896765,430.4896765,430.4896765,430.9728889,430.9728889,431.3718252,,,,,z,1,0.3869468,None,2,1,2025-09-18_19h20.51.788,Motor Sequence Learning,,2025.1.1,60.18230423,2025-09-18 19h21.04.288610 +0530
-50,x,33,33,2,z,0,0.3817764,None,,,,,2,33,33,0,431.3872567,,431.3722283,431.3872567,432.3716551,432.3716551,432.3716551,432.3716551,432.3885526,432.8720759,432.8720759,433.2543385,,,,,z,0,0.3817764,None,2,1,2025-09-18_19h20.51.788,Motor Sequence Learning,,2025.1.1,60.18230423,2025-09-18 19h21.04.288610 +0530
150,v,34,34,11,v,1,0.4561215,None,,,,,11,34,34,1,433.272284,,433.2545905,433.272284,434.2561728,434.2561728,434.2561728,434.2561728,434.2728394,434.7551132,434.7551132,435.222203,,,,,v,1,0.4561215,None,2,1,2025-09-18_19h20.51.788,Motor Sequence Learning,,2025.1.1,60.18230423,2025-09-18 19h21.04.288610 +0530
150,v,35,35,12,v,1,0.4165579,None,,,,,12,35,35,1,435.2380828,,435.2225983,435.2380828,436.2218808,436.2218808,436.2218808,436.2218808,436.238429,436.7214882,436.7214882,437.1399006,,,,,v,1,0.4165579,None,2,1,2025-09-18_19h20.51.788,Motor Sequence Learning,,2025.1.1,60.18230423,2025-09-18 19h21.04.288610 +0530
50,c,36,36,8,c,1,0.5703705,None,,,,,8,36,36,2,437.1558919,,437.1404746,437.1558919,438.1389414,438.1389414,438.1389414,438.1389414,438.1562637,438.6563703,438.6563703,439.2398362,,,,,c,1,0.5703705,None,2,1,2025-09-18_19h20.51.788,Motor Sequence Learning,,2025.1.1,60.18230423,2025-09-18 19h21.04.288610 +0530
-50,x,37,37,3,x,1,0.5157161,None,,,,,3,37,37,0,439.2558607,,439.2404183,439.2558607,440.2388332,440.2388332,440.2388332,440.2388332,440.2555903,440.7388564,440.7388564,441.2572332,,,,,x,1,0.5157161,None,2,1,2025-09-18_19h20.51.788,Motor Sequence Learning,,2025.1.1,60.18230423,2025-09-18 19h21.04.288610 +0530
150,v,38,38,13,v,1,0.3325102,None,,,,,13,38,38,1,441.2723225,,441.2578126,441.2723225,442.2745593,442.2745593,442.2745593,442.2745593,442.288724,442.7719995,442.7719995,443.1052663,,,,,v,1,0.3325102,None,2,1,2025-09-18_19h20.51.788,Motor Sequence Learning,,2025.1.1,60.18230423,2025-09-18 19h21.04.288610 +0530
-50,x,39,39,4,x,1,0.6347097,None,,,,,4,39,39,0,443.1215356,,443.1056521,443.1215356,444.1054634,444.1054634,444.1054634,444.1054634,444.1216395,444.605431,444.605431,445.2560026,,,,,x,1,0.6347097,None,2,1,2025-09-18_19h20.51.788,Motor Sequence Learning,,2025.1.1,60.18230423,2025-09-18 19h21.04.288610 +0530
-50,x,40,40,5,x,1,0.4775462,None,,,,,5,40,40,0,445.2727785,,445.2565745,445.2727785,446.2563329,446.2563329,446.2563329,446.2563329,446.2729057,446.7555216,446.7555216,447.2398586,,,,,x,1,0.4775462,None,2,1,2025-09-18_19h20.51.788,Motor Sequence Learning,,2025.1.1,60.18230423,2025-09-18 19h21.04.288610 +0530
50,c,41,41,9,x,0,0.4415917,None,,,,,9,41,41,2,447.2598249,,447.2403707,447.2598249,448.2395477,448.2395477,448.2395477,448.2395477,448.2719904,448.7392351,448.7392351,449.1901009,,,,,x,0,0.4415917,None,2,1,2025-09-18_19h20.51.788,Motor Sequence Learning,,2025.1.1,60.18230423,2025-09-18 19h21.04.288610 +0530
150,v,42,42,14,v,1,0.4383069,None,,,,,14,42,42,1,449.2051879,,449.1906545,449.2051879,450.2036821,450.2036821,450.2036821,450.2036821,450.2203944,450.704893,450.704893,451.1565861,,,,,v,1,0.4383069,None,2,1,2025-09-18_19h20.51.788,Motor Sequence Learning,,2025.1.1,60.18230423,2025-09-18 19h21.04.288610 +0530
-50,x,43,43,6,x,1,0.4104407,None,,,,,6,43,43,0,451.1715235,,451.1571536,451.1715235,452.1712964,452.1712964,452.1712964,452.1712964,452.1712964,452.6705953,452.6705953,453.089526,,,,,x,1,0.4104407,None,2,1,2025-09-18_19h20.51.788,Motor Sequence Learning,,2025.1.1,60.18230423,2025-09-18 19h21.04.288610 +0530
-150,z,44,44,12,z,1,0.5128022,None,,,,,12,44,44,3,453.1054363,,453.090025,453.1054363,454.0887185,454.0887185,454.0887185,454.0887185,454.1046889,454.6047905,454.6047905,455.1212934,,,,,z,1,0.5128022,None,2,1,2025-09-18_19h20.51.788,Motor Sequence Learning,,2025.1.1,60.18230423,2025-09-18 19h21.04.288610 +0530
-150,z,45,45,13,z,1,0.6285696,None,,,,,13,45,45,3,455.1371996,,455.1216947,455.1371996,456.1215771,456.1215771,456.1215771,456.1215771,456.1383278,456.6367603,456.6367603,457.2718861,,,,,z,1,0.6285696,None,2,1,2025-09-18_19h20.51.788,Motor Sequence Learning,,2025.1.1,60.18230423,2025-09-18 19h21.04.288610 +0530
-50,x,46,46,7,x,1,0.4995749,None,,,,,7,46,46,0,457.2877152,,457.2724032,457.2877152,458.2712066,458.2712066,458.2712066,458.2712066,458.2880419,458.7724455,458.7724455,459.2728616,,,,,x,1,0.4995749,None,2,1,2025-09-18_19h20.51.788,Motor Sequence Learning,,2025.1.1,60.18230423,2025-09-18 19h21.04.288610 +0530
-150,z,47,47,14,z,1,0.4265833,None,,,,,14,47,47,3,459.2884592,,459.2734052,459.2884592,460.2723764,460.2723764,460.2723764,460.2723764,460.2893301,460.7867357,460.7867357,461.2228344,,,,,z,1,0.4265833,None,2,1,2025-09-18_19h20.51.788,Motor Sequence Learning,,2025.1.1,60.18230423,2025-09-18 19h21.04.288610 +0530
-50,x,48,48,8,x,1,0.3398718,None,,,,,8,48,48,0,461.23714,,461.2233823,461.23714,462.2369335,462.2369335,462.2369335,462.2369335,462.2369335,462.7222257,462.7222257,463.0732218,,,,,x,1,0.3398718,None,2,1,2025-09-18_19h20.51.788,Motor Sequence Learning,,2025.1.1,60.18230423,2025-09-18 19h21.04.288610 +0530
-50,x,49,49,9,x,1,0.7067623,None,,,,,9,49,49,0,463.0890706,,463.0738039,463.0890706,464.0884385,464.0884385,464.0884385,464.0884385,464.0884385,464.5874824,464.5874824,465.3046129,,,,,x,1,0.7067623,None,2,1,2025-09-18_19h20.51.788,Motor Sequence Learning,,2025.1.1,60.18230423,2025-09-18 19h21.04.288610 +0530
-50,x,50,50,10,x,1,0.4328632,None,,,,,10,50,50,0,465.3222379,,465.3049637,465.3222379,466.3039183,466.3039183,466.3039183,466.3039183,466.33814,466.8049558,466.8049558,467.2394641,,,,,x,1,0.4328632,None,2,1,2025-09-18_19h20.51.788,Motor Sequence Learning,,2025.1.1,60.18230423,2025-09-18 19h21.04.288610 +0530
150,v,51,51,15,v,1,0.5758421,None,,,,,15,51,51,1,467.2544847,,467.2398905,467.2544847,468.254985,468.254985,468.254985,468.254985,468.254985,468.7553289,468.7553289,469.3379475,,,,,v,1,0.5758421,None,2,1,2025-09-18_19h20.51.788,Motor Sequence Learning,,2025.1.1,60.18230423,2025-09-18 19h21.04.288610 +0530
150,v,52,52,16,v,1,0.4783579,None,,,,,16,52,52,1,469.354416,,469.3383514,469.354416,470.3385838,470.3385838,470.3385838,470.3385838,470.3558275,470.8383446,470.8383446,471.3209222,,,,,v,1,0.4783579,None,2,1,2025-09-18_19h20.51.788,Motor Sequence Learning,,2025.1.1,60.18230423,2025-09-18 19h21.04.288610 +0530
150,v,53,53,17,v,1,0.487548,None,,,,,17,53,53,1,471.3370227,,471.3212753,471.3370227,472.322358,472.322358,472.322358,472.322358,472.3390163,472.8218747,472.8218747,473.3224627,,,,,v,1,0.487548,None,2,1,2025-09-18_19h20.51.788,Motor Sequence Learning,,2025.1.1,60.18230423,2025-09-18 19h21.04.288610 +0530
150,v,54,54,18,v,1,0.5532731,None,,,,,18,54,54,1,473.342548,,473.3230312,473.342548,474.3220774,474.3220774,474.3220774,474.3220774,474.3557525,474.8382804,474.8382804,475.4059475,,,,,v,1,0.5532731,None,2,1,2025-09-18_19h20.51.788,Motor Sequence Learning,,2025.1.1,60.18230423,2025-09-18 19h21.04.288610 +0530
150,v,55,55,19,v,1,0.3960552,None,,,,,19,55,55,1,475.4225547,,475.4064817,475.4225547,476.4054075,476.4054075,476.4054075,476.4054075,476.421344,476.9052144,476.9052144,477.306021,,,,,v,1,0.3960552,None,2,1,2025-09-18_19h20.51.788,Motor Sequence Learning,,2025.1.1,60.18230423,2025-09-18 19h21.04.288610 +0530
-50,x,56,56,11,x,1,0.4313998,None,,,,,11,56,56,0,477.3221605,,477.3065292,477.3221605,478.3201159,478.3201159,478.3201159,478.3201159,478.3369549,478.8217461,478.8217461,479.2561205,,,,,x,1,0.4313998,None,2,1,2025-09-18_19h20.51.788,Motor Sequence Learning,,2025.1.1,60.18230423,2025-09-18 19h21.04.288610 +0530
-150,z,57,57,15,z,1,0.456204,None,,,,,15,57,57,3,479.2718413,,479.2565356,479.2718413,480.271374,480.271374,480.271374,480.271374,480.271374,480.7713798,480.7713798,481.2383838,,,,,z,1,0.456204,None,2,1,2025-09-18_19h20.51.788,Motor Sequence Learning,,2025.1.1,60.18230423,2025-09-18 19h21.04.288610 +0530
50,c,58,58,10,c,1,0.4740818,None,,,,,10,58,58,2,481.2549273,,481.2388085,481.2549273,482.2548373,482.2548373,482.2548373,482.2548373,482.2548373,482.7378704,482.7378704,483.2198279,,,,,c,1,0.4740818,None,2,1,2025-09-18_19h20.51.788,Motor Sequence Learning,,2025.1.1,60.18230423,2025-09-18 19h21.04.288610 +0530
-150,z,59,59,16,z,1,0.456236,None,,,,,16,59,59,3,483.2368115,,483.2201749,483.2368115,484.2210663,484.2210663,484.2210663,484.2210663,484.2376239,484.7216245,484.7216245,485.1878988,,,,,z,1,0.456236,None,2,1,2025-09-18_19h20.51.788,Motor Sequence Learning,,2025.1.1,60.18230423,2025-09-18 19h21.04.288610 +0530
50,c,60,60,11,c,1,0.3120303,None,,,,,11,60,60,2,485.2043112,,485.1883072,485.2043112,486.2036808,486.2036808,486.2036808,486.2036808,486.2216452,486.6867575,486.6867575,487.0042662,,,,,c,1,0.3120303,None,2,1,2025-09-18_19h20.51.788,Motor Sequence Learning,,2025.1.1,60.18230423,2025-09-18 19h21.04.288610 +0530
50,c,61,61,12,c,1,0.4405225,None,,,,,12,61,61,2,487.0205787,,487.0046689,487.0205787,488.0042161,488.0042161,488.0042161,488.0042161,488.0216889,488.5038367,488.5038367,488.9571344,,,,,c,1,0.4405225,None,2,1,2025-09-18_19h20.51.788,Motor Sequence Learning,,2025.1.1,60.18230423,2025-09-18 19h21.04.288610 +0530
150,v,62,62,20,v,1,0.4741096,None,,,,,20,62,62,1,488.9712062,,488.9576806,488.9712062,489.9724366,489.9724366,489.9724366,489.9724366,489.9724366,490.469559,490.469559,490.9550707,,,,,v,1,0.4741096,None,2,1,2025-09-18_19h20.51.788,Motor Sequence Learning,,2025.1.1,60.18230423,2025-09-18 19h21.04.288610 +0530
50,c,63,63,13,c,1,0.5089659,None,,,,,13,63,63,2,490.9704354,,490.9554688,490.9704354,491.9554056,491.9554056,491.9554056,491.9554056,491.972334,492.4538716,492.4538716,492.9718079,,,,,c,1,0.5089659,None,2,1,2025-09-18_19h20.51.788,Motor Sequence Learning,,2025.1.1,60.18230423,2025-09-18 19h21.04.288610 +0530
-50,x,64,64,12,x,1,0.5448243,None,,,,,12,64,64,0,492.9876693,,492.9722738,492.9876693,493.971789,493.971789,493.971789,493.971789,493.9890013,494.4718436,494.4718436,495.0210973,,,,,x,1,0.5448243,None,2,1,2025-09-18_19h20.51.788,Motor Sequence Learning,,2025.1.1,60.18230423,2025-09-18 19h21.04.288610 +0530
-150,z,65,65,17,z,1,0.4344393,None,,,,,17,65,65,3,495.0372546,,495.0216486,495.0372546,496.0211473,496.0211473,496.0211473,496.0211473,496.0383755,496.5201535,496.5201535,496.9568238,,,,,z,1,0.4344393,None,2,1,2025-09-18_19h20.51.788,Motor Sequence Learning,,2025.1.1,60.18230423,2025-09-18 19h21.04.288610 +0530
150,v,66,66,21,v,1,0.3799228,None,,,,,21,66,66,1,496.9711354,,496.9575618,496.9711354,497.9714299,497.9714299,497.9714299,497.9714299,497.9714299,498.4553938,498.4553938,498.8378599,,,,,v,1,0.3799228,None,2,1,2025-09-18_19h20.51.788,Motor Sequence Learning,,2025.1.1,60.18230423,2025-09-18 19h21.04.288610 +0530
-50,x,67,67,13,x,1,0.5390671,None,,,,,13,67,67,0,498.8530982,,498.8382046,498.8530982,499.837306,499.837306,499.837306,499.837306,499.8537382,500.3380803,500.3380803,500.8884074,,,,,x,1,0.5390671,None,2,1,2025-09-18_19h20.51.788,Motor Sequence Learning,,2025.1.1,60.18230423,2025-09-18 19h21.04.288610 +0530
-50,x,68,68,14,x,1,0.4782954,None,,,,,14,68,68,0,500.9049085,,500.8889432,500.9049085,501.9033824,501.9033824,501.9033824,501.9033824,501.9205453,502.3890757,502.3890757,502.8712321,,,,,x,1,0.4782954,None,2,1,2025-09-18_19h20.51.788,Motor Sequence Learning,,2025.1.1,60.18230423,2025-09-18 19h21.04.288610 +0530
150,v,69,69,22,v,1,0.4345862,None,,,,,22,69,69,1,502.8872347,,502.871608,502.8872347,503.8704723,503.8704723,503.8704723,503.8704723,503.8874827,504.3710116,504.3710116,504.8212093,,,,,v,1,0.4345862,None,2,1,2025-09-18_19h20.51.788,Motor Sequence Learning,,2025.1.1,60.18230423,2025-09-18 19h21.04.288610 +0530
-150,z,70,70,18,z,1,0.4737335,None,,,,,18,70,70,3,504.8371781,,504.8215878,504.8371781,505.8205044,505.8205044,505.8205044,505.8205044,505.8364222,506.3360435,506.3360435,506.82127,,,,,z,1,0.4737335,None,2,1,2025-09-18_19h20.51.788,Motor Sequence Learning,,2025.1.1,60.18230423,2025-09-18 19h21.04.288610 +0530
-150,z,71,71,19,z,1,0.5844577,None,,,,,19,71,71,3,506.8366496,,506.8216567,506.8366496,507.8214022,507.8214022,507.8214022,507.8214022,507.8374862,508.3359203,508.3359203,508.9362337,,,,,z,1,0.5844577,None,2,1,2025-09-18_19h20.51.788,Motor Sequence Learning,,2025.1.1,60.18230423,2025-09-18 19h21.04.288610 +0530
50,c,72,72,14,c,1,0.4748319,None,,,,,14,72,72,2,508.952537,,508.9365323,508.952537,509.9356389,509.9356389,509.9356389,509.9356389,509.9524523,510.4361984,510.4361984,510.9197291,,,,,c,1,0.4748319,None,2,1,2025-09-18_19h20.51.788,Motor Sequence Learning,,2025.1.1,60.18230423,2025-09-18 19h21.04.288610 +0530
50,c,73,73,15,c,1,0.3822803,None,,,,,15,73,73,2,510.9362812,,510.9201436,510.9362812,511.9212403,511.9212403,511.9212403,511.9212403,511.9378117,512.4203647,512.4203647,512.8057593,,,,,c,1,0.3822803,None,2,1,2025-09-18_19h20.51.788,Motor Sequence Learning,,2025.1.1,60.18230423,2025-09-18 19h21.04.288610 +0530
-50,x,74,74,15,x,1,0.3374166,None,,,,,15,74,74,0,512.8207128,,512.806411,512.8207128,513.8212142,513.8212142,513.8212142,513.8212142,513.8212142,514.3206279,514.3206279,514.6724647,,,,,x,1,0.3374166,None,2,1,2025-09-18_19h20.51.788,Motor Sequence Learning,,2025.1.1,60.18230423,2025-09-18 19h21.04.288610 +0530
50,c,75,75,16,c,1,0.3096246,None,,,,,16,75,75,2,514.6883365,,514.6730434,514.6883365,515.6859475,515.6859475,515.6859475,515.6859475,515.7027476,516.185949,516.185949,516.5046867,,,,,c,1,0.3096246,None,2,1,2025-09-18_19h20.51.788,Motor Sequence Learning,,2025.1.1,60.18230423,2025-09-18 19h21.04.288610 +0530
-150,z,76,76,20,z,1,0.3867516,None,,,,,20,76,76,3,516.5205042,,516.5053169,516.5205042,517.5198016,517.5198016,517.5198016,517.5198016,517.5198016,518.0198583,518.0198583,518.4208519,,,,,z,1,0.3867516,None,2,1,2025-09-18_19h20.51.788,Motor Sequence Learning,,2025.1.1,60.18230423,2025-09-18 19h21.04.288610 +0530
150,v,77,77,23,v,1,0.3534476,None,,,,,23,77,77,1,518.4363733,,518.4212806,518.4363733,519.4360492,519.4360492,519.4360492,519.4360492,519.4360492,519.9361826,519.9361826,520.3031341,,,,,v,1,0.3534476,None,2,1,2025-09-18_19h20.51.788,Motor Sequence Learning,,2025.1.1,60.18230423,2025-09-18 19h21.04.288610 +0530
50,c,78,78,17,c,1,0.5415773,None,,,,,17,78,78,2,520.3192451,,520.3034437,520.3192451,521.3026238,521.3026238,521.3026238,521.3026238,521.3192675,521.8027455,521.8027455,522.3529291,,,,,c,1,0.5415773,None,2,1,2025-09-18_19h20.51.788,Motor Sequence Learning,,2025.1.1,60.18230423,2025-09-18 19h21.04.288610 +0530
50,c,79,79,18,c,1,0.3555677,None,,,,,18,79,79,2,522.3691137,,522.3532217,522.3691137,523.3525381,523.3525381,523.3525381,523.3525381,523.3691452,523.8524863,523.8524863,524.219661,,,,,c,1,0.3555677,None,2,1,2025-09-18_19h20.51.788,Motor Sequence Learning,,2025.1.1,60.18230423,2025-09-18 19h21.04.288610 +0530
50,c,80,80,19,c,1,0.5420838,None,,,,,19,80,80,2,524.2358768,,524.2199148,524.2358768,525.2194456,525.2194456,525.2194456,525.2194456,525.2360625,525.7194214,525.7194214,526.2712049,,,,,c,1,0.5420838,None,2,1,2025-09-18_19h20.51.788,Motor Sequence Learning,,2025.1.1,60.18230423,2025-09-18 19h21.04.288610 +0530
50,c,81,81,20,c,1,0.3196425,None,,,,,20,81,81,2,526.2860643,,526.2714727,526.2860643,527.2857668,527.2857668,527.2857668,527.2857668,527.2857668,527.7858442,527.7858442,528.1196004,,,,,c,1,0.3196425,None,2,1,2025-09-18_19h20.51.788,Motor Sequence Learning,,2025.1.1,60.18230423,2025-09-18 19h21.04.288610 +0530
50,c,82,82,21,c,1,0.3789642,None,,,,,21,82,82,2,528.1356967,,528.1198304,528.1356967,529.1190339,529.1190339,529.1190339,529.1190339,529.1357309,529.6192183,529.6192183,530.0032772,,,,,c,1,0.3789642,None,2,1,2025-09-18_19h20.51.788,Motor Sequence Learning,,2025.1.1,60.18230423,2025-09-18 19h21.04.288610 +0530
50,c,83,83,22,c,1,0.3475329,None,,,,,22,83,83,2,530.0188985,,530.0037295,530.0188985,531.0024563,531.0024563,531.0024563,531.0024563,531.0192966,531.502395,531.502395,531.8531476,,,,,c,1,0.3475329,None,2,1,2025-09-18_19h20.51.788,Motor Sequence Learning,,2025.1.1,60.18230423,2025-09-18 19h21.04.288610 +0530
50,c,84,84,23,c,1,0.3579341,None,,,,,23,84,84,2,531.8690322,,531.8534238,531.8690322,532.8522167,532.8522167,532.8522167,532.8522167,532.8688113,533.352268,533.352268,533.7192948,,,,,c,1,0.3579341,None,2,1,2025-09-18_19h20.51.788,Motor Sequence Learning,,2025.1.1,60.18230423,2025-09-18 19h21.04.288610 +0530
-50,x,85,85,16,x,1,0.7146143,None,,,,,16,85,85,0,533.7356289,,533.7195588,533.7356289,534.7187616,534.7187616,534.7187616,534.7187616,534.7357131,535.2189466,535.2189466,535.9363564,,,,,x,1,0.7146143,None,2,1,2025-09-18_19h20.51.788,Motor Sequence Learning,,2025.1.1,60.18230423,2025-09-18 19h21.04.288610 +0530
150,v,86,86,24,v,1,0.349305,None,,,,,24,86,86,1,535.9521334,,535.936827,535.9521334,536.93548,536.93548,536.93548,536.93548,536.951891,537.4354314,537.4354314,537.7860329,,,,,v,1,0.349305,None,2,1,2025-09-18_19h20.51.788,Motor Sequence Learning,,2025.1.1,60.18230423,2025-09-18 19h21.04.288610 +0530
-150,z,87,87,21,z,1,0.4248699,None,,,,,21,87,87,3,537.8021613,,537.7862444,537.8021613,538.7854435,538.7854435,538.7854435,538.7854435,538.8024702,539.2856416,539.2856416,539.7192582,,,,,z,1,0.4248699,None,2,1,2025-09-18_19h20.51.788,Motor Sequence Learning,,2025.1.1,60.18230423,2025-09-18 19h21.04.288610 +0530
-150,z,88,88,22,z,1,0.5471625,None,,,,,22,88,88,3,539.7357367,,539.7196595,539.7357367,540.7189723,540.7189723,540.7189723,540.7189723,540.7355317,541.2189272,541.2189272,541.7699978,,,,,z,1,0.5471625,None,2,1,2025-09-18_19h20.51.788,Motor Sequence Learning,,2025.1.1,60.18230423,2025-09-18 19h21.04.288610 +0530
50,c,89,89,24,c,1,0.3377206,None,,,,,24,89,89,2,541.785571,,541.7703369,541.785571,542.7857416,542.7857416,542.7857416,542.7857416,542.7857416,543.2859459,543.2859459,543.6358563,,,,,c,1,0.3377206,None,2,1,2025-09-18_19h20.51.788,Motor Sequence Learning,,2025.1.1,60.18230423,2025-09-18 19h21.04.288610 +0530
-50,x,90,90,17,x,1,0.3775949,None,,,,,17,90,90,0,543.6522273,,543.6360626,543.6522273,544.6353778,544.6353778,544.6353778,544.6353778,544.6522515,545.1359471,545.1359471,545.5189815,,,,,x,1,0.3775949,None,2,1,2025-09-18_19h20.51.788,Motor Sequence Learning,,2025.1.1,60.18230423,2025-09-18 19h21.04.288610 +0530
150,v,91,91,25,v,1,0.4117697,None,,,,,25,91,91,1,545.5354134,,545.5192868,545.5354134,546.5186525,546.5186525,546.5186525,546.5186525,546.5353062,547.0190136,547.0190136,547.4360779,,,,,v,1,0.4117697,None,2,1,2025-09-18_19h20.51.788,Motor Sequence Learning,,2025.1.1,60.18230423,2025-09-18 19h21.04.288610 +0530
-50,x,92,92,18,x,1,0.4953951,None,,,,,18,92,92,0,547.4519921,,547.4364148,547.4519921,548.4356782,548.4356782,548.4356782,548.4356782,548.4521148,548.9357366,548.9357366,549.4355447,,,,,x,1,0.4953951,None,2,1,2025-09-18_19h20.51.788,Motor Sequence Learning,,2025.1.1,60.18230423,2025-09-18 19h21.04.288610 +0530
-50,x,93,93,19,x,1,0.6153318,None,,,,,19,93,93,0,549.451837,,549.4357639,549.451837,550.4523089,550.4523089,550.4523089,550.4523089,550.4523089,550.9352856,550.9352856,551.5524439,,,,,x,1,0.6153318,None,2,1,2025-09-18_19h20.51.788,Motor Sequence Learning,,2025.1.1,60.18230423,2025-09-18 19h21.04.288610 +0530
-50,x,94,94,20,x,1,0.5792443,None,,,,,20,94,94,0,551.5686643,,551.5526693,551.5686643,552.5520767,552.5520767,552.5520767,552.5520767,552.5687027,553.0518733,553.0518733,553.635444,,,,,x,1,0.5792443,None,2,1,2025-09-18_19h20.51.788,Motor Sequence Learning,,2025.1.1,60.18230423,2025-09-18 19h21.04.288610 +0530
50,c,95,95,25,c,1,0.3657184,None,,,,,25,95,95,2,553.6521159,,553.6356567,553.6521159,554.6356537,554.6356537,554.6356537,554.6356537,554.6518767,555.1354113,555.1354113,555.5024848,,,,,c,1,0.3657184,None,2,1,2025-09-18_19h20.51.788,Motor Sequence Learning,,2025.1.1,60.18230423,2025-09-18 19h21.04.288610 +0530
50,c,96,96,26,c,1,0.4569937,None,,,,,26,96,96,2,555.5186397,,555.5028061,555.5186397,556.5021488,556.5021488,556.5021488,556.5021488,556.5185414,557.0020815,557.0020815,557.4692594,,,,,c,1,0.4569937,None,2,1,2025-09-18_19h20.51.788,Motor Sequence Learning,,2025.1.1,60.18230423,2025-09-18 19h21.04.288610 +0530
-150,z,97,97,23,z,1,0.3295432,None,,,,,23,97,97,3,557.4853577,,557.4697397,557.4853577,558.4853567,558.4853567,558.4853567,558.4853567,558.4853567,558.9687668,558.9687668,559.3023935,,,,,z,1,0.3295432,None,2,1,2025-09-18_19h20.51.788,Motor Sequence Learning,,2025.1.1,60.18230423,2025-09-18 19h21.04.288610 +0530
-50,x,98,98,21,x,1,0.6057354,None,,,,,21,98,98,0,559.3188179,,559.3026181,559.3188179,560.3019873,560.3019873,560.3019873,560.3019873,560.3187121,560.8019689,560.8019689,561.4188384,,,,,x,1,0.6057354,None,2,1,2025-09-18_19h20.51.788,Motor Sequence Learning,,2025.1.1,60.18230423,2025-09-18 19h21.04.288610 +0530
150,v,99,99,26,v,1,0.37976,None,,,,,26,99,99,1,561.4350941,,561.4190483,561.4350941,562.434045,562.434045,562.434045,562.434045,562.4518222,562.9185242,562.9185242,563.3025623,,,,,v,1,0.37976,None,2,1,2025-09-18_19h20.51.788,Motor Sequence Learning,,2025.1.1,60.18230423,2025-09-18 19h21.04.288610 +0530
-50,x,100,100,22,x,1,0.5573814,None,,,,,22,100,100,0,563.3188227,,563.3029252,563.3188227,564.3019504,564.3019504,564.3019504,564.3019504,564.3185833,564.8043147,564.8043147,565.3688099,,,,,x,1,0.5573814,None,2,1,2025-09-18_19h20.51.788,Motor Sequence Learning,,2025.1.1,60.18230423,2025-09-18 19h21.04.288610 +0530
-50,x,101,101,23,x,1,0.3803236,None,,,,,23,101,101,0,565.384957,,565.3691111,565.384957,566.3689373,566.3689373,566.3689373,566.3689373,566.3848442,566.8686076,566.8686076,567.2521167,,,,,x,1,0.3803236,None,2,1,2025-09-18_19h20.51.788,Motor Sequence Learning,,2025.1.1,60.18230423,2025-09-18 19h21.04.288610 +0530
50,c,102,102,27,c,1,0.3521345,None,,,,,27,102,102,2,567.2686385,,567.2523312,567.2686385,568.254887,568.254887,568.254887,568.254887,568.2691645,568.7516784,568.7516784,569.1187115,,,,,c,1,0.3521345,None,2,1,2025-09-18_19h20.51.788,Motor Sequence Learning,,2025.1.1,60.18230423,2025-09-18 19h21.04.288610 +0530
50,c,103,103,28,c,1,0.4570011,None,,,,,28,103,103,2,569.1348335,,569.1189701,569.1348335,570.1185866,570.1185866,570.1185866,570.1185866,570.135411,570.6188202,570.6188202,571.0879197,,,,,c,1,0.4570011,None,2,1,2025-09-18_19h20.51.788,Motor Sequence Learning,,2025.1.1,60.18230423,2025-09-18 19h21.04.288610 +0530
150,v,104,104,27,v,1,0.4596492,None,,,,,27,104,104,1,571.1042343,,571.0882286,571.1042343,572.10152,572.10152,572.10152,572.10152,572.118655,572.6018326,572.6018326,573.0684883,,,,,v,1,0.4596492,None,2,1,2025-09-18_19h20.51.788,Motor Sequence Learning,,2025.1.1,60.18230423,2025-09-18 19h21.04.288610 +0530
-150,z,105,105,24,z,1,0.4548953,None,,,,,24,105,105,3,573.0850348,,573.0687888,573.0850348,574.0683702,574.0683702,574.0683702,574.0683702,574.084941,574.5683226,574.5683226,575.0354679,,,,,z,1,0.4548953,None,2,1,2025-09-18_19h20.51.788,Motor Sequence Learning,,2025.1.1,60.18230423,2025-09-18 19h21.04.288610 +0530
150,v,106,106,28,v,1,0.4698509,None,,,,,28,106,106,1,575.0519049,,575.0356992,575.0519049,576.0352263,576.0352263,576.0352263,576.0352263,576.0517334,576.5355473,576.5355473,577.0188464,,,,,v,1,0.4698509,None,2,1,2025-09-18_19h20.51.788,Motor Sequence Learning,,2025.1.1,60.18230423,2025-09-18 19h21.04.288610 +0530
150,v,107,107,29,v,1,0.4466117,None,,,,,29,107,107,1,577.0352139,,577.0190693,577.0352139,578.0185588,578.0185588,578.0185588,578.0185588,578.0351219,578.5182878,578.5182878,578.968508,,,,,v,1,0.4466117,None,2,1,2025-09-18_19h20.51.788,Motor Sequence Learning,,2025.1.1,60.18230423,2025-09-18 19h21.04.288610 +0530
50,c,108,108,29,c,1,0.3583771,None,,,,,29,108,108,2,578.9848719,,578.9687548,578.9848719,579.9680797,579.9680797,579.9680797,579.9680797,579.9853097,580.4683824,580.4683824,580.835656,,,,,c,1,0.3583771,None,2,1,2025-09-18_19h20.51.788,Motor Sequence Learning,,2025.1.1,60.18230423,2025-09-18 19h21.04.288610 +0530
-50,x,109,109,24,x,1,0.5150402,None,,,,,24,109,109,0,580.8516804,,580.8361685,580.8516804,581.8349811,581.8349811,581.8349811,581.8349811,581.8514979,582.3350869,582.3350869,582.8517657,,,,,x,1,0.5150402,None,2,1,2025-09-18_19h20.51.788,Motor Sequence Learning,,2025.1.1,60.18230423,2025-09-18 19h21.04.288610 +0530
150,v,110,110,30,v,1,0.4237819,None,,,,,30,110,110,1,582.8682331,,582.8519747,582.8682331,583.8516084,583.8516084,583.8516084,583.8516084,583.8680694,584.3515694,584.3515694,584.7852595,,,,,v,1,0.4237819,None,2,1,2025-09-18_19h20.51.788,Motor Sequence Learning,,2025.1.1,60.18230423,2025-09-18 19h21.04.288610 +0530
-150,z,111,111,25,z,1,0.4211735,None,,,,,25,111,111,3,584.8016166,,584.7855712,584.8016166,585.7848262,585.7848262,585.7848262,585.7848262,585.8012336,586.2847127,586.2847127,586.7185262,,,,,z,1,0.4211735,None,2,1,2025-09-18_19h20.51.788,Motor Sequence Learning,,2025.1.1,60.18230423,2025-09-18 19h21.04.288610 +0530
150,v,112,112,31,v,1,0.4882853,None,,,,,31,112,112,1,586.7348244,,586.7187502,586.7348244,587.7182867,587.7182867,587.7182867,587.7182867,587.7348541,588.218261,588.218261,588.7187009,,,,,v,1,0.4882853,None,2,1,2025-09-18_19h20.51.788,Motor Sequence Learning,,2025.1.1,60.18230423,2025-09-18 19h21.04.288610 +0530
150,v,113,113,32,v,1,0.4411072,None,,,,,32,113,113,1,588.7347426,,588.7190568,588.7347426,589.7179462,589.7179462,589.7179462,589.7179462,589.7346761,590.2179618,590.2179618,590.6691005,,,,,v,1,0.4411072,None,2,1,2025-09-18_19h20.51.788,Motor Sequence Learning,,2025.1.1,60.18230423,2025-09-18 19h21.04.288610 +0530
50,c,114,114,30,c,1,0.3988542,None,,,,,30,114,114,2,590.6845715,,590.6694395,590.6845715,591.6847539,591.6847539,591.6847539,591.6847539,591.6847539,592.1848355,592.1848355,592.5860832,,,,,c,1,0.3988542,None,2,1,2025-09-18_19h20.51.788,Motor Sequence Learning,,2025.1.1,60.18230423,2025-09-18 19h21.04.288610 +0530
50,c,115,115,31,c,1,0.4227939,None,,,,,31,115,115,2,592.6014353,,592.5864096,592.6014353,593.6014238,593.6014238,593.6014238,593.6014238,593.6014238,594.1014591,594.1014591,594.5350255,,,,,c,1,0.4227939,None,2,1,2025-09-18_19h20.51.788,Motor Sequence Learning,,2025.1.1,60.18230423,2025-09-18 19h21.04.288610 +0530
-150,z,116,116,26,z,1,0.4202419,None,,,,,26,116,116,3,594.5514513,,594.5353973,594.5514513,595.534663,595.534663,595.534663,595.534663,595.5517727,596.0353492,596.0353492,596.468551,,,,,z,1,0.4202419,None,2,1,2025-09-18_19h20.51.788,Motor Sequence Learning,,2025.1.1,60.18230423,2025-09-18 19h21.04.288610 +0530
-50,x,117,117,25,x,1,0.4223847,None,,,,,25,117,117,0,596.4847028,,596.4688467,596.4847028,597.4678513,597.4678513,597.4678513,597.4678513,597.4844834,597.9678,597.9678,598.4016069,,,,,x,1,0.4223847,None,2,1,2025-09-18_19h20.51.788,Motor Sequence Learning,,2025.1.1,60.18230423,2025-09-18 19h21.04.288610 +0530
-50,x,118,118,26,x,1,0.4982419,None,,,,,26,118,118,0,598.4178685,,598.4019,598.4178685,599.4014157,599.4014157,599.4014157,599.4014157,599.4179219,599.9010784,599.9010784,600.4017367,,,,,x,1,0.4982419,None,2,1,2025-09-18_19h20.51.788,Motor Sequence Learning,,2025.1.1,60.18230423,2025-09-18 19h21.04.288610 +0530
-50,x,119,119,27,x,1,0.5359816,None,,,,,27,119,119,0,600.4180083,,600.4019466,600.4180083,601.403664,601.403664,601.403664,601.403664,601.4185922,601.9012229,601.9012229,602.4517116,,,,,x,1,0.5359816,None,2,1,2025-09-18_19h20.51.788,Motor Sequence Learning,,2025.1.1,60.18230423,2025-09-18 19h21.04.288610 +0530
150,v,120,120,33,v,1,0.3848067,None,,,,,33,120,120,1,602.4678532,,602.4520643,602.4678532,603.4511519,603.4511519,603.4511519,603.4511519,603.4679618,603.9512845,603.9512845,604.3514406,,,,,v,1,0.3848067,None,2,1,2025-09-18_19h20.51.788,Motor Sequence Learning,,2025.1.1,60.18230423,2025-09-18 19h21.04.288610 +0530
-50,x,121,121,28,x,1,0.4251282,None,,,,,28,121,121,0,604.3676275,,604.3518037,604.3676275,605.3512856,605.3512856,605.3512856,605.3512856,605.3678914,605.8520602,605.8520602,606.2851056,,,,,x,1,0.4251282,None,2,1,2025-09-18_19h20.51.788,Motor Sequence Learning,,2025.1.1,60.18230423,2025-09-18 19h21.04.288610 +0530
50,c,122,122,32,c,1,0.2970172,None,,,,,32,122,122,2,606.3012244,,606.2854367,606.3012244,607.2845098,607.2845098,607.2845098,607.2845098,607.3011833,607.7855324,607.7855324,608.0873704,,,,,c,1,0.2970172,None,2,1,2025-09-18_19h20.51.788,Motor Sequence Learning,,2025.1.1,60.18230423,2025-09-18 19h21.04.288610 +0530
50,c,123,123,33,c,1,0.3807087,None,,,,,33,123,123,2,608.1018096,,608.0877813,608.1018096,609.1010606,609.1010606,609.1010606,609.1010606,609.1010606,609.6015957,609.6015957,609.9848174,,,,,c,1,0.3807087,None,2,1,2025-09-18_19h20.51.788,Motor Sequence Learning,,2025.1.1,60.18230423,2025-09-18 19h21.04.288610 +0530
50,c,124,124,34,c,1,0.3678376,None,,,,,34,124,124,2,610.000944,,609.9850399,610.000944,610.9844704,610.9844704,610.9844704,610.9844704,611.0015546,611.4843385,611.4843385,611.8686258,,,,,c,1,0.3678376,None,2,1,2025-09-18_19h20.51.788,Motor Sequence Learning,,2025.1.1,60.18230423,2025-09-18 19h21.04.288610 +0530
150,v,125,125,34,v,1,0.3882858,None,,,,,34,125,125,1,611.8845488,,611.8688737,611.8845488,612.8680252,612.8680252,612.8680252,612.8680252,612.8845511,613.3681047,613.3681047,613.7703473,,,,,v,1,0.3882858,None,2,1,2025-09-18_19h20.51.788,Motor Sequence Learning,,2025.1.1,60.18230423,2025-09-18 19h21.04.288610 +0530
-150,z,126,126,27,z,1,0.440395,None,,,,,27,126,126,3,613.785408,,613.7707801,613.785408,614.7847349,614.7847349,614.7847349,614.7847349,614.7847349,615.2846239,615.2846239,615.7350131,,,,,z,1,0.440395,None,2,1,2025-09-18_19h20.51.788,Motor Sequence Learning,,2025.1.1,60.18230423,2025-09-18 19h21.04.288610 +0530
50,c,127,127,35,c,1,0.4002643,None,,,,,35,127,127,2,615.7509139,,615.7352309,615.7509139,616.7344186,616.7344186,616.7344186,616.7344186,616.7510214,617.2345118,617.2345118,617.6514867,,,,,c,1,0.4002643,None,2,1,2025-09-18_19h20.51.788,Motor Sequence Learning,,2025.1.1,60.18230423,2025-09-18 19h21.04.288610 +0530
50,c,128,128,36,c,1,0.3635902,None,,,,,36,128,128,2,617.6678257,,617.6517782,617.6678257,618.6508379,618.6508379,618.6508379,618.6508379,618.6677405,619.1510963,619.1510963,619.5180706,,,,,c,1,0.3635902,None,2,1,2025-09-18_19h20.51.788,Motor Sequence Learning,,2025.1.1,60.18230423,2025-09-18 19h21.04.288610 +0530
-50,x,129,129,29,x,1,0.359815,None,,,,,29,129,129,0,619.5344989,,619.5183866,619.5344989,620.5174287,620.5174287,620.5174287,620.5174287,620.5341968,621.0176448,621.0176448,621.3845764,,,,,x,1,0.359815,None,2,1,2025-09-18_19h20.51.788,Motor Sequence Learning,,2025.1.1,60.18230423,2025-09-18 19h21.04.288610 +0530
-150,z,130,130,28,x,0,0.4399589,None,,,,,28,130,130,3,621.4010699,,621.3848619,621.4010699,622.3845457,622.3845457,622.3845457,622.3845457,622.4008689,622.8847258,622.8847258,623.334852,,,,,x,0,0.4399589,None,2,1,2025-09-18_19h20.51.788,Motor Sequence Learning,,2025.1.1,60.18230423,2025-09-18 19h21.04.288610 +0530
-150,z,131,131,29,z,1,0.4451901,None,,,,,29,131,131,3,623.3508137,,623.3352007,623.3508137,624.334044,624.334044,624.334044,624.334044,624.3508283,624.8341332,624.8341332,625.2850016,,,,,z,1,0.4451901,None,2,1,2025-09-18_19h20.51.788,Motor Sequence Learning,,2025.1.1,60.18230423,2025-09-18 19h21.04.288610 +0530
50,c,132,132,37,c,1,0.3622696,None,,,,,37,132,132,2,625.301117,,625.2853494,625.301117,626.2842452,626.2842452,626.2842452,626.2842452,626.3006816,626.7843708,626.7843708,627.151259,,,,,c,1,0.3622696,None,2,1,2025-09-18_19h20.51.788,Motor Sequence Learning,,2025.1.1,60.18230423,2025-09-18 19h21.04.288610 +0530
-50,x,133,133,30,x,1,0.4560941,None,,,,,30,133,133,0,627.1673371,,627.1516208,627.1673371,628.1508664,628.1508664,628.1508664,628.1508664,628.1671667,628.6506676,628.6506676,629.1178741,,,,,x,1,0.4560941,None,2,1,2025-09-18_19h20.51.788,Motor Sequence Learning,,2025.1.1,60.18230423,2025-09-18 19h21.04.288610 +0530
50,c,134,134,38,c,1,0.2889637,None,,,,,38,134,134,2,629.1342646,,629.1180895,629.1342646,630.1175026,630.1175026,630.1175026,630.1175026,630.1339272,630.617361,630.617361,630.9176724,,,,,c,1,0.2889637,None,2,1,2025-09-18_19h20.51.788,Motor Sequence Learning,,2025.1.1,60.18230423,2025-09-18 19h21.04.288610 +0530
-150,z,135,135,30,z,1,0.4074064,None,,,,,30,135,135,3,630.9341863,,630.9179365,630.9341863,631.9178598,631.9178598,631.9178598,631.9178598,631.9343772,632.4171631,632.4171631,632.8341703,,,,,z,1,0.4074064,None,2,1,2025-09-18_19h20.51.788,Motor Sequence Learning,,2025.1.1,60.18230423,2025-09-18 19h21.04.288610 +0530
50,c,136,136,39,c,1,0.321219,None,,,,,39,136,136,2,632.8506394,,632.8343956,632.8506394,633.833958,633.833958,633.833958,633.833958,633.8505929,634.3338653,634.3338653,634.6676787,,,,,c,1,0.321219,None,2,1,2025-09-18_19h20.51.788,Motor Sequence Learning,,2025.1.1,60.18230423,2025-09-18 19h21.04.288610 +0530
50,c,137,137,40,c,1,0.6364019,None,,,,,40,137,137,2,634.6841016,,634.6679744,634.6841016,635.6674043,635.6674043,635.6674043,635.6674043,635.6840722,636.1673169,636.1673169,636.8177926,,,,,c,1,0.6364019,None,2,1,2025-09-18_19h20.51.788,Motor Sequence Learning,,2025.1.1,60.18230423,2025-09-18 19h21.04.288610 +0530
150,v,138,138,35,v,1,0.4088626,None,,,,,35,138,138,1,636.8341137,,636.8182349,636.8341137,637.8176819,637.8176819,637.8176819,637.8176819,637.8340141,638.3170673,638.3170673,638.734781,,,,,v,1,0.4088626,None,2,1,2025-09-18_19h20.51.788,Motor Sequence Learning,,2025.1.1,60.18230423,2025-09-18 19h21.04.288610 +0530
150,v,139,139,36,v,1,0.3638677,None,,,,,36,139,139,1,638.7507413,,638.7351179,638.7507413,639.7504094,639.7504094,639.7504094,639.7504094,639.7504094,640.2337941,640.2337941,640.6009348,,,,,v,1,0.3638677,None,2,1,2025-09-18_19h20.51.788,Motor Sequence Learning,,2025.1.1,60.18230423,2025-09-18 19h21.04.288610 +0530
-150,z,140,140,31,z,1,0.4941286,None,,,,,31,140,140,3,640.6173377,,640.6012472,640.6173377,641.6005794,641.6005794,641.6005794,641.6005794,641.6171792,642.1007313,642.1007313,642.6007929,,,,,z,1,0.4941286,None,2,1,2025-09-18_19h20.51.788,Motor Sequence Learning,,2025.1.1,60.18230423,2025-09-18 19h21.04.288610 +0530
-150,z,141,141,32,z,1,0.3831818,None,,,,,32,141,141,3,642.6173008,,642.6010217,642.6173008,643.6005975,643.6005975,643.6005975,643.6005975,643.6173402,644.1006858,644.1006858,644.4847981,,,,,z,1,0.3831818,None,2,1,2025-09-18_19h20.51.788,Motor Sequence Learning,,2025.1.1,60.18230423,2025-09-18 19h21.04.288610 +0530
-50,x,142,142,31,x,1,0.5263733,None,,,,,31,142,142,0,644.5002208,,644.4850474,644.5002208,645.4840688,645.4840688,645.4840688,645.4840688,645.5007706,646.000679,646.000679,646.5339154,,,,,x,1,0.5263733,None,2,1,2025-09-18_19h20.51.788,Motor Sequence Learning,,2025.1.1,60.18230423,2025-09-18 19h21.04.288610 +0530
-150,z,143,143,33,z,1,0.4016581,None,,,,,33,143,143,3,646.5504484,,646.5341606,646.5504484,647.5340315,647.5340315,647.5340315,647.5340315,647.5506544,648.0340213,648.0340213,648.4514953,,,,,z,1,0.4016581,None,2,1,2025-09-18_19h20.51.788,Motor Sequence Learning,,2025.1.1,60.18230423,2025-09-18 19h21.04.288610 +0530
-50,x,144,144,32,x,1,0.4001221,None,,,,,32,144,144,0,648.4672483,,648.4518196,648.4672483,649.4504635,649.4504635,649.4504635,649.4504635,649.4671711,649.966969,649.966969,650.3675455,,,,,x,1,0.4001221,None,2,1,2025-09-18_19h20.51.788,Motor Sequence Learning,,2025.1.1,60.18230423,2025-09-18 19h21.04.288610 +0530
50,c,145,145,41,c,1,0.314089,None,,,,,41,145,145,2,650.3837771,,650.3678654,650.3837771,651.3669607,651.3669607,651.3669607,651.3669607,651.3838134,651.8682088,651.8682088,652.1860471,,,,,c,1,0.314089,None,2,1,2025-09-18_19h20.51.788,Motor Sequence Learning,,2025.1.1,60.18230423,2025-09-18 19h21.04.288610 +0530
-50,x,146,146,33,x,1,0.3806026,None,,,,,33,146,146,0,652.2017896,,652.1864667,652.2017896,653.2020047,653.2020047,653.2020047,653.2020047,653.2020047,653.7019077,653.7019077,654.0855162,,,,,x,1,0.3806026,None,2,1,2025-09-18_19h20.51.788,Motor Sequence Learning,,2025.1.1,60.18230423,2025-09-18 19h21.04.288610 +0530
150,v,147,147,37,v,1,0.4518541,None,,,,,37,147,147,1,654.1014111,,654.0859428,654.1014111,655.0856992,655.0856992,655.0856992,655.0856992,655.1026417,655.6001697,655.6001697,656.0528174,,,,,v,1,0.4518541,None,2,1,2025-09-18_19h20.51.788,Motor Sequence Learning,,2025.1.1,60.18230423,2025-09-18 19h21.04.288610 +0530
-50,x,148,148,34,x,1,0.3956641,None,,,,,34,148,148,0,656.0681503,,656.0534593,656.0681503,657.0670246,657.0670246,657.0670246,657.0670246,657.0670246,657.5678745,657.5678745,657.968147,,,,,x,1,0.3956641,None,2,1,2025-09-18_19h20.51.788,Motor Sequence Learning,,2025.1.1,60.18230423,2025-09-18 19h21.04.288610 +0530
-150,z,149,149,34,z,1,0.4019758,None,,,,,34,149,149,3,657.9849502,,657.9685739,657.9849502,658.9681618,658.9681618,658.9681618,658.9681618,658.9850898,659.4672921,659.4672921,659.8849263,,,,,z,1,0.4019758,None,2,1,2025-09-18_19h20.51.788,Motor Sequence Learning,,2025.1.1,60.18230423,2025-09-18 19h21.04.288610 +0530
150,v,150,150,38,v,1,0.4092867,None,,,,,38,150,150,1,659.9016135,,659.885442,659.9016135,660.8849236,660.8849236,660.8849236,660.8849236,660.901084,661.3845238,661.3845238,661.8011892,,,,,v,1,0.4092867,None,2,1,2025-09-18_19h20.51.788,Motor Sequence Learning,,2025.1.1,60.18230423,2025-09-18 19h21.04.288610 +0530
150,v,151,151,39,v,1,0.4641021,None,,,,,39,151,151,1,661.8185185,,661.8015957,661.8185185,662.8028087,662.8028087,662.8028087,662.8028087,662.8184038,663.3029901,663.3029901,663.7711457,,,,,v,1,0.4641021,None,2,1,2025-09-18_19h20.51.788,Motor Sequence Learning,,2025.1.1,60.18230423,2025-09-18 19h21.04.288610 +0530
150,v,152,152,40,v,1,0.4617292,None,,,,,40,152,152,1,663.7859328,,663.7719707,663.7859328,664.785904,664.785904,664.785904,664.785904,664.785904,665.2862566,665.2862566,665.7534628,,,,,v,1,0.4617292,None,2,1,2025-09-18_19h20.51.788,Motor Sequence Learning,,2025.1.1,60.18230423,2025-09-18 19h21.04.288610 +0530
150,v,153,153,41,v,1,0.4305041,None,,,,,41,153,153,1,665.7693382,,665.7541131,665.7693382,666.7520302,666.7520302,666.7520302,666.7520302,666.7697025,667.2687158,667.2687158,667.702195,,,,,v,1,0.4305041,None,2,1,2025-09-18_19h20.51.788,Motor Sequence Learning,,2025.1.1,60.18230423,2025-09-18 19h21.04.288610 +0530
-50,x,154,154,35,x,1,0.3653946,None,,,,,35,154,154,0,667.7178623,,667.7026485,667.7178623,668.7028457,668.7028457,668.7028457,668.7028457,668.7193339,669.2021034,669.2021034,669.5703782,,,,,x,1,0.3653946,None,2,1,2025-09-18_19h20.51.788,Motor Sequence Learning,,2025.1.1,60.18230423,2025-09-18 19h21.04.288610 +0530
50,c,155,155,42,c,1,0.3540819,None,,,,,42,155,155,2,669.5858206,,669.5709492,669.5858206,670.5675677,670.5675677,670.5675677,670.5675677,670.6021136,671.0696628,671.0696628,671.4344746,,,,,c,1,0.3540819,None,2,1,2025-09-18_19h20.51.788,Motor Sequence Learning,,2025.1.1,60.18230423,2025-09-18 19h21.04.288610 +0530
150,v,156,156,42,v,1,0.4483295,None,,,,,42,156,156,1,671.450721,,671.4349275,671.450721,672.4352376,672.4352376,672.4352376,672.4352376,672.4531566,672.9349371,672.9349371,673.3863437,,,,,v,1,0.4483295,None,2,1,2025-09-18_19h20.51.788,Motor Sequence Learning,,2025.1.1,60.18230423,2025-09-18 19h21.04.288610 +0530
-150,z,157,157,35,z,1,0.4236442,None,,,,,35,157,157,3,673.4021449,,673.386996,673.4021449,674.4018322,674.4018322,674.4018322,674.4018322,674.4018322,674.9010829,674.9010829,675.335118,,,,,z,1,0.4236442,None,2,1,2025-09-18_19h20.51.788,Motor Sequence Learning,,2025.1.1,60.18230423,2025-09-18 19h21.04.288610 +0530
-50,x,158,158,36,x,1,0.3556391,None,,,,,36,158,158,0,675.3513239,,675.3355051,675.3513239,676.3346683,676.3346683,676.3346683,676.3346683,676.3515333,676.8351651,676.8351651,677.2034905,,,,,x,1,0.3556391,None,2,1,2025-09-18_19h20.51.788,Motor Sequence Learning,,2025.1.1,60.18230423,2025-09-18 19h21.04.288610 +0530
-150,z,159,159,36,z,1,0.3988925,None,,,,,36,159,159,3,677.2187365,,677.2040042,677.2187365,678.2190822,678.2190822,678.2190822,678.2190822,678.2190822,678.7184227,678.7184227,679.1199134,,,,,z,1,0.3988925,None,2,1,2025-09-18_19h20.51.788,Motor Sequence Learning,,2025.1.1,60.18230423,2025-09-18 19h21.04.288610 +0530
150,v,160,160,43,v,1,0.4251352,None,,,,,43,160,160,1,679.1354905,,679.1204614,679.1354905,680.1342764,680.1342764,680.1342764,680.1342764,680.1342764,680.6344567,680.6344567,681.0694494,,,,,v,1,0.4251352,None,2,1,2025-09-18_19h20.51.788,Motor Sequence Learning,,2025.1.1,60.18230423,2025-09-18 19h21.04.288610 +0530
-50,x,161,161,37,x,1,0.4357663,None,,,,,37,161,161,0,681.0863539,,681.0700388,681.0863539,682.0673152,682.0673152,682.0673152,682.0673152,682.1005021,682.5831608,682.5831608,683.0348664,,,,,x,1,0.4357663,None,2,1,2025-09-18_19h20.51.788,Motor Sequence Learning,,2025.1.1,60.18230423,2025-09-18 19h21.04.288610 +0530
-50,x,162,162,38,x,1,0.3967298,None,,,,,38,162,162,0,683.0510413,,683.0352823,683.0510413,684.0350413,684.0350413,684.0350413,684.0350413,684.0517923,684.5350621,684.5350621,684.9351185,,,,,x,1,0.3967298,None,2,1,2025-09-18_19h20.51.788,Motor Sequence Learning,,2025.1.1,60.18230423,2025-09-18 19h21.04.288610 +0530
-150,z,163,163,37,z,1,0.4469108,None,,,,,37,163,163,3,684.9511401,,684.935436,684.9511401,685.9340882,685.9340882,685.9340882,685.9340882,685.9525386,686.4346728,686.4346728,686.885765,,,,,z,1,0.4469108,None,2,1,2025-09-18_19h20.51.788,Motor Sequence Learning,,2025.1.1,60.18230423,2025-09-18 19h21.04.288610 +0530
150,v,164,164,44,v,1,0.3848224,None,,,,,44,164,164,1,686.9015726,,686.8861465,686.9015726,687.9008534,687.9008534,687.9008534,687.9008534,687.9008534,688.4011196,688.4011196,688.8042745,,,,,v,1,0.3848224,None,2,1,2025-09-18_19h20.51.788,Motor Sequence Learning,,2025.1.1,60.18230423,2025-09-18 19h21.04.288610 +0530
-150,z,165,165,38,z,1,0.4678823,None,,,,,38,165,165,3,688.8178372,,688.804775,688.8178372,689.8176949,689.8176949,689.8176949,689.8176949,689.8176949,690.3176104,690.3176104,690.8014416,,,,,z,1,0.4678823,None,2,1,2025-09-18_19h20.51.788,Motor Sequence Learning,,2025.1.1,60.18230423,2025-09-18 19h21.04.288610 +0530
-150,z,166,166,39,z,1,0.5038123,None,,,,,39,166,166,3,690.8171802,,690.801936,690.8171802,691.8181664,691.8181664,691.8181664,691.8181664,691.8181664,692.3013527,692.3013527,692.8198781,,,,,z,1,0.5038123,None,2,1,2025-09-18_19h20.51.788,Motor Sequence Learning,,2025.1.1,60.18230423,2025-09-18 19h21.04.288610 +0530
150,v,167,167,45,v,1,0.4123003,None,,,,,45,167,167,1,692.8342801,,692.8204622,692.8342801,693.8337121,693.8337121,693.8337121,693.8337121,693.8337121,694.335397,694.335397,694.7503811,,,,,v,1,0.4123003,None,2,1,2025-09-18_19h20.51.788,Motor Sequence Learning,,2025.1.1,60.18230423,2025-09-18 19h21.04.288610 +0530
-50,x,168,168,39,x,1,0.3008459,None,,,,,39,168,168,0,694.7663794,,694.7506593,694.7663794,695.7516395,695.7516395,695.7516395,695.7516395,695.7684154,696.2513291,696.2513291,696.5528622,,,,,x,1,0.3008459,None,2,1,2025-09-18_19h20.51.788,Motor Sequence Learning,,2025.1.1,60.18230423,2025-09-18 19h21.04.288610 +0530
-50,x,169,169,40,x,1,0.4986733,None,,,,,40,169,169,0,696.568147,,696.553442,696.568147,697.5681553,697.5681553,697.5681553,697.5681553,697.5681553,698.0663069,698.0663069,698.5677618,,,,,x,1,0.4986733,None,2,1,2025-09-18_19h20.51.788,Motor Sequence Learning,,2025.1.1,60.18230423,2025-09-18 19h21.04.288610 +0530
50,c,170,170,43,c,1,0.4729716,None,,,,,43,170,170,2,698.5839404,,698.5681535,698.5839404,699.5677315,699.5677315,699.5677315,699.5677315,699.5857097,700.0682015,700.0682015,700.5520012,,,,,c,1,0.4729716,None,2,1,2025-09-18_19h20.51.788,Motor Sequence Learning,,2025.1.1,60.18230423,2025-09-18 19h21.04.288610 +0530
-50,x,171,171,41,x,1,0.6468519,None,,,,,41,171,171,0,700.567273,,700.5525087,700.567273,701.5511395,701.5511395,701.5511395,701.5511395,701.567789,702.0518562,702.0518562,702.7017685,,,,,x,1,0.6468519,None,2,1,2025-09-18_19h20.51.788,Motor Sequence Learning,,2025.1.1,60.18230423,2025-09-18 19h21.04.288610 +0530
-150,z,172,172,40,z,1,0.4770708,None,,,,,40,172,172,3,702.7174336,,702.7022262,702.7174336,703.7173365,703.7173365,703.7173365,703.7173365,703.7173365,704.2011419,704.2011419,704.6850694,,,,,z,1,0.4770708,None,2,1,2025-09-18_19h20.51.788,Motor Sequence Learning,,2025.1.1,60.18230423,2025-09-18 19h21.04.288610 +0530
150,v,173,173,46,v,1,0.3431609,None,,,,,46,173,173,1,704.7001738,,704.6855062,704.7001738,705.7005724,705.7005724,705.7005724,705.7005724,705.7005724,706.2012859,706.2012859,706.550853,,,,,v,1,0.3431609,None,2,1,2025-09-18_19h20.51.788,Motor Sequence Learning,,2025.1.1,60.18230423,2025-09-18 19h21.04.288610 +0530
-50,x,174,174,42,x,1,0.3274659,None,,,,,42,174,174,0,706.5665793,,706.5513437,706.5665793,707.5510736,707.5510736,707.5510736,707.5510736,707.5671172,708.0519226,708.0519226,708.3856427,,,,,x,1,0.3274659,None,2,1,2025-09-18_19h20.51.788,Motor Sequence Learning,,2025.1.1,60.18230423,2025-09-18 19h21.04.288610 +0530
150,v,175,175,47,v,1,0.3856328,None,,,,,47,175,175,1,708.4017705,,708.3862175,708.4017705,709.3846303,709.3846303,709.3846303,709.3846303,709.4019737,709.8856828,709.8856828,710.2856343,,,,,v,1,0.3856328,None,2,1,2025-09-18_19h20.51.788,Motor Sequence Learning,,2025.1.1,60.18230423,2025-09-18 19h21.04.288610 +0530
-150,z,176,176,41,z,1,0.4331928,None,,,,,41,176,176,3,710.301557,,710.2862384,710.301557,711.2997841,711.2997841,711.2997841,711.2997841,711.316639,711.7845488,711.7845488,712.2345216,,,,,z,1,0.4331928,None,2,1,2025-09-18_19h20.51.788,Motor Sequence Learning,,2025.1.1,60.18230423,2025-09-18 19h21.04.288610 +0530
-50,x,177,177,43,x,1,0.5609517,None,,,,,43,177,177,0,712.2506131,,712.2349294,712.2506131,713.2338762,713.2338762,713.2338762,713.2338762,713.2519756,713.7343032,713.7343032,714.3005568,,,,,x,1,0.5609517,None,2,1,2025-09-18_19h20.51.788,Motor Sequence Learning,,2025.1.1,60.18230423,2025-09-18 19h21.04.288610 +0530
-150,z,178,178,42,z,1,0.4728197,None,,,,,42,178,178,3,714.3173673,,714.3011292,714.3173673,715.3165041,715.3165041,715.3165041,715.3165041,715.332829,715.8012939,715.8012939,716.2839024,,,,,z,1,0.4728197,None,2,1,2025-09-18_19h20.51.788,Motor Sequence Learning,,2025.1.1,60.18230423,2025-09-18 19h21.04.288610 +0530
50,c,179,179,44,c,1,0.3488808,None,,,,,44,179,179,2,716.299752,,716.2843003,716.299752,717.2830889,717.2830889,717.2830889,717.2830889,717.2995586,717.7845046,717.7845046,718.1348557,,,,,c,1,0.3488808,None,2,1,2025-09-18_19h20.51.788,Motor Sequence Learning,,2025.1.1,60.18230423,2025-09-18 19h21.04.288610 +0530
-150,z,180,180,43,z,1,0.4543562,None,,,,,43,180,180,3,718.1503211,,718.1353579,718.1503211,719.1506329,719.1506329,719.1506329,719.1506329,719.1670036,719.6490641,719.6490641,720.1167112,,,,,z,1,0.4543562,None,2,1,2025-09-18_19h20.51.788,Motor Sequence Learning,,2025.1.1,60.18230423,2025-09-18 19h21.04.288610 +0530
-150,z,181,181,44,z,1,0.6192414,None,,,,,44,181,181,3,720.132622,,720.1169972,720.132622,721.1180557,721.1180557,721.1180557,721.1180557,721.1334402,721.6325079,721.6325079,722.2659924,,,,,z,1,0.6192414,None,2,1,2025-09-18_19h20.51.788,Motor Sequence Learning,,2025.1.1,60.18230423,2025-09-18 19h21.04.288610 +0530
150,v,182,182,48,v,1,0.5462924,None,,,,,48,182,182,1,722.2822195,,722.2662762,722.2822195,723.2658639,723.2658639,723.2658639,723.2658639,723.2822849,723.7672925,723.7672925,724.3189327,,,,,v,1,0.5462924,None,2,1,2025-09-18_19h20.51.788,Motor Sequence Learning,,2025.1.1,60.18230423,2025-09-18 19h21.04.288610 +0530
-50,x,183,183,44,x,1,0.4724301,None,,,,,44,183,183,0,724.3332883,,724.3195692,724.3332883,725.3339218,725.3339218,725.3339218,725.3339218,725.3339218,725.8331713,725.8331713,726.3177159,,,,,x,1,0.4724301,None,2,1,2025-09-18_19h20.51.788,Motor Sequence Learning,,2025.1.1,60.18230423,2025-09-18 19h21.04.288610 +0530
150,v,184,184,49,v,1,0.3552711,None,,,,,49,184,184,1,726.333183,,726.3181362,726.333183,727.3171579,727.3171579,727.3171579,727.3171579,727.3342544,727.8325278,727.8325278,728.2026318,,,,,v,1,0.3552711,None,2,1,2025-09-18_19h20.51.788,Motor Sequence Learning,,2025.1.1,60.18230423,2025-09-18 19h21.04.288610 +0530
-150,z,185,185,45,z,1,0.4664658,None,,,,,45,185,185,3,728.2202231,,728.2029205,728.2202231,729.2169809,729.2169809,729.2169809,729.2169809,729.2351857,729.700909,729.700909,730.1841983,,,,,z,1,0.4664658,None,2,1,2025-09-18_19h20.51.788,Motor Sequence Learning,,2025.1.1,60.18230423,2025-09-18 19h21.04.288610 +0530
50,c,186,186,45,v,0,0.351919,None,,,,,45,186,186,2,730.2024425,,730.1846693,730.2024425,731.1842197,731.1842197,731.1842197,731.1842197,731.2191455,731.6835894,731.6835894,732.0512234,,,,,v,0,0.351919,None,2,1,2025-09-18_19h20.51.788,Motor Sequence Learning,,2025.1.1,60.18230423,2025-09-18 19h21.04.288610 +0530
-150,z,187,187,46,z,1,0.6541939,None,,,,,46,187,187,3,732.0669742,,732.0518442,732.0669742,733.0521738,733.0521738,733.0521738,733.0521738,733.0686755,733.5513402,733.5513402,734.2174315,,,,,z,1,0.6541939,None,2,1,2025-09-18_19h20.51.788,Motor Sequence Learning,,2025.1.1,60.18230423,2025-09-18 19h21.04.288610 +0530
-50,x,188,188,45,x,1,0.4133313,None,,,,,45,188,188,0,734.2331951,,734.2179049,734.2331951,735.2173851,735.2173851,735.2173851,735.2173851,735.2339242,735.717887,735.717887,736.1344664,,,,,x,1,0.4133313,None,2,1,2025-09-18_19h20.51.788,Motor Sequence Learning,,2025.1.1,60.18230423,2025-09-18 19h21.04.288610 +0530
50,c,189,189,46,c,1,0.7728103,None,,,,,46,189,189,2,736.1512937,,736.1350414,736.1512937,737.1513353,737.1513353,737.1513353,737.1513353,737.1513353,737.6344196,737.6344196,738.4173477,,,,,c,1,0.7728103,None,2,1,2025-09-18_19h20.51.788,Motor Sequence Learning,,2025.1.1,60.18230423,2025-09-18 19h21.04.288610 +0530
50,c,190,190,47,c,1,0.6428216,None,,,,,47,190,190,2,738.4336515,,738.4178477,738.4336515,739.4181611,739.4181611,739.4181611,739.4181611,739.4344472,739.9181278,739.9181278,740.5672016,,,,,c,1,0.6428216,None,2,1,2025-09-18_19h20.51.788,Motor Sequence Learning,,2025.1.1,60.18230423,2025-09-18 19h21.04.288610 +0530
-50,x,191,191,46,x,1,0.3450321,None,,,,,46,191,191,0,740.5844778,,740.5677004,740.5844778,741.5677325,741.5677325,741.5677325,741.5677325,741.5835776,742.0675449,742.0675449,742.4179349,,,,,x,1,0.3450321,None,2,1,2025-09-18_19h20.51.788,Motor Sequence Learning,,2025.1.1,60.18230423,2025-09-18 19h21.04.288610 +0530
-50,x,192,192,47,x,1,0.4046462,None,,,,,47,192,192,0,742.4347902,,742.4184187,742.4347902,743.4326517,743.4326517,743.4326517,743.4326517,743.4516135,743.93361,743.93361,744.3508439,,,,,x,1,0.4046462,None,2,1,2025-09-18_19h20.51.788,Motor Sequence Learning,,2025.1.1,60.18230423,2025-09-18 19h21.04.288610 +0530
-150,z,193,193,47,z,1,0.4522674,None,,,,,47,193,193,3,744.3668963,,744.3513999,744.3668963,745.3499631,745.3499631,745.3499631,745.3499631,745.367001,745.8507323,745.8507323,746.3180514,,,,,z,1,0.4522674,None,2,1,2025-09-18_19h20.51.788,Motor Sequence Learning,,2025.1.1,60.18230423,2025-09-18 19h21.04.288610 +0530
50,c,194,194,48,c,1,0.6529753,None,,,,,48,194,194,2,746.3348437,,746.3185622,746.3348437,747.3334467,747.3334467,747.3334467,747.3334467,747.3503438,747.8329013,747.8329013,748.486493,,,,,c,1,0.6529753,None,2,1,2025-09-18_19h20.51.788,Motor Sequence Learning,,2025.1.1,60.18230423,2025-09-18 19h21.04.288610 +0530
-50,x,195,195,48,x,1,0.3633269,None,,,,,48,195,195,0,748.5000083,,748.4869405,748.5000083,749.4995715,749.4995715,749.4995715,749.4995715,749.4995715,749.9998012,749.9998012,750.3677955,,,,,x,1,0.3633269,None,2,1,2025-09-18_19h20.51.788,Motor Sequence Learning,,2025.1.1,60.18230423,2025-09-18 19h21.04.288610 +0530
-150,z,196,196,48,z,1,0.4083963,None,,,,,48,196,196,3,750.3835265,,750.3682958,750.3835265,751.3820484,751.3820484,751.3820484,751.3820484,751.4020681,751.8664928,751.8664928,752.2854255,,,,,z,1,0.4083963,None,2,1,2025-09-18_19h20.51.788,Motor Sequence Learning,,2025.1.1,60.18230423,2025-09-18 19h21.04.288610 +0530
50,c,197,197,49,c,1,0.4907124,None,,,,,49,197,197,2,752.3009977,,752.2859001,752.3009977,753.2984427,753.2984427,753.2984427,753.2984427,753.3153909,753.7988047,753.7988047,754.2990731,,,,,c,1,0.4907124,None,2,1,2025-09-18_19h20.51.788,Motor Sequence Learning,,2025.1.1,60.18230423,2025-09-18 19h21.04.288610 +0530
-50,x,198,198,49,x,1,0.3308376,None,,,,,49,198,198,0,754.3151181,,754.2993407,754.3151181,755.299191,755.299191,755.299191,755.299191,755.315667,755.7997684,755.7997684,756.1343588,,,,,x,1,0.3308376,None,2,1,2025-09-18_19h20.51.788,Motor Sequence Learning,,2025.1.1,60.18230423,2025-09-18 19h21.04.288610 +0530
-150,z,199,199,49,z,1,0.4387195,None,,,,,49,199,199,3,756.150304,,756.1349171,756.150304,757.1508005,757.1508005,757.1508005,757.1508005,757.1674607,757.6508995,757.6508995,758.0998017,,,,,z,1,0.4387195,None,2,1,2025-09-18_19h20.51.788,Motor Sequence Learning,,2025.1.1,60.18230423,2025-09-18 19h21.04.288610 +0530
