pos,corr_resp,thisN,thisTrialN,thisRepN,key_resp.keys,key_resp.corr,key_resp.rt,key_resp.duration,trials.thisRepN,trials.thisTrialN,trials.thisN,trials.thisIndex,trials_2.thisRepN,trials_2.thisTrialN,trials_2.thisN,trials_2.thisIndex,thisRow.t,notes,trial.started,Fixation.started,line1.started,line2.started,line3.started,line4.started,Fixation.stopped,probe.started,key_resp.started,trial.stopped,trials.key_resp.keys,trials.key_resp.corr,trials.key_resp.rt,trials.key_resp.duration,trials_2.key_resp.keys,trials_2.key_resp.corr,trials_2.key_resp.rt,trials_2.key_resp.duration,participant,session,date,expName,expVersion,psychopyVersion,frameRate,expStart,
-50,x,0,0,0,x,1,1.1128051000123378,None,0,0,0,0,,,,,0.03355520000332035,,0.02102559999912046,0.03355520000332035,1.0012530999956653,1.0012530999956653,1.0012530999956653,1.0012530999956653,1.0345797000045422,1.5013870999973733,1.5013870999973733,2.6202803000051063,x,1,1.1128051000123378,None,,,,,003,001,2025-09-18_21h56.44.917,Motor Sequence Learning,,2025.1.1,59.655691212536524,2025-09-18 21h56.52.669027 +0530,
150,v,1,1,0,v,1,0.8123156999936327,None,0,1,1,1,,,,,2.634086100006243,,2.6206103999866173,2.634086100006243,3.634425600001123,3.634425600001123,3.634425600001123,3.634425600001123,3.634425600001123,4.1338443999993615,4.1338443999993615,4.950534800009336,v,1,0.8123156999936327,None,,,,,003,001,2025-09-18_21h56.44.917,Motor Sequence Learning,,2025.1.1,59.655691212536524,2025-09-18 21h56.52.669027 +0530,
50,c,2,2,0,c,1,0.8849666999885812,None,0,2,2,2,,,,,4.96702730000834,,4.950808599998709,4.96702730000834,5.951513100008015,5.951513100008015,5.951513100008015,5.951513100008015,5.968804700009059,6.4520348999940325,6.4520348999940325,7.350304799998412,c,1,0.8849666999885812,None,,,,,003,001,2025-09-18_21h56.44.917,Motor Sequence Learning,,2025.1.1,59.655691212536524,2025-09-18 21h56.52.669027 +0530,
-150,z,3,3,0,z,1,0.4992682999873068,None,0,3,3,3,,,,,7.367333200003486,,7.3505144999944605,7.367333200003486,8.351961999986088,8.351961999986088,8.351961999986088,8.351961999986088,8.36891660001129,8.851370099990163,8.851370099990163,9.35184489999665,z,1,0.4992682999873068,None,,,,,003,001,2025-09-18_21h56.44.917,Motor Sequence Learning,,2025.1.1,59.655691212536524,2025-09-18 21h56.52.669027 +0530,
-50,x,4,0,1,x,1,0.42851140000857413,None,1,0,4,0,,,,,9.368092699995032,,9.352493099984713,9.368092699995032,10.351978599996073,10.351978599996073,10.351978599996073,10.351978599996073,10.368619399989257,10.853117199992994,10.853117199992994,11.284789800003637,x,1,0.42851140000857413,None,,,,,003,001,2025-09-18_21h56.44.917,Motor Sequence Learning,,2025.1.1,59.655691212536524,2025-09-18 21h56.52.669027 +0530,
150,v,5,1,1,v,1,0.39695470000151545,None,1,1,5,1,,,,,11.300758800003678,,11.285221900005126,11.300758800003678,12.284986399987247,12.284986399987247,12.284986399987247,12.284986399987247,12.30193600000348,12.784790200006682,12.784790200006682,13.186419800011208,v,1,0.39695470000151545,None,,,,,003,001,2025-09-18_21h56.44.917,Motor Sequence Learning,,2025.1.1,59.655691212536524,2025-09-18 21h56.52.669027 +0530,
50,c,6,2,1,c,1,0.763003200001549,None,1,2,6,2,,,,,13.20083240000531,,13.186967599991476,13.20083240000531,14.201552699989406,14.201552699989406,14.201552699989406,14.201552699989406,14.201552699989406,14.701697999989847,14.701697999989847,15.469272699992871,c,1,0.763003200001549,None,,,,,003,001,2025-09-18_21h56.44.917,Motor Sequence Learning,,2025.1.1,59.655691212536524,2025-09-18 21h56.52.669027 +0530,
-150,z,7,3,1,z,1,0.5383924999914598,None,1,3,7,3,,,,,15.484330300008878,,15.469938499998534,15.484330300008878,16.485417499992764,16.485417499992764,16.485417499992764,16.485417499992764,16.485417499992764,16.968587499985006,16.968587499985006,17.518311799998628,z,1,0.5383924999914598,None,,,,,003,001,2025-09-18_21h56.44.917,Motor Sequence Learning,,2025.1.1,59.655691212536524,2025-09-18 21h56.52.669027 +0530,
-50,x,8,0,2,x,1,0.6689941999793518,None,2,0,8,0,,,,,17.534337599994615,,17.518749400012894,17.534337599994615,18.518181299994467,18.518181299994467,18.518181299994467,18.518181299994467,18.535101199988276,19.01896710001165,19.01896710001165,19.70242019998841,x,1,0.6689941999793518,None,,,,,003,001,2025-09-18_21h56.44.917,Motor Sequence Learning,,2025.1.1,59.655691212536524,2025-09-18 21h56.52.669027 +0530,
150,v,9,1,2,v,1,0.5288542000052985,None,2,1,9,1,,,,,19.71769459999632,,19.70300720000523,19.71769459999632,20.701858799991896,20.701858799991896,20.701858799991896,20.701858799991896,20.718491400009952,21.202516799996374,21.202516799996374,21.7361196000129,v,1,0.5288542000052985,None,,,,,003,001,2025-09-18_21h56.44.917,Motor Sequence Learning,,2025.1.1,59.655691212536524,2025-09-18 21h56.52.669027 +0530,
50,c,10,2,2,c,1,0.726180600002408,None,2,2,10,2,,,,,21.750872100004926,,21.736783400003333,21.750872100004926,22.734361499984516,22.734361499984516,22.734361499984516,22.734361499984516,22.751996400009375,23.251195099990582,23.251195099990582,23.985443599987775,c,1,0.726180600002408,None,,,,,003,001,2025-09-18_21h56.44.917,Motor Sequence Learning,,2025.1.1,59.655691212536524,2025-09-18 21h56.52.669027 +0530,
-150,z,11,3,2,z,1,0.5695628999965265,None,2,3,11,3,,,,,24.000929800007725,,23.986004000005778,24.000929800007725,25.00204429999576,25.00204429999576,25.00204429999576,25.00204429999576,25.00204429999576,25.484377599990694,25.484377599990694,26.069536199996946,z,1,0.5695628999965265,None,,,,,003,001,2025-09-18_21h56.44.917,Motor Sequence Learning,,2025.1.1,59.655691212536524,2025-09-18 21h56.52.669027 +0530,
-50,x,12,0,3,x,1,0.5806924999924377,None,3,0,12,0,,,,,26.085275499994168,,26.070171400002437,26.085275499994168,27.08454919999349,27.08454919999349,27.08454919999349,27.08454919999349,27.10030170000391,27.58519559999695,27.58519559999695,28.169485899998108,x,1,0.5806924999924377,None,,,,,003,001,2025-09-18_21h56.44.917,Motor Sequence Learning,,2025.1.1,59.655691212536524,2025-09-18 21h56.52.669027 +0530,
150,v,13,1,3,v,1,0.5091671999834944,None,3,1,13,1,,,,,28.183924199984176,,28.17010729998583,28.183924199984176,29.185582000005525,29.185582000005525,29.185582000005525,29.185582000005525,29.185582000005525,29.68520000000717,29.68520000000717,30.202885900012916,v,1,0.5091671999834944,None,,,,,003,001,2025-09-18_21h56.44.917,Motor Sequence Learning,,2025.1.1,59.655691212536524,2025-09-18 21h56.52.669027 +0530,
50,c,14,2,3,c,1,0.716279799991753,None,3,2,14,2,,,,,30.217270799999824,,30.20341320001171,30.217270799999824,31.21831639998709,31.21831639998709,31.21831639998709,31.21831639998709,31.21831639998709,31.717731000011554,31.717731000011554,32.43713559999014,c,1,0.716279799991753,None,,,,,003,001,2025-09-18_21h56.44.917,Motor Sequence Learning,,2025.1.1,59.655691212536524,2025-09-18 21h56.52.669027 +0530,
-150,z,15,3,3,z,1,0.6157815000042319,None,3,3,15,3,,,,,32.45027649999247,,32.43768259999342,32.45027649999247,33.451834999985294,33.451834999985294,33.451834999985294,33.451834999985294,33.451834999985294,33.95149440001114,33.95149440001114,34.569790200010175,z,1,0.6157815000042319,None,,,,,003,001,2025-09-18_21h56.44.917,Motor Sequence Learning,,2025.1.1,59.655691212536524,2025-09-18 21h56.52.669027 +0530,
-50,x,16,0,4,x,1,0.5492855999909807,None,4,0,16,0,,,,,34.583479900000384,,34.570873399992706,34.583479900000384,35.58493310000631,35.58493310000631,35.58493310000631,35.58493310000631,35.58493310000631,36.085765099996934,36.085765099996934,36.63622799998848,x,1,0.5492855999909807,None,,,,,003,001,2025-09-18_21h56.44.917,Motor Sequence Learning,,2025.1.1,59.655691212536524,2025-09-18 21h56.52.669027 +0530,
150,v,17,1,4,v,1,0.40168810001341626,None,4,1,17,1,,,,,36.65162399999099,,36.636857000004966,36.65162399999099,37.65067609999096,37.65067609999096,37.65067609999096,37.65067609999096,37.65067609999096,38.15176659999997,38.15176659999997,38.56840109999757,v,1,0.40168810001341626,None,,,,,003,001,2025-09-18_21h56.44.917,Motor Sequence Learning,,2025.1.1,59.655691212536524,2025-09-18 21h56.52.669027 +0530,
50,c,18,2,4,x,0,0.5387710000213701,None,4,2,18,2,,,,,38.58445299998857,,38.56891169998562,38.58445299998857,39.56835439999122,39.56835439999122,39.56835439999122,39.56835439999122,39.58417980000377,40.08351319999201,40.08351319999201,40.63607310000225,x,0,0.5387710000213701,None,,,,,003,001,2025-09-18_21h56.44.917,Motor Sequence Learning,,2025.1.1,59.655691212536524,2025-09-18 21h56.52.669027 +0530,
-150,z,19,3,4,z,1,0.46272149999276735,None,4,3,19,3,,,,,40.65086739999242,,40.637238800001796,40.65086739999242,41.651323500002036,41.651323500002036,41.651323500002036,41.651323500002036,41.651323500002036,42.150938700011466,42.150938700011466,42.61891150000156,z,1,0.46272149999276735,None,,,,,003,001,2025-09-18_21h56.44.917,Motor Sequence Learning,,2025.1.1,59.655691212536524,2025-09-18 21h56.52.669027 +0530,
-50,x,20,0,5,x,1,0.9970834999985527,None,5,0,20,0,,,,,42.63465449999785,,42.61946580000222,42.63465449999785,43.63428940001177,43.63428940001177,43.63428940001177,43.63428940001177,43.63428940001177,44.13531419998617,44.13531419998617,45.13608369999565,x,1,0.9970834999985527,None,,,,,003,001,2025-09-18_21h56.44.917,Motor Sequence Learning,,2025.1.1,59.655691212536524,2025-09-18 21h56.52.669027 +0530,
150,v,21,1,5,v,1,0.4717102999857161,None,5,1,21,1,,,,,45.151447299984284,,45.136749500001315,45.151447299984284,46.15114860000904,46.15114860000904,46.15114860000904,46.15114860000904,46.15114860000904,46.65152039998793,46.65152039998793,47.13558199998806,v,1,0.4717102999857161,None,,,,,003,001,2025-09-18_21h56.44.917,Motor Sequence Learning,,2025.1.1,59.655691212536524,2025-09-18 21h56.52.669027 +0530,
50,c,22,2,5,c,1,0.6513028000190388,None,5,2,22,2,,,,,47.150223400007235,,47.13628010000684,47.150223400007235,48.15123109999695,48.15123109999695,48.15123109999695,48.15123109999695,48.15123109999695,48.65180359999067,48.65180359999067,49.318076499999734,c,1,0.6513028000190388,None,,,,,003,001,2025-09-18_21h56.44.917,Motor Sequence Learning,,2025.1.1,59.655691212536524,2025-09-18 21h56.52.669027 +0530,
-150,z,23,3,5,z,1,0.6406819999974687,None,5,3,23,3,,,,,49.33416739999666,,49.31857589998981,49.33416739999666,50.31838889999199,50.31838889999199,50.31838889999199,50.31838889999199,50.33581499999855,50.81809939999948,50.81809939999948,51.46828760000062,z,1,0.6406819999974687,None,,,,,003,001,2025-09-18_21h56.44.917,Motor Sequence Learning,,2025.1.1,59.655691212536524,2025-09-18 21h56.52.669027 +0530,
-50,x,24,0,6,x,1,1.1108619000006001,None,6,0,24,0,,,,,51.483590799995,,51.46893070000806,51.483590799995,52.46845270000631,52.46845270000631,52.46845270000631,52.46845270000631,52.48509179998655,52.96840179999708,52.96840179999708,54.08567269999185,x,1,1.1108619000006001,None,,,,,003,001,2025-09-18_21h56.44.917,Motor Sequence Learning,,2025.1.1,59.655691212536524,2025-09-18 21h56.52.669027 +0530,
150,v,25,1,6,v,1,0.38951919999090023,None,6,1,25,1,,,,,54.100771199999144,,54.08631559999776,54.100771199999144,55.08363720000489,55.08363720000489,55.08363720000489,55.08363720000489,55.100032299989834,55.601418300007936,55.601418300007936,56.00142980000237,v,1,0.38951919999090023,None,,,,,003,001,2025-09-18_21h56.44.917,Motor Sequence Learning,,2025.1.1,59.655691212536524,2025-09-18 21h56.52.669027 +0530,
50,c,26,2,6,c,1,0.6020550999965053,None,6,2,26,2,,,,,56.01774770001066,,56.00196779999533,56.01774770001066,57.001296000002185,57.001296000002185,57.001296000002185,57.001296000002185,57.01874269999098,57.50142539999797,57.50142539999797,58.118858600006206,c,1,0.6020550999965053,None,,,,,003,001,2025-09-18_21h56.44.917,Motor Sequence Learning,,2025.1.1,59.655691212536524,2025-09-18 21h56.52.669027 +0530,
-150,z,27,3,6,z,1,0.4941930999921169,None,6,3,27,3,,,,,58.133970599999884,,58.119377399998484,58.133970599999884,59.11802359999274,59.11802359999274,59.11802359999274,59.11802359999274,59.1348716999928,59.61862409999594,59.61862409999594,60.11835949998931,z,1,0.4941930999921169,None,,,,,003,001,2025-09-18_21h56.44.917,Motor Sequence Learning,,2025.1.1,59.655691212536524,2025-09-18 21h56.52.669027 +0530,
-50,x,28,0,7,x,1,0.671386399975745,None,7,0,28,0,,,,,60.13357830001041,,60.11897909999243,60.13357830001041,61.11788860001252,61.11788860001252,61.11788860001252,61.11788860001252,61.134330800006865,61.61814310000045,61.61814310000045,62.30083649998414,x,1,0.671386399975745,None,,,,,003,001,2025-09-18_21h56.44.917,Motor Sequence Learning,,2025.1.1,59.655691212536524,2025-09-18 21h56.52.669027 +0530,
150,v,29,1,7,v,1,0.5646546000207309,None,7,1,29,1,,,,,62.316626799991354,,62.30137359999935,62.316626799991354,63.301776300009806,63.301776300009806,63.301776300009806,63.301776300009806,63.31786869998905,63.803905999986455,63.803905999986455,64.38411360001191,v,1,0.5646546000207309,None,,,,,003,001,2025-09-18_21h56.44.917,Motor Sequence Learning,,2025.1.1,59.655691212536524,2025-09-18 21h56.52.669027 +0530,
50,c,30,2,7,c,1,0.9330907000112347,None,7,2,30,2,,,,,64.4000473000051,,64.38511199998902,64.4000473000051,65.38520009999047,65.38520009999047,65.38520009999047,65.38520009999047,65.40038000000641,65.88437670000712,65.88437670000712,66.81895610000356,c,1,0.9330907000112347,None,,,,,003,001,2025-09-18_21h56.44.917,Motor Sequence Learning,,2025.1.1,59.655691212536524,2025-09-18 21h56.52.669027 +0530,
-150,z,31,3,7,z,1,0.7643016999936663,None,7,3,31,3,,,,,66.8333302999963,,66.81946460000472,66.8333302999963,67.81772719998844,67.81772719998844,67.81772719998844,67.81772719998844,67.83473000000231,68.31754109999747,68.31754109999747,69.08445729999221,z,1,0.7643016999936663,None,,,,,003,001,2025-09-18_21h56.44.917,Motor Sequence Learning,,2025.1.1,59.655691212536524,2025-09-18 21h56.52.669027 +0530,
-50,x,32,0,8,x,1,0.6629933000076562,None,8,0,32,0,,,,,69.09958639999968,,69.08497110000462,69.09958639999968,70.10140990000218,70.10140990000218,70.10140990000218,70.10140990000218,70.10140990000218,70.58380379999289,70.58380379999289,71.25078480000957,x,1,0.6629933000076562,None,,,,,003,001,2025-09-18_21h56.44.917,Motor Sequence Learning,,2025.1.1,59.655691212536524,2025-09-18 21h56.52.669027 +0530,
150,v,33,1,8,v,1,0.5325600999931339,None,8,1,33,1,,,,,71.26631949999137,,71.25117060000775,71.26631949999137,72.26709929999197,72.26709929999197,72.26709929999197,72.26709929999197,72.26709929999197,72.7664356000023,72.7664356000023,73.30210969998734,v,1,0.5325600999931339,None,,,,,003,001,2025-09-18_21h56.44.917,Motor Sequence Learning,,2025.1.1,59.655691212536524,2025-09-18 21h56.52.669027 +0530,
50,c,34,2,8,c,1,0.78776960002142,None,8,2,34,2,,,,,73.31658210000023,,73.30261740001151,73.31658210000023,74.31795709999278,74.31795709999278,74.31795709999278,74.31795709999278,74.31795709999278,74.81734849998611,74.81734849998611,75.6188400000101,c,1,0.78776960002142,None,,,,,003,001,2025-09-18_21h56.44.917,Motor Sequence Learning,,2025.1.1,59.655691212536524,2025-09-18 21h56.52.669027 +0530,
-150,z,35,3,8,z,1,0.5343718999938574,None,8,3,35,3,,,,,75.63398519999464,,75.61935319998884,75.63398519999464,76.63401959999464,76.63401959999464,76.63401959999464,76.63401959999464,76.63401959999464,77.13299690000713,77.13299690000713,77.67110430001048,z,1,0.5343718999938574,None,,,,,003,001,2025-09-18_21h56.44.917,Motor Sequence Learning,,2025.1.1,59.655691212536524,2025-09-18 21h56.52.669027 +0530,
-50,x,36,0,9,x,1,0.7529941000102554,None,9,0,36,0,,,,,77.6837314000004,,77.671700100007,77.6837314000004,78.68502810000791,78.68502810000791,78.68502810000791,78.68502810000791,78.68502810000791,79.18287180000334,79.18287180000334,79.95093260001158,x,1,0.7529941000102554,None,,,,,003,001,2025-09-18_21h56.44.917,Motor Sequence Learning,,2025.1.1,59.655691212536524,2025-09-18 21h56.52.669027 +0530,
150,v,37,1,9,v,1,0.5675565999990795,None,9,1,37,1,,,,,79.96774079999886,,79.95141989999684,79.96774079999886,80.95104439998977,80.95104439998977,80.95104439998977,80.95104439998977,80.96876799999154,81.45195029999013,81.45195029999013,82.03382710000733,v,1,0.5675565999990795,None,,,,,003,001,2025-09-18_21h56.44.917,Motor Sequence Learning,,2025.1.1,59.655691212536524,2025-09-18 21h56.52.669027 +0530,
50,c,38,2,9,c,1,0.7038689999899361,None,9,2,38,2,,,,,82.05109240001184,,82.0342864000122,82.05109240001184,83.03465409998898,83.03465409998898,83.03465409998898,83.03465409998898,83.05041399999755,83.55097789998399,83.55097789998399,84.26765200000955,c,1,0.7038689999899361,None,,,,,003,001,2025-09-18_21h56.44.917,Motor Sequence Learning,,2025.1.1,59.655691212536524,2025-09-18 21h56.52.669027 +0530,
-150,z,39,3,9,z,1,0.6430027000023983,None,9,3,39,3,,,,,84.28257330000633,,84.26821390000987,84.28257330000633,85.28235689998837,85.28235689998837,85.28235689998837,85.28235689998837,85.28235689998837,85.78239079998457,85.78239079998457,86.43400690000271,z,1,0.6430027000023983,None,,,,,003,001,2025-09-18_21h56.44.917,Motor Sequence Learning,,2025.1.1,59.655691212536524,2025-09-18 21h56.52.669027 +0530,
-50,x,40,0,10,x,1,0.505113799998071,None,10,0,40,0,,,,,86.44901750001009,,86.43481899998733,86.44901750001009,87.45004319999134,87.45004319999134,87.45004319999134,87.45004319999134,87.45004319999134,87.9497815000068,87.9497815000068,88.46732950001024,x,1,0.505113799998071,None,,,,,003,001,2025-09-18_21h56.44.917,Motor Sequence Learning,,2025.1.1,59.655691212536524,2025-09-18 21h56.52.669027 +0530,
150,v,41,1,10,v,1,0.6183312000066508,None,10,1,41,1,,,,,88.48237690000678,,88.46787279998534,88.48237690000678,89.46719860000303,89.46719860000303,89.46719860000303,89.46719860000303,89.48272979998728,89.96752119998564,89.96752119998564,90.5989605000068,v,1,0.6183312000066508,None,,,,,003,001,2025-09-18_21h56.44.917,Motor Sequence Learning,,2025.1.1,59.655691212536524,2025-09-18 21h56.52.669027 +0530,
50,c,42,2,10,c,1,1.041590000008,None,10,2,42,2,,,,,90.6166108000034,,90.5991909999866,90.6166108000034,91.60034559998894,91.60034559998894,91.60034559998894,91.60034559998894,91.6165386000066,92.09919649999938,92.09919649999938,93.15078369999537,c,1,1.041590000008,None,,,,,003,001,2025-09-18_21h56.44.917,Motor Sequence Learning,,2025.1.1,59.655691212536524,2025-09-18 21h56.52.669027 +0530,
-150,z,43,3,10,z,1,0.6983127999992575,None,10,3,43,3,,,,,93.16531250000116,,93.15148070000578,93.16531250000116,94.15064840001287,94.15064840001287,94.15064840001287,94.15064840001287,94.16733399999794,94.64990329998545,94.64990329998545,95.35215270001208,z,1,0.6983127999992575,None,,,,,003,001,2025-09-18_21h56.44.917,Motor Sequence Learning,,2025.1.1,59.655691212536524,2025-09-18 21h56.52.669027 +0530,
-50,x,44,0,11,x,1,0.5918008000007831,None,11,0,44,0,,,,,95.3659556999919,,95.35277200001292,95.3659556999919,96.36595820001094,96.36595820001094,96.36595820001094,96.36595820001094,96.36595820001094,96.86750630001188,96.86750630001188,97.46661589998985,x,1,0.5918008000007831,None,,,,,003,001,2025-09-18_21h56.44.917,Motor Sequence Learning,,2025.1.1,59.655691212536524,2025-09-18 21h56.52.669027 +0530,
150,v,45,1,11,v,1,0.5449546999880113,None,11,1,45,1,,,,,97.48295139998663,,97.46695500001078,97.48295139998663,98.46666860001278,98.46666860001278,98.46666860001278,98.46666860001278,98.48379410000052,98.96611619999749,98.96611619999749,99.51550089998636,v,1,0.5449546999880113,None,,,,,003,001,2025-09-18_21h56.44.917,Motor Sequence Learning,,2025.1.1,59.655691212536524,2025-09-18 21h56.52.669027 +0530,
50,c,46,2,11,c,1,0.876814999995986,None,11,2,46,2,,,,,99.53201540000737,,99.51580110000214,99.53201540000737,100.51740559999598,100.51740559999598,100.51740559999598,100.51740559999598,100.53379099999438,101.01684679999016,101.01684679999016,101.89950070000486,c,1,0.876814999995986,None,,,,,003,001,2025-09-18_21h56.44.917,Motor Sequence Learning,,2025.1.1,59.655691212536524,2025-09-18 21h56.52.669027 +0530,
-150,z,47,3,11,z,1,0.4613725999952294,None,11,3,47,3,,,,,101.91526639999938,,101.8997243999911,101.91526639999938,102.89994490001118,102.89994490001118,102.89994490001118,102.89994490001118,102.9170759000117,103.39851530001033,103.39851530001033,103.86550210000132,z,1,0.4613725999952294,None,,,,,003,001,2025-09-18_21h56.44.917,Motor Sequence Learning,,2025.1.1,59.655691212536524,2025-09-18 21h56.52.669027 +0530,
-50,x,48,0,12,x,1,0.5106844999827445,None,12,0,48,0,,,,,103.88183619998745,,103.86580689999391,103.88183619998745,104.8649965999939,104.8649965999939,104.8649965999939,104.8649965999939,104.88199180000811,105.36532149999402,105.36532149999402,105.88205260000541,x,1,0.5106844999827445,None,,,,,003,001,2025-09-18_21h56.44.917,Motor Sequence Learning,,2025.1.1,59.655691212536524,2025-09-18 21h56.52.669027 +0530,
150,v,49,1,12,v,1,0.33013809999101795,None,12,1,49,1,,,,,105.898612399993,,105.88244990000385,105.898612399993,106.88270550000016,106.88270550000016,106.88270550000016,106.88270550000016,106.89970639999956,107.38239119999344,107.38239119999344,107.71725929999957,v,1,0.33013809999101795,None,,,,,003,001,2025-09-18_21h56.44.917,Motor Sequence Learning,,2025.1.1,59.655691212536524,2025-09-18 21h56.52.669027 +0530,
50,c,50,2,12,c,1,0.6575602999946568,None,12,2,50,2,,,,,107.73177589999977,,107.71764620000613,107.73177589999977,108.73235499998555,108.73235499998555,108.73235499998555,108.73235499998555,108.73235499998555,109.23213869999745,109.23213869999745,109.90046110001276,c,1,0.6575602999946568,None,,,,,003,001,2025-09-18_21h56.44.917,Motor Sequence Learning,,2025.1.1,59.655691212536524,2025-09-18 21h56.52.669027 +0530,
-150,z,51,3,12,z,1,2.0403618999989703,None,12,3,51,3,,,,,109.91542509998544,,109.90099090000149,109.91542509998544,110.91481270000804,110.91481270000804,110.91481270000804,110.91481270000804,110.91481270000804,111.3999130000011,111.3999130000011,113.45063209999353,z,1,2.0403618999989703,None,,,,,003,001,2025-09-18_21h56.44.917,Motor Sequence Learning,,2025.1.1,59.655691212536524,2025-09-18 21h56.52.669027 +0530,
-50,x,52,0,13,x,1,1.1149418999848422,None,13,0,52,0,,,,,113.46668179999688,,113.45109519999824,113.46668179999688,114.45013250000193,114.45013250000193,114.45013250000193,114.45013250000193,114.46743079999578,114.95071710000047,114.95071710000047,116.06794209999498,x,1,1.1149418999848422,None,,,,,003,001,2025-09-18_21h56.44.917,Motor Sequence Learning,,2025.1.1,59.655691212536524,2025-09-18 21h56.52.669027 +0530,
150,v,53,1,13,v,1,0.43157349998364225,None,13,1,53,1,,,,,116.08336580000469,,116.068575399986,116.08336580000469,117.08360069998889,117.08360069998889,117.08360069998889,117.08360069998889,117.08360069998889,117.58346689998871,117.58346689998871,118.01849739998579,v,1,0.43157349998364225,None,,,,,003,001,2025-09-18_21h56.44.917,Motor Sequence Learning,,2025.1.1,59.655691212536524,2025-09-18 21h56.52.669027 +0530,
50,c,54,2,13,c,1,0.9765315999975428,None,13,2,54,2,,,,,118.03283270000247,,118.0190864999895,118.03283270000247,119.03349929998512,119.03349929998512,119.03349929998512,119.03349929998512,119.03349929998512,119.5169431999966,119.5169431999966,120.50158589999774,c,1,0.9765315999975428,None,,,,,003,001,2025-09-18_21h56.44.917,Motor Sequence Learning,,2025.1.1,59.655691212536524,2025-09-18 21h56.52.669027 +0530,
-150,z,55,3,13,z,1,1.0655516999831889,None,13,3,55,3,,,,,120.51552340001217,,120.50225570000475,120.51552340001217,121.51587589998962,121.51587589998962,121.51587589998962,121.51587589998962,121.51587589998962,122.00076389999595,122.00076389999595,123.06993279999006,z,1,1.0655516999831889,None,,,,,003,001,2025-09-18_21h56.44.917,Motor Sequence Learning,,2025.1.1,59.655691212536524,2025-09-18 21h56.52.669027 +0530,
-50,x,56,0,14,x,1,0.5987707999884151,None,14,0,56,0,,,,,123.08270979998633,,123.07056260001264,123.08270979998633,124.082940399996,124.082940399996,124.082940399996,124.082940399996,124.082940399996,124.58409889999893,124.58409889999893,125.18560130000697,x,1,0.5987707999884151,None,,,,,003,001,2025-09-18_21h56.44.917,Motor Sequence Learning,,2025.1.1,59.655691212536524,2025-09-18 21h56.52.669027 +0530,
150,v,57,1,14,v,1,0.4721295000053942,None,14,1,57,1,,,,,125.19894780000322,,125.18633970001247,125.19894780000322,126.18420049999258,126.18420049999258,126.18420049999258,126.18420049999258,126.19979559999774,126.70015889999922,126.70015889999922,127.18431499999133,v,1,0.4721295000053942,None,,,,,003,001,2025-09-18_21h56.44.917,Motor Sequence Learning,,2025.1.1,59.655691212536524,2025-09-18 21h56.52.669027 +0530,
50,c,58,2,14,c,1,0.7799872999894433,None,14,2,58,2,,,,,127.1996194999956,,127.18514570000116,127.1996194999956,128.1835456000117,128.1835456000117,128.1835456000117,128.1835456000117,128.20020689998637,128.68403259999468,128.68403259999468,129.46877189999213,c,1,0.7799872999894433,None,,,,,003,001,2025-09-18_21h56.44.917,Motor Sequence Learning,,2025.1.1,59.655691212536524,2025-09-18 21h56.52.669027 +0530,
-150,z,59,3,14,z,1,0.6625003000081051,None,14,3,59,3,,,,,129.4820783000032,,129.4694932999846,129.4820783000032,130.48204689999693,130.48204689999693,130.48204689999693,130.48204689999693,130.48204689999693,130.98348560000886,130.98348560000886,131.6504089999944,z,1,0.6625003000081051,None,,,,,003,001,2025-09-18_21h56.44.917,Motor Sequence Learning,,2025.1.1,59.655691212536524,2025-09-18 21h56.52.669027 +0530,
-50,x,60,0,15,x,1,0.7901984000054654,None,15,0,60,0,,,,,131.66649689999758,,131.65099039999768,131.66649689999758,132.64982329998747,132.64982329998747,132.64982329998747,132.64982329998747,132.66594820001046,133.15003039999283,133.15003039999283,133.95163669998874,x,1,0.7901984000054654,None,,,,,003,001,2025-09-18_21h56.44.917,Motor Sequence Learning,,2025.1.1,59.655691212536524,2025-09-18 21h56.52.669027 +0530,
150,v,61,1,15,v,1,0.4502902000094764,None,15,1,61,1,,,,,133.9663254999905,,133.95221909999964,133.9663254999905,134.9655216000101,134.9655216000101,134.9655216000101,134.9655216000101,134.9655216000101,135.46634109999286,135.46634109999286,135.91878539999016,v,1,0.4502902000094764,None,,,,,003,001,2025-09-18_21h56.44.917,Motor Sequence Learning,,2025.1.1,59.655691212536524,2025-09-18 21h56.52.669027 +0530,
50,c,62,2,15,c,1,0.5954470999713521,None,15,2,62,2,,,,,135.93321039999137,,135.91948809998576,135.93321039999137,136.9336600000097,136.9336600000097,136.9336600000097,136.9336600000097,136.9336600000097,137.43305580000742,137.43305580000742,138.03384540000116,c,1,0.5954470999713521,None,,,,,003,001,2025-09-18_21h56.44.917,Motor Sequence Learning,,2025.1.1,59.655691212536524,2025-09-18 21h56.52.669027 +0530,
-150,z,63,3,15,z,1,0.4583721999952104,None,15,3,63,3,,,,,138.05012870000792,,138.0345728000102,138.05012870000792,139.0339771999861,139.0339771999861,139.0339771999861,139.0339771999861,139.04957289999584,139.54953409999143,139.54953409999143,140.01732230000198,z,1,0.4583721999952104,None,,,,,003,001,2025-09-18_21h56.44.917,Motor Sequence Learning,,2025.1.1,59.655691212536524,2025-09-18 21h56.52.669027 +0530,
-50,x,64,0,16,x,1,0.5372472000017297,None,16,0,64,0,,,,,140.0334532999841,,140.01789769998868,140.0334532999841,141.01690449999296,141.01690449999296,141.01690449999296,141.01690449999296,141.03455010001198,141.51668880000943,141.51668880000943,142.0674463000032,x,1,0.5372472000017297,None,,,,,003,001,2025-09-18_21h56.44.917,Motor Sequence Learning,,2025.1.1,59.655691212536524,2025-09-18 21h56.52.669027 +0530,
150,v,65,1,16,v,1,0.44878080001217313,None,16,1,65,1,,,,,142.08319870001287,,142.06802669999888,142.08319870001287,143.08390669999062,143.08390669999062,143.08390669999062,143.08390669999062,143.08390669999062,143.56605059999856,143.56605059999856,144.01797290000832,v,1,0.44878080001217313,None,,,,,003,001,2025-09-18_21h56.44.917,Motor Sequence Learning,,2025.1.1,59.655691212536524,2025-09-18 21h56.52.669027 +0530,
50,c,66,2,16,c,1,0.6183238999801688,None,16,2,66,2,,,,,144.0320606000023,,144.01853520001168,144.0320606000023,145.03267139999662,145.03267139999662,145.03267139999662,145.03267139999662,145.03267139999662,145.53232930001104,145.53232930001104,146.16711790001136,c,1,0.6183238999801688,None,,,,,003,001,2025-09-18_21h56.44.917,Motor Sequence Learning,,2025.1.1,59.655691212536524,2025-09-18 21h56.52.669027 +0530,
-150,z,67,3,16,z,1,0.6958315999945626,None,16,3,67,3,,,,,146.18318449999788,,146.16766659999848,146.18318449999788,147.18357789999573,147.18357789999573,147.18357789999573,147.18357789999573,147.18357789999573,147.66611200000625,147.66611200000625,148.36716069999966,z,1,0.6958315999945626,None,,,,,003,001,2025-09-18_21h56.44.917,Motor Sequence Learning,,2025.1.1,59.655691212536524,2025-09-18 21h56.52.669027 +0530,
-50,x,68,0,17,x,1,0.5479396000155248,None,17,0,68,0,,,,,148.38182859998778,,148.36807629998657,148.38182859998778,149.3659386000072,149.3659386000072,149.3659386000072,149.3659386000072,149.3848444999894,149.86653150001075,149.86653150001075,150.41743559998577,x,1,0.5479396000155248,None,,,,,003,001,2025-09-18_21h56.44.917,Motor Sequence Learning,,2025.1.1,59.655691212536524,2025-09-18 21h56.52.669027 +0530,
150,v,69,1,17,v,1,0.48943030001828447,None,17,1,69,1,,,,,150.4319404999842,,150.41792589999386,150.4319404999842,151.4330634000071,151.4330634000071,151.4330634000071,151.4330634000071,151.4330634000071,151.933489499992,151.933489499992,152.43446009999025,v,1,0.48943030001828447,None,,,,,003,001,2025-09-18_21h56.44.917,Motor Sequence Learning,,2025.1.1,59.655691212536524,2025-09-18 21h56.52.669027 +0530,
50,c,70,2,17,c,1,0.6856967000057921,None,17,2,70,2,,,,,152.44836410001153,,152.43514159999904,152.44836410001153,153.4495648999873,153.4495648999873,153.4495648999873,153.4495648999873,153.4495648999873,153.9501379999856,153.9501379999856,154.65067219999037,c,1,0.6856967000057921,None,,,,,003,001,2025-09-18_21h56.44.917,Motor Sequence Learning,,2025.1.1,59.655691212536524,2025-09-18 21h56.52.669027 +0530,
-150,z,71,3,17,z,1,0.6121822999848519,None,17,3,71,3,,,,,154.66674950000015,,154.65114760000142,154.66674950000015,155.66555360000348,155.66555360000348,155.66555360000348,155.66555360000348,155.68344510000315,156.1663458000112,156.1663458000112,156.7842701000045,z,1,0.6121822999848519,None,,,,,003,001,2025-09-18_21h56.44.917,Motor Sequence Learning,,2025.1.1,59.655691212536524,2025-09-18 21h56.52.669027 +0530,
-50,x,72,0,18,x,1,0.627533199993195,None,18,0,72,0,,,,,156.79847479998716,,156.78501230000984,156.79847479998716,157.79948899999727,157.79948899999727,157.79948899999727,157.79948899999727,157.79948899999727,158.30025900001056,158.30025900001056,158.9342362000025,x,1,0.627533199993195,None,,,,,003,001,2025-09-18_21h56.44.917,Motor Sequence Learning,,2025.1.1,59.655691212536524,2025-09-18 21h56.52.669027 +0530,
150,v,73,1,18,v,1,0.41638979999697767,None,18,1,73,1,,,,,158.94927579999785,,158.93479389999993,158.94927579999785,159.95018389998586,159.95018389998586,159.95018389998586,159.95018389998586,159.95018389998586,160.45023230000515,160.45023230000515,160.867431199993,v,1,0.41638979999697767,None,,,,,003,001,2025-09-18_21h56.44.917,Motor Sequence Learning,,2025.1.1,59.655691212536524,2025-09-18 21h56.52.669027 +0530,
50,c,74,2,18,c,1,0.6883796000038274,None,18,2,74,2,,,,,160.8826960999868,,160.86794029999874,160.8826960999868,161.8833478000015,161.8833478000015,161.8833478000015,161.8833478000015,161.8833478000015,162.38243160001002,162.38243160001002,163.08441330000642,c,1,0.6883796000038274,None,,,,,003,001,2025-09-18_21h56.44.917,Motor Sequence Learning,,2025.1.1,59.655691212536524,2025-09-18 21h56.52.669027 +0530,
-150,z,75,3,18,z,1,0.5682189000071958,None,18,3,75,3,,,,,163.09955310000805,,163.08492669998668,163.09955310000805,164.09935129998485,164.09935129998485,164.09935129998485,164.09935129998485,164.11500570000499,164.5985270999954,164.5985270999954,165.18209019998903,z,1,0.5682189000071958,None,,,,,003,001,2025-09-18_21h56.44.917,Motor Sequence Learning,,2025.1.1,59.655691212536524,2025-09-18 21h56.52.669027 +0530,
-50,x,76,0,19,x,1,0.5918020000099204,None,19,0,76,0,,,,,165.19802089998848,,165.18247550001252,165.19802089998848,166.1824912999873,166.1824912999873,166.1824912999873,166.1824912999873,166.19912080001086,166.68207989999792,166.68207989999792,167.28295649998472,x,1,0.5918020000099204,None,,,,,003,001,2025-09-18_21h56.44.917,Motor Sequence Learning,,2025.1.1,59.655691212536524,2025-09-18 21h56.52.669027 +0530,
150,v,77,1,19,v,1,0.37732480000704527,None,19,1,77,1,,,,,167.2974428999878,,167.2834894999978,167.2974428999878,168.29894579999382,168.29894579999382,168.29894579999382,168.29894579999382,168.29894579999382,168.7991897999891,168.7991897999891,169.18315180001082,v,1,0.37732480000704527,None,,,,,003,001,2025-09-18_21h56.44.917,Motor Sequence Learning,,2025.1.1,59.655691212536524,2025-09-18 21h56.52.669027 +0530,
50,c,78,2,19,c,1,0.678320300008636,None,19,2,78,2,,,,,169.19830940000247,,169.1838007000042,169.19830940000247,170.19807919999585,170.19807919999585,170.19807919999585,170.19807919999585,170.21608159999596,170.6823285999999,170.6823285999999,171.36653790000128,c,1,0.678320300008636,None,,,,,003,001,2025-09-18_21h56.44.917,Motor Sequence Learning,,2025.1.1,59.655691212536524,2025-09-18 21h56.52.669027 +0530,
-150,z,79,3,19,z,1,0.4283607999968808,None,19,3,79,3,,,,,171.38160069999867,,171.36706620000768,171.38160069999867,172.36621330000344,172.36621330000344,172.36621330000344,172.36621330000344,172.38341730000684,172.86673179999343,172.86673179999343,173.30045919999247,z,1,0.4283607999968808,None,,,,,003,001,2025-09-18_21h56.44.917,Motor Sequence Learning,,2025.1.1,59.655691212536524,2025-09-18 21h56.52.669027 +0530,
-50,x,80,0,20,x,1,0.5532200000016019,None,20,0,80,0,,,,,173.31570239999564,,173.30095269999583,173.31570239999564,174.31527409999399,174.31527409999399,174.31527409999399,174.31527409999399,174.31527409999399,174.79896360001294,174.79896360001294,175.36636600000202,x,1,0.5532200000016019,None,,,,,003,001,2025-09-18_21h56.44.917,Motor Sequence Learning,,2025.1.1,59.655691212536524,2025-09-18 21h56.52.669027 +0530,
150,v,81,1,20,v,1,0.41126510000322014,None,20,1,81,1,,,,,175.3829478000116,,175.3672682000033,175.3829478000116,176.36686139999074,176.36686139999074,176.36686139999074,176.36686139999074,176.3837821999914,176.86591469999985,176.86591469999985,177.2843189999985,v,1,0.41126510000322014,None,,,,,003,001,2025-09-18_21h56.44.917,Motor Sequence Learning,,2025.1.1,59.655691212536524,2025-09-18 21h56.52.669027 +0530,
50,c,82,2,20,c,1,0.5845463000005111,None,20,2,82,2,,,,,177.29888459999347,,177.284974899987,177.29888459999347,178.29943660000572,178.29943660000572,178.29943660000572,178.29943660000572,178.29943660000572,178.78279779999866,178.78279779999866,179.38363269998808,c,1,0.5845463000005111,None,,,,,003,001,2025-09-18_21h56.44.917,Motor Sequence Learning,,2025.1.1,59.655691212536524,2025-09-18 21h56.52.669027 +0530,
-150,z,83,3,20,z,1,0.738746600021841,None,20,3,83,3,,,,,179.3994224999915,,179.38415339999483,179.3994224999915,180.39908480001031,180.39908480001031,180.39908480001031,180.39908480001031,180.39908480001031,180.90005239998573,180.90005239998573,181.64941479999106,z,1,0.738746600021841,None,,,,,003,001,2025-09-18_21h56.44.917,Motor Sequence Learning,,2025.1.1,59.655691212536524,2025-09-18 21h56.52.669027 +0530,
-50,x,84,0,21,x,1,0.6447783999901731,None,21,0,84,0,,,,,181.6660894000088,,181.64999489998445,181.6660894000088,182.6490982999967,182.6490982999967,182.6490982999967,182.6490982999967,182.6663053999946,183.16491829999723,183.16491829999723,183.81898049998563,x,1,0.6447783999901731,None,,,,,003,001,2025-09-18_21h56.44.917,Motor Sequence Learning,,2025.1.1,59.655691212536524,2025-09-18 21h56.52.669027 +0530,
150,v,85,1,21,v,1,0.4785789999878034,None,21,1,85,1,,,,,183.83200860000215,,183.8199476999871,183.83200860000215,184.83282640000107,184.83282640000107,184.83282640000107,184.83282640000107,184.83282640000107,185.33356150001055,185.33356150001055,185.8178026000096,v,1,0.4785789999878034,None,,,,,003,001,2025-09-18_21h56.44.917,Motor Sequence Learning,,2025.1.1,59.655691212536524,2025-09-18 21h56.52.669027 +0530,
50,c,86,2,21,c,1,0.6276696000131778,None,21,2,86,2,,,,,185.8318287000002,,185.81853550000233,185.8318287000002,186.83319430000847,186.83319430000847,186.83319430000847,186.83319430000847,186.83319430000847,187.33340599999065,187.33340599999065,187.96626680000918,c,1,0.6276696000131778,None,,,,,003,001,2025-09-18_21h56.44.917,Motor Sequence Learning,,2025.1.1,59.655691212536524,2025-09-18 21h56.52.669027 +0530,
-150,z,87,3,21,z,1,0.5460281999839935,None,21,3,87,3,,,,,187.98196279999684,,187.96685229998548,187.98196279999684,188.9670565999986,188.9670565999986,188.9670565999986,188.9670565999986,188.98385630000848,189.46555049999733,189.46555049999733,190.01814840000588,z,1,0.5460281999839935,None,,,,,003,001,2025-09-18_21h56.44.917,Motor Sequence Learning,,2025.1.1,59.655691212536524,2025-09-18 21h56.52.669027 +0530,
-50,x,88,0,22,x,1,0.6734916999994311,None,22,0,88,0,,,,,190.03201230001287,,190.01882999998634,190.03201230001287,191.03347230001236,191.03347230001236,191.03347230001236,191.03347230001236,191.03347230001236,191.51581529999385,191.51581529999385,192.19854539999506,x,1,0.6734916999994311,None,,,,,003,001,2025-09-18_21h56.44.917,Motor Sequence Learning,,2025.1.1,59.655691212536524,2025-09-18 21h56.52.669027 +0530,
150,v,89,1,22,v,1,0.4518788000277709,None,22,1,89,1,,,,,192.21458880000864,,192.19896839998546,192.21458880000864,193.1979553999845,193.1979553999845,193.1979553999845,193.1979553999845,193.21443309998722,193.7137345999945,193.7137345999945,194.16674529999727,v,1,0.4518788000277709,None,,,,,003,001,2025-09-18_21h56.44.917,Motor Sequence Learning,,2025.1.1,59.655691212536524,2025-09-18 21h56.52.669027 +0530,
50,c,90,2,22,c,1,0.8854987999948207,None,22,2,90,2,,,,,194.18071190000046,,194.1671509000007,194.18071190000046,195.1812973000051,195.1812973000051,195.1812973000051,195.1812973000051,195.1812973000051,195.6809321999899,195.6809321999899,196.5821575000009,c,1,0.8854987999948207,None,,,,,003,001,2025-09-18_21h56.44.917,Motor Sequence Learning,,2025.1.1,59.655691212536524,2025-09-18 21h56.52.669027 +0530,
-150,z,91,3,22,z,1,0.5882688999990933,None,22,3,91,3,,,,,196.59756890000426,,196.58269949999521,196.59756890000426,197.58066199999303,197.58066199999303,197.58066199999303,197.58066199999303,197.59752340000705,198.08177190000424,198.08177190000424,198.68172570000752,z,1,0.5882688999990933,None,,,,,003,001,2025-09-18_21h56.44.917,Motor Sequence Learning,,2025.1.1,59.655691212536524,2025-09-18 21h56.52.669027 +0530,
-50,x,92,0,23,x,1,0.600139800022589,None,23,0,92,0,,,,,198.69716869998956,,198.68226770000183,198.69716869998956,199.68200810000417,199.68200810000417,199.68200810000417,199.68200810000417,199.6977887999965,200.18147549999412,200.18147549999412,200.78414890001295,x,1,0.600139800022589,None,,,,,003,001,2025-09-18_21h56.44.917,Motor Sequence Learning,,2025.1.1,59.655691212536524,2025-09-18 21h56.52.669027 +0530,
150,v,93,1,23,v,1,0.512914599996293,None,23,1,93,1,,,,,200.79837790000602,,200.78467639998416,200.79837790000602,201.7987157999887,201.7987157999887,201.7987157999887,201.7987157999887,201.7987157999887,202.29936669999734,202.29936669999734,202.8154135000077,v,1,0.512914599996293,None,,,,,003,001,2025-09-18_21h56.44.917,Motor Sequence Learning,,2025.1.1,59.655691212536524,2025-09-18 21h56.52.669027 +0530,
50,c,94,2,23,c,1,0.6952905000071041,None,23,2,94,2,,,,,202.8315755999938,,202.81585990000167,202.8315755999938,203.8155325000116,203.8155325000116,203.8155325000116,203.8155325000116,203.83063029998448,204.31399980001152,204.31399980001152,205.01504229998682,c,1,0.6952905000071041,None,,,,,003,001,2025-09-18_21h56.44.917,Motor Sequence Learning,,2025.1.1,59.655691212536524,2025-09-18 21h56.52.669027 +0530,
-150,z,95,3,23,z,1,0.5406576999812387,None,23,3,95,3,,,,,205.03119370000786,,205.0155730000115,205.03119370000786,206.0145196999947,206.0145196999947,206.0145196999947,206.0145196999947,206.0305822000082,206.51372089999495,206.51372089999495,207.06508679999388,z,1,0.5406576999812387,None,,,,,003,001,2025-09-18_21h56.44.917,Motor Sequence Learning,,2025.1.1,59.655691212536524,2025-09-18 21h56.52.669027 +0530,
-50,x,96,0,24,x,1,0.5988765000074636,None,24,0,96,0,,,,,207.08052119999775,,207.06559240000206,207.08052119999775,208.06583519998821,208.06583519998821,208.06583519998821,208.06583519998821,208.080832800013,208.56385219999356,208.56385219999356,209.16607380000642,x,1,0.5988765000074636,None,,,,,003,001,2025-09-18_21h56.44.917,Motor Sequence Learning,,2025.1.1,59.655691212536524,2025-09-18 21h56.52.669027 +0530,
150,v,97,1,24,v,1,0.49732979998225346,None,24,1,97,1,,,,,209.1813295999891,,209.1666075999965,209.1813295999891,210.18102210000507,210.18102210000507,210.18102210000507,210.18102210000507,210.18102210000507,210.6813709999842,210.6813709999842,211.182011900004,v,1,0.49732979998225346,None,,,,,003,001,2025-09-18_21h56.44.917,Motor Sequence Learning,,2025.1.1,59.655691212536524,2025-09-18 21h56.52.669027 +0530,
50,c,98,2,24,c,1,0.5125736000190955,None,24,2,98,2,,,,,211.19765039999038,,211.18252100000973,211.19765039999038,212.18105250000372,212.18105250000372,212.18105250000372,212.18105250000372,212.19782460000715,212.68094739998924,212.68094739998924,213.19823889998952,c,1,0.5125736000190955,None,,,,,003,001,2025-09-18_21h56.44.917,Motor Sequence Learning,,2025.1.1,59.655691212536524,2025-09-18 21h56.52.669027 +0530,
-150,z,99,3,24,z,1,0.5729708999861032,None,24,3,99,3,,,,,213.2185657999944,,213.19863780000014,213.2185657999944,214.19949160001124,214.19949160001124,214.19949160001124,214.19949160001124,214.23207060000277,214.6988383999851,214.6988383999851,215.28302599999006,z,1,0.5729708999861032,None,,,,,003,001,2025-09-18_21h56.44.917,Motor Sequence Learning,,2025.1.1,59.655691212536524,2025-09-18 21h56.52.669027 +0530,
-50,x,100,0,25,x,1,0.5460901999904308,None,25,0,100,0,,,,,215.29837939998833,,215.2837806000025,215.29837939998833,216.298898500012,216.298898500012,216.298898500012,216.298898500012,216.298898500012,216.78200020000804,216.78200020000804,217.33413480001036,x,1,0.5460901999904308,None,,,,,003,001,2025-09-18_21h56.44.917,Motor Sequence Learning,,2025.1.1,59.655691212536524,2025-09-18 21h56.52.669027 +0530,
150,v,101,1,25,v,1,0.595434099988779,None,25,1,101,1,,,,,217.34932700000354,,217.33492890000343,217.34932700000354,218.3486978999863,218.3486978999863,218.3486978999863,218.3486978999863,218.36482409999007,218.84930870000971,218.84930870000971,219.45000789998448,v,1,0.595434099988779,None,,,,,003,001,2025-09-18_21h56.44.917,Motor Sequence Learning,,2025.1.1,59.655691212536524,2025-09-18 21h56.52.669027 +0530,
50,c,102,2,25,c,1,0.7763402000127826,None,25,2,102,2,,,,,219.46533979999367,,219.45063440001104,219.46533979999367,220.44897689999198,220.44897689999198,220.44897689999198,220.44897689999198,220.46603690000484,220.96505609998712,220.96505609998712,221.7489690000075,c,1,0.7763402000127826,None,,,,,003,001,2025-09-18_21h56.44.917,Motor Sequence Learning,,2025.1.1,59.655691212536524,2025-09-18 21h56.52.669027 +0530,
-150,z,103,3,25,z,1,0.8914894000045024,None,25,3,103,3,,,,,221.7657867000089,,221.74950189999072,221.7657867000089,222.7488313000067,222.7488313000067,222.7488313000067,222.7488313000067,222.76556609998806,223.24813190000714,223.24813190000714,224.14922620001016,z,1,0.8914894000045024,None,,,,,003,001,2025-09-18_21h56.44.917,Motor Sequence Learning,,2025.1.1,59.655691212536524,2025-09-18 21h56.52.669027 +0530,
-50,x,104,0,26,x,1,0.6315476999734528,None,26,0,104,0,,,,,224.1660705000104,,224.1499393999984,224.1660705000104,225.16432079998776,225.16432079998776,225.16432079998776,225.16432079998776,225.1805800999864,225.6644849999866,225.6644849999866,226.2998105000006,x,1,0.6315476999734528,None,,,,,003,001,2025-09-18_21h56.44.917,Motor Sequence Learning,,2025.1.1,59.655691212536524,2025-09-18 21h56.52.669027 +0530,
150,v,105,1,26,v,1,0.438471599976765,None,26,1,105,1,,,,,226.31419450000976,,226.30030319999787,226.31419450000976,227.31549609999638,227.31549609999638,227.31549609999638,227.31549609999638,227.31549609999638,227.79932819999522,227.79932819999522,228.24986969999736,v,1,0.438471599976765,None,,,,,003,001,2025-09-18_21h56.44.917,Motor Sequence Learning,,2025.1.1,59.655691212536524,2025-09-18 21h56.52.669027 +0530,
50,c,106,2,26,c,1,1.0850107000151183,None,26,2,106,2,,,,,228.2658330000122,,228.2503885999904,228.2658330000122,229.2653095999849,229.2653095999849,229.2653095999849,229.2653095999849,229.2653095999849,229.7650966999936,229.7650966999936,230.86613430001307,c,1,1.0850107000151183,None,,,,,003,001,2025-09-18_21h56.44.917,Motor Sequence Learning,,2025.1.1,59.655691212536524,2025-09-18 21h56.52.669027 +0530,
-150,z,107,3,26,z,1,0.6778012000140734,None,26,3,107,3,,,,,230.88149880000856,,230.86666820000391,230.88149880000856,231.88138229999458,231.88138229999458,231.88138229999458,231.88138229999458,231.88138229999458,232.3815512000001,232.3815512000001,233.06619579999824,z,1,0.6778012000140734,None,,,,,003,001,2025-09-18_21h56.44.917,Motor Sequence Learning,,2025.1.1,59.655691212536524,2025-09-18 21h56.52.669027 +0530,
-50,x,108,0,27,x,1,0.6499972999736201,None,27,0,108,0,,,,,233.08138089999557,,233.06682310000178,233.08138089999557,234.06494039998506,234.06494039998506,234.06494039998506,234.06494039998506,234.08216749998974,234.58058169999276,234.58058169999276,235.23338829999557,x,1,0.6499972999736201,None,,,,,003,001,2025-09-18_21h56.44.917,Motor Sequence Learning,,2025.1.1,59.655691212536524,2025-09-18 21h56.52.669027 +0530,
150,v,109,1,27,v,1,1.3202028999803588,None,27,1,109,1,,,,,235.25076639998588,,235.233879300009,235.25076639998588,236.24700719999964,236.24700719999964,236.24700719999964,236.24700719999964,236.26417790001142,236.7472354999918,236.7472354999918,238.0800809999928,v,1,1.3202028999803588,None,,,,,003,001,2025-09-18_21h56.44.917,Motor Sequence Learning,,2025.1.1,59.655691212536524,2025-09-18 21h56.52.669027 +0530,
50,c,110,2,27,v,0,0.8215773000265472,None,27,2,110,2,,,,,238.09650529999635,,238.08034079999197,238.09650529999635,239.0794137000048,239.0794137000048,239.0794137000048,239.0794137000048,239.09617850001086,239.57966540000052,239.57966540000052,240.41448219999438,v,0,0.8215773000265472,None,,,,,003,001,2025-09-18_21h56.44.917,Motor Sequence Learning,,2025.1.1,59.655691212536524,2025-09-18 21h56.52.669027 +0530,
-150,z,111,3,27,z,1,0.7634204000059981,None,27,3,111,3,,,,,240.4305628000002,,240.41489960000035,240.4305628000002,241.4141360000067,241.4141360000067,241.4141360000067,241.4141360000067,241.43086319998838,241.93145309999818,241.93145309999818,242.698321200005,z,1,0.7634204000059981,None,,,,,003,001,2025-09-18_21h56.44.917,Motor Sequence Learning,,2025.1.1,59.655691212536524,2025-09-18 21h56.52.669027 +0530,
-50,x,112,0,28,x,1,0.6083716999855824,None,28,0,112,0,,,,,242.7136582999956,,242.69878030000837,242.7136582999956,243.69796140000108,243.69796140000108,243.69796140000108,243.69796140000108,243.7141580999887,244.21326250000857,244.21326250000857,244.83126989999437,x,1,0.6083716999855824,None,,,,,003,001,2025-09-18_21h56.44.917,Motor Sequence Learning,,2025.1.1,59.655691212536524,2025-09-18 21h56.52.669027 +0530,
150,v,113,1,28,v,1,0.9982080000045244,None,28,1,113,1,,,,,244.84778539999388,,244.8317844000121,244.84778539999388,245.830930600001,245.830930600001,245.830930600001,245.830930600001,245.84747820001212,246.3482490000024,246.3482490000024,247.35050979998778,v,1,0.9982080000045244,None,,,,,003,001,2025-09-18_21h56.44.917,Motor Sequence Learning,,2025.1.1,59.655691212536524,2025-09-18 21h56.52.669027 +0530,
50,c,114,2,28,c,1,0.7874314000073355,None,28,2,114,2,,,,,247.36499500001082,,247.3510396000056,247.36499500001082,248.36379929998657,248.36379929998657,248.36379929998657,248.36379929998657,248.3809529999853,248.86476279998897,248.86476279998897,249.66531169999507,c,1,0.7874314000073355,None,,,,,003,001,2025-09-18_21h56.44.917,Motor Sequence Learning,,2025.1.1,59.655691212536524,2025-09-18 21h56.52.669027 +0530,
-150,z,115,3,28,z,1,0.4608629000140354,None,28,3,115,3,,,,,249.68281150000985,,249.66587239998626,249.68281150000985,250.6652955999889,250.6652955999889,250.6652955999889,250.6652955999889,250.68137219999335,251.16566199998488,251.16566199998488,251.63248140001087,z,1,0.4608629000140354,None,,,,,003,001,2025-09-18_21h56.44.917,Motor Sequence Learning,,2025.1.1,59.655691212536524,2025-09-18 21h56.52.669027 +0530,
-50,x,116,0,29,x,1,0.5823059999966063,None,29,0,116,0,,,,,251.64798829998472,,251.632964599994,251.64798829998472,252.64665529999183,252.64665529999183,252.64665529999183,252.64665529999183,252.66345829999773,253.14783919998445,253.14783919998445,253.73272910001106,x,1,0.5823059999966063,None,,,,,003,001,2025-09-18_21h56.44.917,Motor Sequence Learning,,2025.1.1,59.655691212536524,2025-09-18 21h56.52.669027 +0530,
150,v,117,1,29,v,1,1.5180753000022378,None,29,1,117,1,,,,,253.74816059999284,,253.73335190000944,253.74816059999284,254.74678180000046,254.74678180000046,254.74678180000046,254.74678180000046,254.76303120001103,255.24624750000658,255.24624750000658,256.76508209999884,v,1,1.5180753000022378,None,,,,,003,001,2025-09-18_21h56.44.917,Motor Sequence Learning,,2025.1.1,59.655691212536524,2025-09-18 21h56.52.669027 +0530,
50,c,118,2,29,c,1,0.755406700016465,None,29,2,118,2,,,,,256.78048459999263,,256.76563079998596,256.78048459999263,257.78081389999716,257.78081389999716,257.78081389999716,257.78081389999716,257.78081389999716,258.27881190000335,258.27881190000335,259.0497017999878,c,1,0.755406700016465,None,,,,,003,001,2025-09-18_21h56.44.917,Motor Sequence Learning,,2025.1.1,59.655691212536524,2025-09-18 21h56.52.669027 +0530,
-150,z,119,3,29,z,1,0.4727511999954004,None,29,3,119,3,,,,,259.0644398999866,,259.05015910000657,259.0644398999866,260.06344969998463,260.06344969998463,260.06344969998463,260.06344969998463,260.06344969998463,260.5640737999929,260.5640737999929,261.04679359999136,z,1,0.4727511999954004,None,,,,,003,001,2025-09-18_21h56.44.917,Motor Sequence Learning,,2025.1.1,59.655691212536524,2025-09-18 21h56.52.669027 +0530,
-50,x,120,0,30,x,1,0.4521801999944728,None,30,0,120,0,,,,,261.062548899994,,261.04707870000857,261.062548899994,262.0476681999862,262.0476681999862,262.0476681999862,262.0476681999862,262.064858800004,262.54786630001036,262.54786630001036,263.0148213999928,x,1,0.4521801999944728,None,,,,,003,001,2025-09-18_21h56.44.917,Motor Sequence Learning,,2025.1.1,59.655691212536524,2025-09-18 21h56.52.669027 +0530,
150,v,121,1,30,v,1,0.4706865000189282,None,30,1,121,1,,,,,263.0307313000085,,263.0152938000101,263.0307313000085,264.0144670000009,264.0144670000009,264.0144670000009,264.0144670000009,264.03105069999583,264.5311284000054,264.5311284000054,265.014637699991,v,1,0.4706865000189282,None,,,,,003,001,2025-09-18_21h56.44.917,Motor Sequence Learning,,2025.1.1,59.655691212536524,2025-09-18 21h56.52.669027 +0530,
50,c,122,2,30,c,1,0.6794177000119817,None,30,2,122,2,,,,,265.03075309999986,,265.01526240000385,265.03075309999986,266.0138253000041,266.0138253000041,266.0138253000041,266.0138253000041,266.03096060000826,266.5144020000007,266.5144020000007,267.1985325999849,c,1,0.6794177000119817,None,,,,,003,001,2025-09-18_21h56.44.917,Motor Sequence Learning,,2025.1.1,59.655691212536524,2025-09-18 21h56.52.669027 +0530,
-150,z,123,3,30,z,1,0.5699142999947071,None,30,3,123,3,,,,,267.21474870000384,,267.1990808999981,267.21474870000384,268.19778240000596,268.19778240000596,268.19778240000596,268.19778240000596,268.2142015999998,268.6970366000023,268.6970366000023,269.28197020001244,z,1,0.5699142999947071,None,,,,,003,001,2025-09-18_21h56.44.917,Motor Sequence Learning,,2025.1.1,59.655691212536524,2025-09-18 21h56.52.669027 +0530,
-50,x,124,0,31,x,1,0.560522799991304,None,31,0,124,0,,,,,269.2974799000076,,269.2832889999845,269.2974799000076,270.29744150000624,270.29744150000624,270.29744150000624,270.29744150000624,270.29744150000624,270.7809111000097,270.7809111000097,271.3484535999887,x,1,0.560522799991304,None,,,,,003,001,2025-09-18_21h56.44.917,Motor Sequence Learning,,2025.1.1,59.655691212536524,2025-09-18 21h56.52.669027 +0530,
150,v,125,1,31,v,1,0.6369441999995615,None,31,1,125,1,,,,,271.36390210001264,,271.3491034999897,271.36390210001264,272.3480541000026,272.3480541000026,272.3480541000026,272.3480541000026,272.3650076999911,272.8641432999866,272.8641432999866,273.5146243000054,v,1,0.6369441999995615,None,,,,,003,001,2025-09-18_21h56.44.917,Motor Sequence Learning,,2025.1.1,59.655691212536524,2025-09-18 21h56.52.669027 +0530,
50,c,126,2,31,c,1,0.6953560000110883,None,31,2,126,2,,,,,273.5303913000098,,273.51508589999867,273.5303913000098,274.51386969999294,274.51386969999294,274.51386969999294,274.51386969999294,274.53089409999666,275.01410639999085,275.01410639999085,275.71472930000164,c,1,0.6953560000110883,None,,,,,003,001,2025-09-18_21h56.44.917,Motor Sequence Learning,,2025.1.1,59.655691212536524,2025-09-18 21h56.52.669027 +0530,
-150,z,127,3,31,z,1,0.6597456999879796,None,31,3,127,3,,,,,275.7303290000127,,275.71519759998773,275.7303290000127,276.71426869998686,276.71426869998686,276.71426869998686,276.71426869998686,276.7308769999945,277.21387390000746,277.21387390000746,277.88061789999483,z,1,0.6597456999879796,None,,,,,003,001,2025-09-18_21h56.44.917,Motor Sequence Learning,,2025.1.1,59.655691212536524,2025-09-18 21h56.52.669027 +0530,
-50,x,128,0,32,x,1,1.0017132999782916,None,32,0,128,0,,,,,277.8974362000008,,277.8810768999974,277.8974362000008,278.8799017999845,278.8799017999845,278.8799017999845,278.8799017999845,278.89755019999575,279.38077079999493,279.38077079999493,280.40126499999315,x,1,1.0017132999782916,None,,,,,003,001,2025-09-18_21h56.44.917,Motor Sequence Learning,,2025.1.1,59.655691212536524,2025-09-18 21h56.52.669027 +0530,
150,v,129,1,32,v,1,0.7488593000161927,None,32,1,129,1,,,,,280.4143164999841,,280.4022518999991,280.4143164999841,281.41440619999776,281.41440619999776,281.41440619999776,281.41440619999776,281.41440619999776,281.9142436000111,281.9142436000111,282.6650473999907,v,1,0.7488593000161927,None,,,,,003,001,2025-09-18_21h56.44.917,Motor Sequence Learning,,2025.1.1,59.655691212536524,2025-09-18 21h56.52.669027 +0530,
50,c,130,2,32,c,1,1.1638410000014119,None,32,2,130,2,,,,,282.68129149999004,,282.66560569999274,282.68129149999004,283.66436480000266,283.66436480000266,283.66436480000266,283.66436480000266,283.68103269999847,284.18063200000324,284.18063200000324,285.34862629999407,c,1,1.1638410000014119,None,,,,,003,001,2025-09-18_21h56.44.917,Motor Sequence Learning,,2025.1.1,59.655691212536524,2025-09-18 21h56.52.669027 +0530,
-150,z,131,3,32,z,1,0.7104860999970697,None,32,3,131,3,,,,,285.3634560999926,,285.34915910000564,285.3634560999926,286.36436669999966,286.36436669999966,286.36436669999966,286.36436669999966,286.36436669999966,286.8643223000108,286.8643223000108,287.58150199998636,z,1,0.7104860999970697,None,,,,,003,001,2025-09-18_21h56.44.917,Motor Sequence Learning,,2025.1.1,59.655691212536524,2025-09-18 21h56.52.669027 +0530,
-50,x,132,0,33,x,1,0.6926416000060271,None,33,0,132,0,,,,,287.5974637999898,,287.5820129000058,287.5974637999898,288.59625900001265,288.59625900001265,288.59625900001265,288.59625900001265,288.59625900001265,289.0808143999893,289.0808143999893,289.7814034000039,x,1,0.6926416000060271,None,,,,,003,001,2025-09-18_21h56.44.917,Motor Sequence Learning,,2025.1.1,59.655691212536524,2025-09-18 21h56.52.669027 +0530,
150,v,133,1,33,v,1,0.44708830001764,None,33,1,133,1,,,,,289.7966798999987,,289.7819234000053,289.7966798999987,290.7964737000002,290.7964737000002,290.7964737000002,290.7964737000002,290.7964737000002,291.2957041999907,291.2957041999907,291.7469437000109,v,1,0.44708830001764,None,,,,,003,001,2025-09-18_21h56.44.917,Motor Sequence Learning,,2025.1.1,59.655691212536524,2025-09-18 21h56.52.669027 +0530,
50,c,134,2,33,c,1,0.7644060000020545,None,33,2,134,2,,,,,291.7633249000064,,291.7473216000071,291.7633249000064,292.74717069999315,292.74717069999315,292.74717069999315,292.74717069999315,292.7638917999866,293.24714170000516,293.24714170000516,294.0156144000066,c,1,0.7644060000020545,None,,,,,003,001,2025-09-18_21h56.44.917,Motor Sequence Learning,,2025.1.1,59.655691212536524,2025-09-18 21h56.52.669027 +0530,
-150,z,135,3,33,z,1,0.5511574000120163,None,33,3,135,3,,,,,294.0299715999863,,294.0163046999951,294.0299715999863,295.02959819999523,295.02959819999523,295.02959819999523,295.02959819999523,295.02959819999523,295.53035159999854,295.53035159999854,296.098313399998,z,1,0.5511574000120163,None,,,,,003,001,2025-09-18_21h56.44.917,Motor Sequence Learning,,2025.1.1,59.655691212536524,2025-09-18 21h56.52.669027 +0530,
-50,x,136,0,34,x,1,0.6660701000073459,None,34,0,136,0,,,,,296.114299799985,,296.0988730000099,296.114299799985,297.11268600000767,297.11268600000767,297.11268600000767,297.11268600000767,297.1295214999991,297.59750709999935,297.59750709999935,298.2642172999913,x,1,0.6660701000073459,None,,,,,003,001,2025-09-18_21h56.44.917,Motor Sequence Learning,,2025.1.1,59.655691212536524,2025-09-18 21h56.52.669027 +0530,
150,v,137,1,34,v,1,0.6390367000130937,None,34,1,137,1,,,,,298.27934720000485,,298.2648591999896,298.27934720000485,299.2632018000004,299.2632018000004,299.2632018000004,299.2632018000004,299.27919639999163,299.7642591999902,299.7642591999902,300.4121402000019,v,1,0.6390367000130937,None,,,,,003,001,2025-09-18_21h56.44.917,Motor Sequence Learning,,2025.1.1,59.655691212536524,2025-09-18 21h56.52.669027 +0530,
50,c,138,2,34,c,1,1.3814818000246305,None,34,2,138,2,,,,,300.42846960001043,,300.4124118000036,300.42846960001043,301.4120286999969,301.4120286999969,301.4120286999969,301.4120286999969,301.42840380000416,301.91179389998433,301.91179389998433,303.2954874999996,c,1,1.3814818000246305,None,,,,,003,001,2025-09-18_21h56.44.917,Motor Sequence Learning,,2025.1.1,59.655691212536524,2025-09-18 21h56.52.669027 +0530,
-150,z,139,3,34,z,1,1.1988185000082012,None,34,3,139,3,,,,,303.3117525000125,,303.29569480000646,303.3117525000125,304.2951339999854,304.2951339999854,304.2951339999854,304.2951339999854,304.3117826000089,304.79513419998693,304.79513419998693,305.9954902000027,z,1,1.1988185000082012,None,,,,,003,001,2025-09-18_21h56.44.917,Motor Sequence Learning,,2025.1.1,59.655691212536524,2025-09-18 21h56.52.669027 +0530,
-50,x,140,0,35,x,1,0.607136900012847,None,35,0,140,0,,,,,306.0117547000118,,305.99570659999154,306.0117547000118,306.9955396000005,306.9955396000005,306.9955396000005,306.9955396000005,307.01186379999854,307.4952076000045,307.4952076000045,308.11237970000366,x,1,0.607136900012847,None,,,,,003,001,2025-09-18_21h56.44.917,Motor Sequence Learning,,2025.1.1,59.655691212536524,2025-09-18 21h56.52.669027 +0530,
150,v,141,1,35,v,1,1.4832069000112824,None,35,1,141,1,,,,,308.12871230000746,,308.11266529999557,308.12871230000746,309.1119200999965,309.1119200999965,309.1119200999965,309.1119200999965,309.12858580000466,309.61215359999915,309.61215359999915,311.0956751999911,v,1,1.4832069000112824,None,,,,,003,001,2025-09-18_21h56.44.917,Motor Sequence Learning,,2025.1.1,59.655691212536524,2025-09-18 21h56.52.669027 +0530,
50,c,142,2,35,c,1,1.3211893999832682,None,35,2,142,2,,,,,311.1121984999918,,311.0958953000081,311.1121984999918,312.0953143000079,312.0953143000079,312.0953143000079,312.0953143000079,312.1119011999981,312.59535610000603,312.59535610000603,313.929040899995,c,1,1.3211893999832682,None,,,,,003,001,2025-09-18_21h56.44.917,Motor Sequence Learning,,2025.1.1,59.655691212536524,2025-09-18 21h56.52.669027 +0530,
-150,z,143,3,35,z,1,0.738186600006884,None,35,3,143,3,,,,,313.9454936000111,,313.9292535999848,313.9454936000111,314.9284881000058,314.9284881000058,314.9284881000058,314.9284881000058,314.9452025000064,315.42851900000824,315.42851900000824,316.17909570000484,z,1,0.738186600006884,None,,,,,003,001,2025-09-18_21h56.44.917,Motor Sequence Learning,,2025.1.1,59.655691212536524,2025-09-18 21h56.52.669027 +0530,
-50,x,144,0,36,x,1,0.659838799998397,None,36,0,144,0,,,,,316.1951405,,316.17933240000275,316.1951405,317.1786686000123,317.1786686000123,317.1786686000123,317.1786686000123,317.19516259999364,317.67835959998774,317.67835959998774,318.3453778999974,x,1,0.659838799998397,None,,,,,003,001,2025-09-18_21h56.44.917,Motor Sequence Learning,,2025.1.1,59.655691212536524,2025-09-18 21h56.52.669027 +0530,
150,v,145,1,36,v,1,0.38848009999492206,None,36,1,145,1,,,,,318.36163329999545,,318.3456539000035,318.36163329999545,319.34501499999897,319.34501499999897,319.34501499999897,319.34501499999897,319.3616039000044,319.84538610000163,319.84538610000163,320.2458282999869,v,1,0.38848009999492206,None,,,,,003,001,2025-09-18_21h56.44.917,Motor Sequence Learning,,2025.1.1,59.655691212536524,2025-09-18 21h56.52.669027 +0530,
50,c,146,2,36,c,1,0.684324400004698,None,36,2,146,2,,,,,320.2619469999918,,320.24613630000385,320.2619469999918,321.2460737999936,321.2460737999936,321.2460737999936,321.2460737999936,321.2618671999953,321.74505689999205,321.74505689999205,322.44565280000097,c,1,0.684324400004698,None,,,,,003,001,2025-09-18_21h56.44.917,Motor Sequence Learning,,2025.1.1,59.655691212536524,2025-09-18 21h56.52.669027 +0530,
-150,z,147,3,36,z,1,0.5823033999768086,None,36,3,147,3,,,,,322.4619995999965,,322.4460030999908,322.4619995999965,323.4453216000111,323.4453216000111,323.4453216000111,323.4453216000111,323.4620483999897,323.94528749998426,323.94528749998426,324.52867550001247,z,1,0.5823033999768086,None,,,,,003,001,2025-09-18_21h56.44.917,Motor Sequence Learning,,2025.1.1,59.655691212536524,2025-09-18 21h56.52.669027 +0530,
-50,x,148,0,37,x,1,0.44953420001547784,None,37,0,148,0,,,,,324.5449963999854,,324.52899590000743,324.5449963999854,325.5284777999914,325.5284777999914,325.5284777999914,325.5284777999914,325.54484079999384,326.0285734999925,326.0285734999925,326.4789161999943,x,1,0.44953420001547784,None,,,,,003,001,2025-09-18_21h56.44.917,Motor Sequence Learning,,2025.1.1,59.655691212536524,2025-09-18 21h56.52.669027 +0530,
150,v,149,1,37,v,1,0.4229283999884501,None,37,1,149,1,,,,,326.4952776999853,,326.4791297999909,326.4952776999853,327.4780974999885,327.4780974999885,327.4780974999885,327.4780974999885,327.4948798000114,327.9783569999854,327.9783569999854,328.41190929998993,v,1,0.4229283999884501,None,,,,,003,001,2025-09-18_21h56.44.917,Motor Sequence Learning,,2025.1.1,59.655691212536524,2025-09-18 21h56.52.669027 +0530,
50,c,150,2,37,c,1,0.7295197000203189,None,37,2,150,2,,,,,328.42835130001185,,328.41223320001154,328.42835130001185,329.4115950000123,329.4115950000123,329.4115950000123,329.4115950000123,329.4284672999929,329.91161270000157,329.91161270000157,330.64522479998413,c,1,0.7295197000203189,None,,,,,003,001,2025-09-18_21h56.44.917,Motor Sequence Learning,,2025.1.1,59.655691212536524,2025-09-18 21h56.52.669027 +0530,
-150,z,151,3,37,z,1,0.5479137999936938,None,37,3,151,3,,,,,330.6615497999883,,330.64549540000735,330.6615497999883,331.6451357000042,331.6451357000042,331.6451357000042,331.6451357000042,331.6616769999964,332.1449796000088,332.1449796000088,332.69540090000373,z,1,0.5479137999936938,None,,,,,003,001,2025-09-18_21h56.44.917,Motor Sequence Learning,,2025.1.1,59.655691212536524,2025-09-18 21h56.52.669027 +0530,
-50,x,152,0,38,x,1,0.6193288000067696,None,38,0,152,0,,,,,332.71157360001234,,332.6956735000131,332.71157360001234,333.69498199998634,333.69498199998634,333.69498199998634,333.69498199998634,333.7113823000109,334.1950502000109,334.1950502000109,334.8287074000109,x,1,0.6193288000067696,None,,,,,003,001,2025-09-18_21h56.44.917,Motor Sequence Learning,,2025.1.1,59.655691212536524,2025-09-18 21h56.52.669027 +0530,
150,v,153,1,38,v,1,0.420620399992913,None,38,1,153,1,,,,,334.84470720001264,,334.829006999993,334.84470720001264,335.82815489999484,335.82815489999484,335.82815489999484,335.82815489999484,335.84490689999075,336.32799910000176,336.32799910000176,336.7496087999898,v,1,0.420620399992913,None,,,,,003,001,2025-09-18_21h56.44.917,Motor Sequence Learning,,2025.1.1,59.655691212536524,2025-09-18 21h56.52.669027 +0530,
50,c,154,2,38,c,1,0.6673133000149392,None,38,2,154,2,,,,,336.76277289999416,,336.7500805000018,336.76277289999416,337.76274549998925,337.76274549998925,337.76274549998925,337.76274549998925,337.76274549998925,338.26189170000725,338.26189170000725,338.9298443000007,c,1,0.6673133000149392,None,,,,,003,001,2025-09-18_21h56.44.917,Motor Sequence Learning,,2025.1.1,59.655691212536524,2025-09-18 21h56.52.669027 +0530,
-150,z,155,3,38,z,1,0.6567617000255268,None,38,3,155,3,,,,,338.9456651000073,,338.93028920001234,338.9456651000073,339.92909849999705,339.92909849999705,339.92909849999705,339.92909849999705,339.9459133000055,340.42982709998614,340.42982709998614,341.09679400001187,z,1,0.6567617000255268,None,,,,,003,001,2025-09-18_21h56.44.917,Motor Sequence Learning,,2025.1.1,59.655691212536524,2025-09-18 21h56.52.669027 +0530,
-50,x,156,0,39,x,1,0.6996727000223473,None,39,0,156,0,,,,,341.11272820000886,,341.09734879998723,341.11272820000886,342.11218309999094,342.11218309999094,342.11218309999094,342.11218309999094,342.11218309999094,342.61247160000494,342.61247160000494,343.31404890000704,x,1,0.6996727000223473,None,,,,,003,001,2025-09-18_21h56.44.917,Motor Sequence Learning,,2025.1.1,59.655691212536524,2025-09-18 21h56.52.669027 +0530,
150,v,157,1,39,v,1,0.5800443000043742,None,39,1,157,1,,,,,343.32989769999404,,343.31454590000794,343.32989769999404,344.3134039999859,344.3134039999859,344.3134039999859,344.3134039999859,344.32966220000526,344.82938690000447,344.82938690000447,345.4144924999855,v,1,0.5800443000043742,None,,,,,003,001,2025-09-18_21h56.44.917,Motor Sequence Learning,,2025.1.1,59.655691212536524,2025-09-18 21h56.52.669027 +0530,
50,c,158,2,39,c,1,1.4216245999850798,None,39,2,158,2,,,,,345.4289759999956,,345.41512260001036,345.4289759999956,346.43006149999565,346.43006149999565,346.43006149999565,346.43006149999565,346.43006149999565,346.9300815000024,346.9300815000024,348.3646386000037,c,1,1.4216245999850798,None,,,,,003,001,2025-09-18_21h56.44.917,Motor Sequence Learning,,2025.1.1,59.655691212536524,2025-09-18 21h56.52.669027 +0530,
-150,z,159,3,39,z,1,0.6157302999927197,None,39,3,159,3,,,,,348.3805958000012,,348.36514499998884,348.3805958000012,349.37987820000853,349.37987820000853,349.37987820000853,349.37987820000853,349.37987820000853,349.87855940000736,349.87855940000736,350.4976602999959,z,1,0.6157302999927197,None,,,,,003,001,2025-09-18_21h56.44.917,Motor Sequence Learning,,2025.1.1,59.655691212536524,2025-09-18 21h56.52.669027 +0530,
-50,x,160,0,40,x,1,0.6858314000128303,None,40,0,160,0,,,,,350.51303599998937,,350.4981529999932,350.51303599998937,351.51323059998685,351.51323059998685,351.51323059998685,351.51323059998685,351.51323059998685,352.0123553999874,352.0123553999874,352.7135009999911,x,1,0.6858314000128303,None,,,,,003,001,2025-09-18_21h56.44.917,Motor Sequence Learning,,2025.1.1,59.655691212536524,2025-09-18 21h56.52.669027 +0530,
150,v,161,1,40,v,1,0.4424258000217378,None,40,1,161,1,,,,,352.7291625000071,,352.71399499999825,352.7291625000071,353.7128442999965,353.7128442999965,353.7128442999965,353.7128442999965,353.7297203000053,354.2126259999932,354.2126259999932,354.6631680999999,v,1,0.4424258000217378,None,,,,,003,001,2025-09-18_21h56.44.917,Motor Sequence Learning,,2025.1.1,59.655691212536524,2025-09-18 21h56.52.669027 +0530,
50,c,162,2,40,c,1,0.7064378999930341,None,40,2,162,2,,,,,354.67909019999206,,354.6636354000075,354.67909019999206,355.6623882999993,355.6623882999993,355.6623882999993,355.6623882999993,355.6799151999876,356.1622834999871,356.1622834999871,356.8807936999947,c,1,0.7064378999930341,None,,,,,003,001,2025-09-18_21h56.44.917,Motor Sequence Learning,,2025.1.1,59.655691212536524,2025-09-18 21h56.52.669027 +0530,
-150,z,163,3,40,z,1,0.5300661000073887,None,40,3,163,3,,,,,356.8960778999899,,356.8813431999879,356.8960778999899,357.89605660000234,357.89605660000234,357.89605660000234,357.89605660000234,357.89605660000234,358.39522420000867,358.39522420000867,358.9300075999927,z,1,0.5300661000073887,None,,,,,003,001,2025-09-18_21h56.44.917,Motor Sequence Learning,,2025.1.1,59.655691212536524,2025-09-18 21h56.52.669027 +0530,
-50,x,164,0,41,x,1,0.3490495999867562,None,41,0,164,0,,,,,358.94553120000637,,358.9306660000002,358.94553120000637,359.9312104000128,359.9312104000128,359.9312104000128,359.9312104000128,359.94752889999654,360.4451502999873,360.4451502999873,360.7974639000022,x,1,0.3490495999867562,None,,,,,003,001,2025-09-18_21h56.44.917,Motor Sequence Learning,,2025.1.1,59.655691212536524,2025-09-18 21h56.52.669027 +0530,
150,v,165,1,41,v,1,0.2330212999950163,None,41,1,165,1,,,,,360.812671599997,,360.79797240000335,360.812671599997,361.8125308000017,361.8125308000017,361.8125308000017,361.8125308000017,361.8125308000017,362.31253379999544,362.31253379999544,362.5460755999957,v,1,0.2330212999950163,None,,,,,003,001,2025-09-18_21h56.44.917,Motor Sequence Learning,,2025.1.1,59.655691212536524,2025-09-18 21h56.52.669027 +0530,
50,c,166,2,41,c,1,0.7715593999892008,None,41,2,166,2,,,,,362.5617263999884,,362.546529299987,362.5617263999884,363.54573519999394,363.54573519999394,363.54573519999394,363.54573519999394,363.5631957000005,364.0457582999952,364.0457582999952,364.82923460000893,c,1,0.7715593999892008,None,,,,,003,001,2025-09-18_21h56.44.917,Motor Sequence Learning,,2025.1.1,59.655691212536524,2025-09-18 21h56.52.669027 +0530,
-150,z,167,3,41,z,1,0.6348851000075229,None,41,3,167,3,,,,,364.8465099000023,,364.82986450000317,364.8465099000023,365.8298314999847,365.8298314999847,365.8298314999847,365.8298314999847,365.8457352000114,366.32897219998995,366.32897219998995,366.9802469999995,z,1,0.6348851000075229,None,,,,,003,001,2025-09-18_21h56.44.917,Motor Sequence Learning,,2025.1.1,59.655691212536524,2025-09-18 21h56.52.669027 +0530,
-50,x,168,0,42,x,1,0.36786870000651106,None,42,0,168,0,,,,,366.9954013999959,,366.98073479998857,366.9954013999959,367.97902209998574,367.97902209998574,367.97902209998574,367.97902209998574,367.9952088999853,368.4798273000051,368.4798273000051,368.8625222000119,x,1,0.36786870000651106,None,,,,,003,001,2025-09-18_21h56.44.917,Motor Sequence Learning,,2025.1.1,59.655691212536524,2025-09-18 21h56.52.669027 +0530,
150,v,169,1,42,v,1,0.2951625999994576,None,42,1,169,1,,,,,368.87839070000337,,368.86309910001,368.87839070000337,369.864487999992,369.864487999992,369.864487999992,369.864487999992,369.87950139999157,370.3620255999849,370.3620255999849,370.66304220000166,v,1,0.2951625999994576,None,,,,,003,001,2025-09-18_21h56.44.917,Motor Sequence Learning,,2025.1.1,59.655691212536524,2025-09-18 21h56.52.669027 +0530,
50,c,170,2,42,c,1,0.5805502999864984,None,42,2,170,2,,,,,370.67959240000346,,370.6637114000041,370.67959240000346,371.6778537000064,371.6778537000064,371.6778537000064,371.6778537000064,371.6944145000016,372.17868039998575,372.17868039998575,372.76358510000864,c,1,0.5805502999864984,None,,,,,003,001,2025-09-18_21h56.44.917,Motor Sequence Learning,,2025.1.1,59.655691212536524,2025-09-18 21h56.52.669027 +0530,
-150,z,171,3,42,z,1,0.6815477999916766,None,42,3,171,3,,,,,372.7789485999965,,372.7640413999907,372.7789485999965,373.7643458000093,373.7643458000093,373.7643458000093,373.7643458000093,373.7785358999972,374.26224899999215,374.26224899999215,374.9470977000019,z,1,0.6815477999916766,None,,,,,003,001,2025-09-18_21h56.44.917,Motor Sequence Learning,,2025.1.1,59.655691212536524,2025-09-18 21h56.52.669027 +0530,
-50,x,172,0,43,x,1,0.3434962000173982,None,43,0,172,0,,,,,374.96277069998905,,374.94759019999765,374.96277069998905,375.9457810999884,375.9457810999884,375.9457810999884,375.9457810999884,375.96254169999156,376.46302009999636,376.46302009999636,376.813614099985,x,1,0.3434962000173982,None,,,,,003,001,2025-09-18_21h56.44.917,Motor Sequence Learning,,2025.1.1,59.655691212536524,2025-09-18 21h56.52.669027 +0530,
150,v,173,1,43,v,1,0.35362050001276657,None,43,1,173,1,,,,,376.82929950000835,,376.81440279999515,376.82929950000835,377.8292428999848,377.8292428999848,377.8292428999848,377.8292428999848,377.8292428999848,378.31262529999367,378.31262529999367,378.6794307999953,v,1,0.35362050001276657,None,,,,,003,001,2025-09-18_21h56.44.917,Motor Sequence Learning,,2025.1.1,59.655691212536524,2025-09-18 21h56.52.669027 +0530,
50,c,174,2,43,c,1,0.28645670000696555,None,43,2,174,2,,,,,378.69464589998825,,378.67984210001305,378.69464589998825,379.6798887999903,379.6798887999903,379.6798887999903,379.6798887999903,379.69624270001077,380.17868429998634,380.17868429998634,380.47990179999033,c,1,0.28645670000696555,None,,,,,003,001,2025-09-18_21h56.44.917,Motor Sequence Learning,,2025.1.1,59.655691212536524,2025-09-18 21h56.52.669027 +0530,
-150,z,175,3,43,z,1,0.3299323999963235,None,43,3,175,3,,,,,380.49582219999866,,380.4804737000086,380.49582219999866,381.47934910000185,381.47934910000185,381.47934910000185,381.47934910000185,381.49580020000576,381.9790633000084,381.9790633000084,382.31349540001247,z,1,0.3299323999963235,None,,,,,003,001,2025-09-18_21h56.44.917,Motor Sequence Learning,,2025.1.1,59.655691212536524,2025-09-18 21h56.52.669027 +0530,
-50,x,176,0,44,x,1,0.2936483999947086,None,44,0,176,0,,,,,382.32920659999945,,382.31402220000746,382.32920659999945,383.3293011999922,383.3293011999922,383.3293011999922,383.3293011999922,383.3293011999922,383.828542400006,383.828542400006,384.1301533000078,x,1,0.2936483999947086,None,,,,,003,001,2025-09-18_21h56.44.917,Motor Sequence Learning,,2025.1.1,59.655691212536524,2025-09-18 21h56.52.669027 +0530,
150,v,177,1,44,v,1,0.30588639999041334,None,44,1,177,1,,,,,384.14565190000576,,384.1306740999862,384.14565190000576,385.14594610000495,385.14594610000495,385.14594610000495,385.14594610000495,385.14594610000495,385.64578749999055,385.64578749999055,385.9618206000014,v,1,0.30588639999041334,None,,,,,003,001,2025-09-18_21h56.44.917,Motor Sequence Learning,,2025.1.1,59.655691212536524,2025-09-18 21h56.52.669027 +0530,
50,c,178,2,44,c,1,0.6621418000140693,None,44,2,178,2,,,,,385.97800810000626,,385.96219709998695,385.97800810000626,386.96257979999064,386.96257979999064,386.96257979999064,386.96257979999064,386.9792294999934,387.4624122999958,387.4624122999958,388.13048100000015,c,1,0.6621418000140693,None,,,,,003,001,2025-09-18_21h56.44.917,Motor Sequence Learning,,2025.1.1,59.655691212536524,2025-09-18 21h56.52.669027 +0530,
-150,z,179,3,44,z,1,0.5290684000065085,None,44,3,179,3,,,,,388.14595199999167,,388.1310217999853,388.14595199999167,389.14593440000317,389.14593440000317,389.14593440000317,389.14593440000317,389.14593440000317,389.64603410000564,389.64603410000564,390.17884000000777,z,1,0.5290684000065085,None,,,,,003,001,2025-09-18_21h56.44.917,Motor Sequence Learning,,2025.1.1,59.655691212536524,2025-09-18 21h56.52.669027 +0530,
-50,x,180,0,45,x,1,0.6047557000129018,None,45,0,180,0,,,,,390.1944663999893,,390.1792631999997,390.1944663999893,391.1790580000088,391.1790580000088,391.1790580000088,391.1790580000088,391.19578690000344,391.6787578999938,391.6787578999938,392.2953872999933,x,1,0.6047557000129018,None,,,,,003,001,2025-09-18_21h56.44.917,Motor Sequence Learning,,2025.1.1,59.655691212536524,2025-09-18 21h56.52.669027 +0530,
150,v,181,1,45,v,1,0.532591199997114,None,45,1,181,1,,,,,392.31083370000124,,392.29577920000884,392.31083370000124,393.2950642000069,393.2950642000069,393.2950642000069,393.2950642000069,393.31240339999204,393.79502940000384,393.79502940000384,394.330231800006,v,1,0.532591199997114,None,,,,,003,001,2025-09-18_21h56.44.917,Motor Sequence Learning,,2025.1.1,59.655691212536524,2025-09-18 21h56.52.669027 +0530,
50,c,182,2,45,c,1,0.4990383999829646,None,45,2,182,2,,,,,394.34516689999145,,394.3308485999878,394.34516689999145,395.34552500001155,395.34552500001155,395.34552500001155,395.34552500001155,395.34552500001155,395.8453256000066,395.8453256000066,396.34724989999086,c,1,0.4990383999829646,None,,,,,003,001,2025-09-18_21h56.44.917,Motor Sequence Learning,,2025.1.1,59.655691212536524,2025-09-18 21h56.52.669027 +0530,
-150,z,183,3,45,z,1,0.5613815000106115,None,45,3,183,3,,,,,396.3620748000103,,396.3477325999993,396.3620748000103,397.36310180000146,397.36310180000146,397.36310180000146,397.36310180000146,397.36310180000146,397.86198230000446,397.86198230000446,398.4290170999884,z,1,0.5613815000106115,None,,,,,003,001,2025-09-18_21h56.44.917,Motor Sequence Learning,,2025.1.1,59.655691212536524,2025-09-18 21h56.52.669027 +0530,
-50,x,184,0,46,x,1,0.3728623000206426,None,46,0,184,0,,,,,398.44560529998853,,398.42962400001124,398.44560529998853,399.4292978000012,399.4292978000012,399.4292978000012,399.4292978000012,399.44560679999995,399.9296856999863,399.9296856999863,400.31275449998793,x,1,0.3728623000206426,None,,,,,003,001,2025-09-18_21h56.44.917,Motor Sequence Learning,,2025.1.1,59.655691212536524,2025-09-18 21h56.52.669027 +0530,
150,v,185,1,46,v,1,0.2666705999872647,None,46,1,185,1,,,,,400.32856679998804,,400.31342560000485,400.32856679998804,401.312345000013,401.312345000013,401.312345000013,401.312345000013,401.3293485000031,401.8288331000076,401.8288331000076,402.1113630000036,v,1,0.2666705999872647,None,,,,,003,001,2025-09-18_21h56.44.917,Motor Sequence Learning,,2025.1.1,59.655691212536524,2025-09-18 21h56.52.669027 +0530,
50,c,186,2,46,c,1,0.2575479000224732,None,46,2,186,2,,,,,402.1276033000031,,402.1118010999926,402.1276033000031,403.1123701999895,403.1123701999895,403.1123701999895,403.1123701999895,403.1293444999901,403.612011899997,403.612011899997,403.879632199998,c,1,0.2575479000224732,None,,,,,003,001,2025-09-18_21h56.44.917,Motor Sequence Learning,,2025.1.1,59.655691212536524,2025-09-18 21h56.52.669027 +0530,
-150,z,187,3,46,z,1,0.9934352000127546,None,46,3,187,3,,,,,403.89553579999483,,403.88017670001136,403.89553579999483,404.8954231000098,404.8954231000098,404.8954231000098,404.8954231000098,404.8954231000098,405.3954558999976,405.3954558999976,406.3963220999867,z,1,0.9934352000127546,None,,,,,003,001,2025-09-18_21h56.44.917,Motor Sequence Learning,,2025.1.1,59.655691212536524,2025-09-18 21h56.52.669027 +0530,
-50,x,188,0,47,x,1,0.0753538999997545,None,47,0,188,0,,,,,406.4117700000061,,406.3968293000071,406.4117700000061,407.3953582000104,407.3953582000104,407.3953582000104,407.3953582000104,407.41269759999705,407.89559810000355,407.89559810000355,407.97963549999986,x,1,0.0753538999997545,None,,,,,003,001,2025-09-18_21h56.44.917,Motor Sequence Learning,,2025.1.1,59.655691212536524,2025-09-18 21h56.52.669027 +0530,
150,v,189,1,47,v,1,0.2523393000010401,None,47,1,189,1,,,,,407.99513629998546,,407.9801254000049,407.99513629998546,408.994844300003,408.994844300003,408.994844300003,408.994844300003,408.994844300003,409.4954044999904,409.4954044999904,409.76311060000444,v,1,0.2523393000010401,None,,,,,003,001,2025-09-18_21h56.44.917,Motor Sequence Learning,,2025.1.1,59.655691212536524,2025-09-18 21h56.52.669027 +0530,
50,c,190,2,47,c,1,0.7201348999806214,None,47,2,190,2,,,,,409.77811980000115,,409.7636540000094,409.77811980000115,410.76180269999895,410.76180269999895,410.76180269999895,410.76180269999895,410.7785067000077,411.2615686999925,411.2615686999925,411.9964567999996,c,1,0.7201348999806214,None,,,,,003,001,2025-09-18_21h56.44.917,Motor Sequence Learning,,2025.1.1,59.655691212536524,2025-09-18 21h56.52.669027 +0530,
-150,z,191,3,47,z,1,0.2744117000256665,None,47,3,191,3,,,,,412.01178870000876,,411.9971235000121,412.01178870000876,412.99515830000746,412.99515830000746,412.99515830000746,412.99515830000746,413.0120106000104,413.51083009998547,413.51083009998547,413.7960180999944,z,1,0.2744117000256665,None,,,,,003,001,2025-09-18_21h56.44.917,Motor Sequence Learning,,2025.1.1,59.655691212536524,2025-09-18 21h56.52.669027 +0530,
-50,x,192,0,48,x,1,0.09792679999372922,None,48,0,192,0,,,,,413.8117543999979,,413.7965341999952,413.8117543999979,414.8119719999959,414.8119719999959,414.8119719999959,414.8119719999959,414.8119719999959,415.31306230000337,415.31306230000337,415.4137066999974,x,1,0.09792679999372922,None,,,,,003,001,2025-09-18_21h56.44.917,Motor Sequence Learning,,2025.1.1,59.655691212536524,2025-09-18 21h56.52.669027 +0530,
150,v,193,1,48,v,1,0.1361837000004016,None,48,1,193,1,,,,,415.4285838000069,,415.4143441999913,415.4285838000069,416.428417099989,416.428417099989,416.428417099989,416.428417099989,416.428417099989,416.9282382999954,416.9282382999954,417.0792586999887,v,1,0.1361837000004016,None,,,,,003,001,2025-09-18_21h56.44.917,Motor Sequence Learning,,2025.1.1,59.655691212536524,2025-09-18 21h56.52.669027 +0530,
50,c,194,2,48,c,1,0.9607797999924514,None,48,2,194,2,,,,,417.09544370000367,,417.07973619998666,417.09544370000367,418.07870929999626,418.07870929999626,418.07870929999626,418.07870929999626,418.09491210000124,418.59503319999203,418.59503319999203,419.5628646000114,c,1,0.9607797999924514,None,,,,,003,001,2025-09-18_21h56.44.917,Motor Sequence Learning,,2025.1.1,59.655691212536524,2025-09-18 21h56.52.669027 +0530,
-150,z,195,3,48,z,1,0.3320399000076577,None,48,3,195,3,,,,,419.57827979998547,,419.56334560000687,419.57827979998547,420.5610764999874,420.5610764999874,420.5610764999874,420.5610764999874,420.578463199985,421.0612962000014,421.0612962000014,421.39654710001196,z,1,0.3320399000076577,None,,,,,003,001,2025-09-18_21h56.44.917,Motor Sequence Learning,,2025.1.1,59.655691212536524,2025-09-18 21h56.52.669027 +0530,
-50,x,196,0,49,x,1,0.3880629000195768,None,49,0,196,0,,,,,421.4115501999913,,421.397086699988,421.4115501999913,422.41207230000873,422.41207230000873,422.41207230000873,422.41207230000873,422.41207230000873,422.91184379998595,422.91184379998595,423.3134396999958,x,1,0.3880629000195768,None,,,,,003,001,2025-09-18_21h56.44.917,Motor Sequence Learning,,2025.1.1,59.655691212536524,2025-09-18 21h56.52.669027 +0530,
150,v,197,1,49,v,1,0.2926769999903627,None,49,1,197,1,,,,,423.3284169000108,,423.31399940000847,423.3284169000108,424.32723409999744,424.32723409999744,424.32723409999744,424.32723409999744,424.34407279998413,424.82868499998585,424.82868499998585,425.1291040999931,v,1,0.2926769999903627,None,,,,,003,001,2025-09-18_21h56.44.917,Motor Sequence Learning,,2025.1.1,59.655691212536524,2025-09-18 21h56.52.669027 +0530,
50,c,198,2,49,c,1,0.756890899996506,None,49,2,198,2,,,,,425.1443741999974,,425.1296083999914,425.1443741999974,426.12841090001166,426.12841090001166,426.12841090001166,426.12841090001166,426.1453635999933,426.62854669999797,426.62854669999797,427.39499530001194,c,1,0.756890899996506,None,,,,,003,001,2025-09-18_21h56.44.917,Motor Sequence Learning,,2025.1.1,59.655691212536524,2025-09-18 21h56.52.669027 +0530,
-150,z,199,3,49,z,1,0.47255350000341423,None,49,3,199,3,,,,,427.41079590001027,,427.3955036000116,427.41079590001027,428.4120305000106,428.4120305000106,428.4120305000106,428.4120305000106,428.4120305000106,428.89497230001143,428.89497230001143,429.37912190001225,z,1,0.47255350000341423,None,,,,,003,001,2025-09-18_21h56.44.917,Motor Sequence Learning,,2025.1.1,59.655691212536524,2025-09-18 21h56.52.669027 +0530,
50,c,0,0,0,c,1,0.6967233000032138,None,,,,,0,0,0,2,429.42705219998606,,429.41042359999847,429.42705219998606,430.3780890000053,430.3780890000053,430.3780890000053,430.3780890000053,430.42774610000197,430.8786521999864,430.8786521999864,431.57941979999305,,,,,c,1,0.6967233000032138,None,003,001,2025-09-18_21h56.44.917,Motor Sequence Learning,,2025.1.1,59.655691212536524,2025-09-18 21h56.52.669027 +0530,
-150,z,1,1,0,z,1,0.5039091000217013,None,,,,,0,1,1,3,431.5947520000045,,431.5799016999954,431.5947520000045,432.5938964000088,432.5938964000088,432.5938964000088,432.5938964000088,432.5938964000088,433.0784663000086,433.0784663000086,433.59666049998486,,,,,z,1,0.5039091000217013,None,003,001,2025-09-18_21h56.44.917,Motor Sequence Learning,,2025.1.1,59.655691212536524,2025-09-18 21h56.52.669027 +0530,
150,v,2,2,0,v,1,0.5580680999846663,None,,,,,0,2,2,1,433.6121264999965,,433.5973534999939,433.6121264999965,434.6116320999863,434.6116320999863,434.6116320999863,434.6116320999863,434.6116320999863,435.1115168000106,435.1115168000106,435.67944159999024,,,,,v,1,0.5580680999846663,None,003,001,2025-09-18_21h56.44.917,Motor Sequence Learning,,2025.1.1,59.655691212536524,2025-09-18 21h56.52.669027 +0530,
150,v,3,3,1,v,1,0.394672399997944,None,,,,,1,3,3,1,435.6948163000052,,435.67991760000587,435.6948163000052,436.67801319999853,436.67801319999853,436.67801319999853,436.67801319999853,436.6948441999848,437.19437029998517,437.19437029998517,437.5956518999883,,,,,v,1,0.394672399997944,None,003,001,2025-09-18_21h56.44.917,Motor Sequence Learning,,2025.1.1,59.655691212536524,2025-09-18 21h56.52.669027 +0530,
-150,z,4,4,1,z,1,0.4981965000042692,None,,,,,1,4,4,3,437.6115440999856,,437.5962811000063,437.6115440999856,438.6102263999928,438.6102263999928,438.6102263999928,438.6102263999928,438.6102263999928,439.09489450001274,439.09489450001274,439.59601499998826,,,,,z,1,0.4981965000042692,None,003,001,2025-09-18_21h56.44.917,Motor Sequence Learning,,2025.1.1,59.655691212536524,2025-09-18 21h56.52.669027 +0530,
-50,x,5,5,0,x,1,0.5748960000055376,None,,,,,0,5,5,0,439.6117651000095,,439.5964968999906,439.6117651000095,440.6132265999913,440.6132265999913,440.6132265999913,440.6132265999913,440.6276682000025,441.1100460999878,441.1100460999878,441.69461040000897,,,,,x,1,0.5748960000055376,None,003,001,2025-09-18_21h56.44.917,Motor Sequence Learning,,2025.1.1,59.655691212536524,2025-09-18 21h56.52.669027 +0530,
50,c,6,6,1,c,1,0.48825460000080056,None,,,,,1,6,6,2,441.71091739999247,,441.6950122999842,441.71091739999247,442.694957300002,442.694957300002,442.694957300002,442.694957300002,442.71154429999297,443.1936757999938,443.1936757999938,443.694954400009,,,,,c,1,0.48825460000080056,None,003,001,2025-09-18_21h56.44.917,Motor Sequence Learning,,2025.1.1,59.655691212536524,2025-09-18 21h56.52.669027 +0530,
-150,z,7,7,2,z,1,0.5613183999957982,None,,,,,2,7,7,3,443.71118290000595,,443.69551550000324,443.71118290000595,444.6946193999902,444.6946193999902,444.6946193999902,444.6946193999902,444.71175519999815,445.19409189998987,445.19409189998987,445.76273590000346,,,,,z,1,0.5613183999957982,None,003,001,2025-09-18_21h56.44.917,Motor Sequence Learning,,2025.1.1,59.655691212536524,2025-09-18 21h56.52.669027 +0530,
150,v,8,8,2,v,1,0.4474684000015259,None,,,,,2,8,8,1,445.7784490000049,,445.7634049000044,445.7784490000049,446.7779758000106,446.7779758000106,446.7779758000106,446.7779758000106,446.7779758000106,447.2609464999987,447.2609464999987,447.7124713000085,,,,,v,1,0.4474684000015259,None,003,001,2025-09-18_21h56.44.917,Motor Sequence Learning,,2025.1.1,59.655691212536524,2025-09-18 21h56.52.669027 +0530,
-50,x,9,9,1,x,1,0.7364184000180103,None,,,,,1,9,9,0,447.72823999999673,,447.7129677000048,447.72823999999673,448.7280472999846,448.7280472999846,448.7280472999846,448.7280472999846,448.7280472999846,449.2280363999889,449.2280363999889,449.9807931999967,,,,,x,1,0.7364184000180103,None,003,001,2025-09-18_21h56.44.917,Motor Sequence Learning,,2025.1.1,59.655691212536524,2025-09-18 21h56.52.669027 +0530,
-150,z,10,10,3,z,1,0.5503661000111606,None,,,,,3,10,10,3,449.99458520000917,,449.98139309999533,449.99458520000917,450.99502510001184,450.99502510001184,450.99502510001184,450.99502510001184,450.99502510001184,451.49423109999043,451.49423109999043,452.0454861999897,,,,,z,1,0.5503661000111606,None,003,001,2025-09-18_21h56.44.917,Motor Sequence Learning,,2025.1.1,59.655691212536524,2025-09-18 21h56.52.669027 +0530,
-50,x,11,11,2,x,1,0.6637891000136733,None,,,,,2,11,11,0,452.0610757000104,,452.0459734000033,452.0610757000104,453.0613483999914,453.0613483999914,453.0613483999914,453.0613483999914,453.0613483999914,453.544694399985,453.544694399985,454.2120849000057,,,,,x,1,0.6637891000136733,None,003,001,2025-09-18_21h56.44.917,Motor Sequence Learning,,2025.1.1,59.655691212536524,2025-09-18 21h56.52.669027 +0530,
150,v,12,12,3,v,1,0.30976689999806695,None,,,,,3,12,12,1,454.2276664999954,,454.21257299999706,454.2276664999954,455.2286475999863,455.2286475999863,455.2286475999863,455.2286475999863,455.2286475999863,455.7267859999847,455.7267859999847,456.0460460000031,,,,,v,1,0.30976689999806695,None,003,001,2025-09-18_21h56.44.917,Motor Sequence Learning,,2025.1.1,59.655691212536524,2025-09-18 21h56.52.669027 +0530,
150,v,13,13,4,v,1,0.45089540001936257,None,,,,,4,13,13,1,456.06185900000855,,456.0465870999906,456.06185900000855,457.06102019999526,457.06102019999526,457.06102019999526,457.06102019999526,457.06102019999526,457.55999849998625,457.55999849998625,458.02716359999613,,,,,v,1,0.45089540001936257,None,003,001,2025-09-18_21h56.44.917,Motor Sequence Learning,,2025.1.1,59.655691212536524,2025-09-18 21h56.52.669027 +0530,
150,v,14,14,5,v,1,0.29817359999287874,None,,,,,5,14,14,1,458.04310859998805,,458.027606299991,458.04310859998805,459.02786699999706,459.02786699999706,459.02786699999706,459.02786699999706,459.04457379999803,459.5279318999965,459.5279318999965,459.8294792000088,,,,,v,1,0.29817359999287874,None,003,001,2025-09-18_21h56.44.917,Motor Sequence Learning,,2025.1.1,59.655691212536524,2025-09-18 21h56.52.669027 +0530,
50,c,15,15,2,c,1,0.7545998999848962,None,,,,,2,15,15,2,459.8438690000039,,459.8300745000015,459.8438690000039,460.8448392999999,460.8448392999999,460.8448392999999,460.8448392999999,460.8448392999999,461.3444171999872,461.3444171999872,462.1118212000001,,,,,c,1,0.7545998999848962,None,003,001,2025-09-18_21h56.44.917,Motor Sequence Learning,,2025.1.1,59.655691212536524,2025-09-18 21h56.52.669027 +0530,
-150,z,16,16,4,z,1,0.5115628000057768,None,,,,,4,16,16,3,462.1302764999855,,462.1124099000008,462.1302764999855,463.111318100011,463.111318100011,463.111318100011,463.111318100011,463.1444603000127,463.6264411000011,463.6264411000011,464.14365610000095,,,,,z,1,0.5115628000057768,None,003,001,2025-09-18_21h56.44.917,Motor Sequence Learning,,2025.1.1,59.655691212536524,2025-09-18 21h56.52.669027 +0530,
50,c,17,17,3,c,1,0.8685264000087045,None,,,,,3,17,17,2,464.159894899989,,464.14407629999914,464.159894899989,465.14500429999316,465.14500429999316,465.14500429999316,465.14500429999316,465.1613589999906,465.64449410000816,465.64449410000816,466.5271736999857,,,,,c,1,0.8685264000087045,None,003,001,2025-09-18_21h56.44.917,Motor Sequence Learning,,2025.1.1,59.655691212536524,2025-09-18 21h56.52.669027 +0530,
-150,z,18,18,5,z,1,0.5432315999933053,None,,,,,5,18,18,3,466.5432964999927,,466.5275876999949,466.5432964999927,467.5276487999945,467.5276487999945,467.5276487999945,467.5276487999945,467.5438361999986,468.02726339999936,468.02726339999936,468.57905500000925,,,,,z,1,0.5432315999933053,None,003,001,2025-09-18_21h56.44.917,Motor Sequence Learning,,2025.1.1,59.655691212536524,2025-09-18 21h56.52.669027 +0530,
-50,x,19,19,3,x,1,0.5262173999799415,None,,,,,3,19,19,0,468.5937971000094,,468.57962470001075,468.5937971000094,469.5776121999952,469.5776121999952,469.5776121999952,469.5776121999952,469.59436540000024,470.094857899996,470.094857899996,470.628503999993,,,,,x,1,0.5262173999799415,None,003,001,2025-09-18_21h56.44.917,Motor Sequence Learning,,2025.1.1,59.655691212536524,2025-09-18 21h56.52.669027 +0530,
150,v,20,20,6,v,1,0.732111299992539,None,,,,,6,20,20,1,470.64414799999213,,470.6290521000046,470.64414799999213,471.6436098999984,471.6436098999984,471.6436098999984,471.6436098999984,471.6436098999984,472.1277606000076,472.1277606000076,472.8606746000005,,,,,v,1,0.732111299992539,None,003,001,2025-09-18_21h56.44.917,Motor Sequence Learning,,2025.1.1,59.655691212536524,2025-09-18 21h56.52.669027 +0530,
-150,z,21,21,6,z,1,0.4686725999927148,None,,,,,6,21,21,3,472.87656080001034,,472.8612021000008,472.87656080001034,473.8609746999864,473.8609746999864,473.8609746999864,473.8609746999864,473.87767300000996,474.3606934999989,474.3606934999989,474.8443030999915,,,,,z,1,0.4686725999927148,None,003,001,2025-09-18_21h56.44.917,Motor Sequence Learning,,2025.1.1,59.655691212536524,2025-09-18 21h56.52.669027 +0530,
-150,z,22,22,7,z,1,0.535980999993626,None,,,,,7,22,22,3,474.860929699993,,474.8448475000041,474.860929699993,475.84414500001003,475.84414500001003,475.84414500001003,475.84414500001003,475.86050629999954,476.34433230001014,476.34433230001014,476.8955383999855,,,,,z,1,0.535980999993626,None,003,001,2025-09-18_21h56.44.917,Motor Sequence Learning,,2025.1.1,59.655691212536524,2025-09-18 21h56.52.669027 +0530,
-150,z,23,23,8,z,1,0.33172250000643544,None,,,,,8,23,23,3,476.9104767999961,,476.896046400012,476.9104767999961,477.8937464999908,477.8937464999908,477.8937464999908,477.8937464999908,477.91042050000397,478.4110170000058,478.4110170000058,478.7460684000107,,,,,z,1,0.33172250000643544,None,003,001,2025-09-18_21h56.44.917,Motor Sequence Learning,,2025.1.1,59.655691212536524,2025-09-18 21h56.52.669027 +0530,
-50,x,24,24,4,x,1,0.9563832000130787,None,,,,,4,24,24,0,478.7612240999879,,478.74667339998996,478.7612240999879,479.7610924000037,479.7610924000037,479.7610924000037,479.7610924000037,479.7610924000037,480.2606564000016,480.2606564000016,481.22754600000917,,,,,x,1,0.9563832000130787,None,003,001,2025-09-18_21h56.44.917,Motor Sequence Learning,,2025.1.1,59.655691212536524,2025-09-18 21h56.52.669027 +0530,
50,c,25,25,4,c,1,0.7057582999987062,None,,,,,4,25,25,2,481.2435269000125,,481.2280047000095,481.2435269000125,482.2270343999844,482.2270343999844,482.2270343999844,482.2270343999844,482.2440540000098,482.726839400013,482.726839400013,483.4434912999859,,,,,c,1,0.7057582999987062,None,003,001,2025-09-18_21h56.44.917,Motor Sequence Learning,,2025.1.1,59.655691212536524,2025-09-18 21h56.52.669027 +0530,
150,v,26,26,7,v,1,0.32564309998997487,None,,,,,7,26,26,1,483.4600070999877,,483.4438450000016,483.4600070999877,484.44310539998696,484.44310539998696,484.44310539998696,484.44310539998696,484.46056089998456,484.9433532000112,484.9433532000112,485.27865039999597,,,,,v,1,0.32564309998997487,None,003,001,2025-09-18_21h56.44.917,Motor Sequence Learning,,2025.1.1,59.655691212536524,2025-09-18 21h56.52.669027 +0530,
150,v,27,27,8,v,1,0.39766089999466203,None,,,,,8,27,27,1,485.29378279999946,,485.27917520000483,485.29378279999946,486.29313549998915,486.29313549998915,486.29313549998915,486.29313549998915,486.29313549998915,486.79316840000683,486.79316840000683,487.1948671999853,,,,,v,1,0.39766089999466203,None,003,001,2025-09-18_21h56.44.917,Motor Sequence Learning,,2025.1.1,59.655691212536524,2025-09-18 21h56.52.669027 +0530,
-50,x,28,28,5,x,1,0.6689293000090402,None,,,,,5,28,28,0,487.21161470000516,,487.1954282000079,487.21161470000516,488.19364000001224,488.19364000001224,488.19364000001224,488.19364000001224,488.2271249000041,488.6943193000043,488.6943193000043,489.377504700009,,,,,x,1,0.6689293000090402,None,003,001,2025-09-18_21h56.44.917,Motor Sequence Learning,,2025.1.1,59.655691212536524,2025-09-18 21h56.52.669027 +0530,
50,c,29,29,5,v,0,0.8162628000136465,None,,,,,5,29,29,2,489.39356239998597,,489.37802750000264,489.39356239998597,490.37743349999073,490.37743349999073,490.37743349999073,490.37743349999073,490.39440409999224,490.87787170000956,490.87787170000956,491.6969228000089,,,,,v,0,0.8162628000136465,None,003,001,2025-09-18_21h56.44.917,Motor Sequence Learning,,2025.1.1,59.655691212536524,2025-09-18 21h56.52.669027 +0530,
150,v,30,30,9,v,1,0.5459114999976009,None,,,,,9,30,30,1,491.71064109998406,,491.6975838000071,491.71064109998406,492.7108373999945,492.7108373999945,492.7108373999945,492.7108373999945,492.7108373999945,493.210567800008,493.210567800008,493.7613737999927,,,,,v,1,0.5459114999976009,None,003,001,2025-09-18_21h56.44.917,Motor Sequence Learning,,2025.1.1,59.655691212536524,2025-09-18 21h56.52.669027 +0530,
-50,x,31,31,6,x,1,0.8883148999884725,None,,,,,6,31,31,0,493.77704660000745,,493.7620801999874,493.77704660000745,494.7604897999845,494.7604897999845,494.7604897999845,494.7604897999845,494.77768050000304,495.26032179998583,495.26032179998583,496.1608140000026,,,,,x,1,0.8883148999884725,None,003,001,2025-09-18_21h56.44.917,Motor Sequence Learning,,2025.1.1,59.655691212536524,2025-09-18 21h56.52.669027 +0530,
-50,x,32,32,7,x,1,0.6094814999960363,None,,,,,7,32,32,0,496.1761860999977,,496.1612509000115,496.1761860999977,497.1755305000115,497.1755305000115,497.1755305000115,497.1755305000115,497.1755305000115,497.66097289999016,497.66097289999016,498.2759427000128,,,,,x,1,0.6094814999960363,None,003,001,2025-09-18_21h56.44.917,Motor Sequence Learning,,2025.1.1,59.655691212536524,2025-09-18 21h56.52.669027 +0530,
-50,x,33,33,8,x,1,0.3971002000034787,None,,,,,8,33,33,0,498.29197739998926,,498.2762339999899,498.29197739998926,499.27755349999643,499.27755349999643,499.27755349999643,499.27755349999643,499.293608899985,499.77532059999066,499.77532059999066,500.17585800000234,,,,,x,1,0.3971002000034787,None,003,001,2025-09-18_21h56.44.917,Motor Sequence Learning,,2025.1.1,59.655691212536524,2025-09-18 21h56.52.669027 +0530,
-50,x,34,34,9,x,1,0.35241530000348575,None,,,,,9,34,34,0,500.19274679999216,,500.17609729999094,500.19274679999216,501.1773307000112,501.1773307000112,501.1773307000112,501.1773307000112,501.19365830000606,501.6762555000023,501.6762555000023,502.04381569998804,,,,,x,1,0.35241530000348575,None,003,001,2025-09-18_21h56.44.917,Motor Sequence Learning,,2025.1.1,59.655691212536524,2025-09-18 21h56.52.669027 +0530,
150,v,35,35,10,v,1,0.38169209999614395,None,,,,,10,35,35,1,502.05965439998545,,502.04425189999165,502.05965439998545,503.04331820001244,503.04331820001244,503.04331820001244,503.04331820001244,503.0621628999943,503.5438801999844,503.5438801999844,503.9265461000032,,,,,v,1,0.38169209999614395,None,003,001,2025-09-18_21h56.44.917,Motor Sequence Learning,,2025.1.1,59.655691212536524,2025-09-18 21h56.52.669027 +0530,
-150,z,36,36,9,z,1,0.5136646000028122,None,,,,,9,36,36,3,503.9427507999935,,503.92706129999715,503.9427507999935,504.9264945999894,504.9264945999894,504.9264945999894,504.9264945999894,504.9427738999948,505.4275959999941,505.4275959999941,505.94512389999,,,,,z,1,0.5136646000028122,None,003,001,2025-09-18_21h56.44.917,Motor Sequence Learning,,2025.1.1,59.655691212536524,2025-09-18 21h56.52.669027 +0530,
150,v,37,37,11,v,1,0.3460052000009455,None,,,,,11,37,37,1,505.95903880000697,,505.94574619998457,505.95903880000697,506.9592091999948,506.9592091999948,506.9592091999948,506.9592091999948,506.9592091999948,507.46075110000675,507.46075110000675,507.81146729999455,,,,,v,1,0.3460052000009455,None,003,001,2025-09-18_21h56.44.917,Motor Sequence Learning,,2025.1.1,59.655691212536524,2025-09-18 21h56.52.669027 +0530,
150,v,38,38,12,v,1,0.5157314999960363,None,,,,,12,38,38,1,507.8271786000114,,507.81199539999943,507.8271786000114,508.8110128999979,508.8110128999979,508.8110128999979,508.8110128999979,508.8275741999969,509.3105801999918,509.3105801999918,509.82856990001164,,,,,v,1,0.5157314999960363,None,003,001,2025-09-18_21h56.44.917,Motor Sequence Learning,,2025.1.1,59.655691212536524,2025-09-18 21h56.52.669027 +0530,
150,v,39,39,13,v,1,0.5766664000111632,None,,,,,13,39,39,1,509.8439126999874,,509.82905470000696,509.8439126999874,510.8475241000124,510.8475241000124,510.8475241000124,510.8475241000124,510.8475241000124,511.3445054999902,511.3445054999902,511.93047620001016,,,,,v,1,0.5766664000111632,None,003,001,2025-09-18_21h56.44.917,Motor Sequence Learning,,2025.1.1,59.655691212536524,2025-09-18 21h56.52.669027 +0530,
-150,z,40,40,10,z,1,0.557259499997599,None,,,,,10,40,40,3,511.9435125000018,,511.931273299997,511.9435125000018,512.943217299995,512.943217299995,512.943217299995,512.943217299995,512.943217299995,513.4439614999865,513.4439614999865,514.0110301999957,,,,,z,1,0.557259499997599,None,003,001,2025-09-18_21h56.44.917,Motor Sequence Learning,,2025.1.1,59.655691212536524,2025-09-18 21h56.52.669027 +0530,
-50,x,41,41,10,x,1,2.4948877000133507,None,,,,,10,41,41,0,514.0284456000081,,514.0117421000032,514.0284456000081,515.0275709000125,515.0275709000125,515.0275709000125,515.0275709000125,515.0275709000125,515.5264975999889,515.5264975999889,518.0282067999942,,,,,x,1,2.4948877000133507,None,003,001,2025-09-18_21h56.44.917,Motor Sequence Learning,,2025.1.1,59.655691212536524,2025-09-18 21h56.52.669027 +0530,
50,c,42,42,6,c,1,0.7419716000149492,None,,,,,6,42,42,2,518.0440436000063,,518.0287990999932,518.0440436000063,519.0435961000039,519.0435961000039,519.0435961000039,519.0435961000039,519.0435961000039,519.543087099999,519.543087099999,520.2946775000019,,,,,c,1,0.7419716000149492,None,003,001,2025-09-18_21h56.44.917,Motor Sequence Learning,,2025.1.1,59.655691212536524,2025-09-18 21h56.52.669027 +0530,
50,c,43,43,7,c,1,0.4619374999892898,None,,,,,7,43,43,2,520.309789299994,,520.295223299996,520.309789299994,521.2935507000075,521.2935507000075,521.2935507000075,521.2935507000075,521.3108168999897,521.8095592999889,521.8095592999889,522.2775529999926,,,,,c,1,0.4619374999892898,None,003,001,2025-09-18_21h56.44.917,Motor Sequence Learning,,2025.1.1,59.655691212536524,2025-09-18 21h56.52.669027 +0530,
-150,z,44,44,11,z,1,0.675381799985189,None,,,,,11,44,44,3,522.2944845999882,,522.2782352000067,522.2944845999882,523.2779024000047,523.2779024000047,523.2779024000047,523.2779024000047,523.2939513000019,523.7766810999892,523.7766810999892,524.4616070000047,,,,,z,1,0.675381799985189,None,003,001,2025-09-18_21h56.44.917,Motor Sequence Learning,,2025.1.1,59.655691212536524,2025-09-18 21h56.52.669027 +0530,
50,c,45,45,8,c,1,0.9220550000027288,None,,,,,8,45,45,2,524.4771886999952,,524.4621728000056,524.4771886999952,525.4610613000114,525.4610613000114,525.4610613000114,525.4610613000114,525.4775369999988,525.9757826999994,525.9757826999994,526.9111822000123,,,,,c,1,0.9220550000027288,None,003,001,2025-09-18_21h56.44.917,Motor Sequence Learning,,2025.1.1,59.655691212536524,2025-09-18 21h56.52.669027 +0530,
-50,x,46,46,11,x,1,0.7667630999931134,None,,,,,11,46,46,0,526.9290376999998,,526.9124128000112,526.9290376999998,527.9268485000066,527.9268485000066,527.9268485000066,527.9268485000066,527.9440064000082,528.4269525000127,528.4269525000127,529.1971154999919,,,,,x,1,0.7667630999931134,None,003,001,2025-09-18_21h56.44.917,Motor Sequence Learning,,2025.1.1,59.655691212536524,2025-09-18 21h56.52.669027 +0530,
150,v,47,47,14,v,1,0.4889199000026565,None,,,,,14,47,47,1,529.2101065999886,,529.1976565000077,529.2101065999886,530.2097563999996,530.2097563999996,530.2097563999996,530.2097563999996,530.2097563999996,530.7112775999994,530.7112775999994,531.2114804000012,,,,,v,1,0.4889199000026565,None,003,001,2025-09-18_21h56.44.917,Motor Sequence Learning,,2025.1.1,59.655691212536524,2025-09-18 21h56.52.669027 +0530,
50,c,48,48,9,c,1,0.5916995000152383,None,,,,,9,48,48,2,531.2270997999876,,531.212209099991,531.2270997999876,532.2104301000072,532.2104301000072,532.2104301000072,532.2104301000072,532.2271082999941,532.7100677000126,532.7100677000126,533.3100319000077,,,,,c,1,0.5916995000152383,None,003,001,2025-09-18_21h56.44.917,Motor Sequence Learning,,2025.1.1,59.655691212536524,2025-09-18 21h56.52.669027 +0530,
-50,x,49,49,12,x,1,0.33345559998997487,None,,,,,12,49,49,0,533.3269146000093,,533.310573099996,533.3269146000093,534.3109066000034,534.3109066000034,534.3109066000034,534.3109066000034,534.326441000012,534.8100831999909,534.8100831999909,535.1454029000015,,,,,x,1,0.33345559998997487,None,003,001,2025-09-18_21h56.44.917,Motor Sequence Learning,,2025.1.1,59.655691212536524,2025-09-18 21h56.52.669027 +0530,
-50,x,50,50,13,x,1,0.5285862000018824,None,,,,,13,50,50,0,535.1598138000118,,535.1460570000054,535.1598138000118,536.1606856999861,536.1606856999861,536.1606856999861,536.1606856999861,536.1606856999861,536.6588804000057,536.6588804000057,537.1936996000004,,,,,x,1,0.5285862000018824,None,003,001,2025-09-18_21h56.44.917,Motor Sequence Learning,,2025.1.1,59.655691212536524,2025-09-18 21h56.52.669027 +0530,
-150,z,51,51,12,z,1,1.0360263000184204,None,,,,,12,51,51,3,537.2106455999892,,537.1944715999998,537.2106455999892,538.192933000013,538.192933000013,538.192933000013,538.192933000013,538.2258824000019,538.6934981000086,538.6934981000086,539.7313091999968,,,,,z,1,1.0360263000184204,None,003,001,2025-09-18_21h56.44.917,Motor Sequence Learning,,2025.1.1,59.655691212536524,2025-09-18 21h56.52.669027 +0530,
150,v,52,52,15,v,1,0.4240362999844365,None,,,,,15,52,52,1,539.7440849000122,,539.7322718999931,539.7440849000122,540.7430471999978,540.7430471999978,540.7430471999978,540.7430471999978,540.7430471999978,541.2435411000042,541.2435411000042,541.6782152999949,,,,,v,1,0.4240362999844365,None,003,001,2025-09-18_21h56.44.917,Motor Sequence Learning,,2025.1.1,59.655691212536524,2025-09-18 21h56.52.669027 +0530,
-150,z,53,53,13,x,0,0.6819701999775134,None,,,,,13,53,53,3,541.6929152999946,,541.679040899995,541.6929152999946,542.6935131000064,542.6935131000064,542.6935131000064,542.6935131000064,542.6935131000064,543.1929522999853,543.1929522999853,543.8778710000042,,,,,x,0,0.6819701999775134,None,003,001,2025-09-18_21h56.44.917,Motor Sequence Learning,,2025.1.1,59.655691212536524,2025-09-18 21h56.52.669027 +0530,
-150,z,54,54,14,z,1,0.6351417000114452,None,,,,,14,54,54,3,543.8929395999876,,543.8783874000073,543.8929395999876,544.8768656000029,544.8768656000029,544.8768656000029,544.8768656000029,544.8934643999964,545.3764662999893,545.3764662999893,546.0274897000054,,,,,z,1,0.6351417000114452,None,003,001,2025-09-18_21h56.44.917,Motor Sequence Learning,,2025.1.1,59.655691212536524,2025-09-18 21h56.52.669027 +0530,
-50,x,55,55,14,x,1,0.7441108000057284,None,,,,,14,55,55,0,546.0431816999917,,546.028254600009,546.0431816999917,547.0266635000007,547.0266635000007,547.0266635000007,547.0266635000007,547.0437200999877,547.5258550999861,547.5258550999861,548.276567199995,,,,,x,1,0.7441108000057284,None,003,001,2025-09-18_21h56.44.917,Motor Sequence Learning,,2025.1.1,59.655691212536524,2025-09-18 21h56.52.669027 +0530,
-50,x,56,56,15,x,1,0.6591665000014473,None,,,,,15,56,56,0,548.2931835000054,,548.2770400999871,548.2931835000054,549.2764765000029,549.2764765000029,549.2764765000029,549.2764765000029,549.2924335999996,549.7768694999977,549.7768694999977,550.4442228999978,,,,,x,1,0.6591665000014473,None,003,001,2025-09-18_21h56.44.917,Motor Sequence Learning,,2025.1.1,59.655691212536524,2025-09-18 21h56.52.669027 +0530,
50,c,57,57,10,v,0,0.5324850000033621,None,,,,,10,57,57,2,550.4600027000124,,550.4447216000117,550.4600027000124,551.4596962000069,551.4596962000069,551.4596962000069,551.4596962000069,551.4596962000069,551.9430368999892,551.9430368999892,552.4768156000064,,,,,v,0,0.5324850000033621,None,003,001,2025-09-18_21h56.44.917,Motor Sequence Learning,,2025.1.1,59.655691212536524,2025-09-18 21h56.52.669027 +0530,
150,v,58,58,16,v,1,0.9788471000210848,None,,,,,16,58,58,1,552.4923153999844,,552.4776692999876,552.4923153999844,553.4765579999948,553.4765579999948,553.4765579999948,553.4765579999948,553.49346160001,553.976963299996,553.976963299996,554.9614682999963,,,,,v,1,0.9788471000210848,None,003,001,2025-09-18_21h56.44.917,Motor Sequence Learning,,2025.1.1,59.655691212536524,2025-09-18 21h56.52.669027 +0530,
150,v,59,59,17,v,1,0.39438759998301975,None,,,,,17,59,59,1,554.9766680999892,,554.9620401999855,554.9766680999892,555.977118699986,555.977118699986,555.977118699986,555.977118699986,555.977118699986,556.4766214000119,556.4766214000119,556.8763227000018,,,,,v,1,0.39438759998301975,None,003,001,2025-09-18_21h56.44.917,Motor Sequence Learning,,2025.1.1,59.655691212536524,2025-09-18 21h56.52.669027 +0530,
-50,x,60,60,16,x,1,0.5842101000016555,None,,,,,16,60,60,0,556.8918685000099,,556.8768188999966,556.8918685000099,557.8754183999845,557.8754183999845,557.8754183999845,557.8754183999845,557.8922422000032,558.3762950999953,558.3762950999953,558.9618747000059,,,,,x,1,0.5842101000016555,None,003,001,2025-09-18_21h56.44.917,Motor Sequence Learning,,2025.1.1,59.655691212536524,2025-09-18 21h56.52.669027 +0530,
-150,z,61,61,15,z,1,0.548328999982914,None,,,,,15,61,61,3,558.9770407000033,,558.9626139999891,558.9770407000033,559.9755579000048,559.9755579000048,559.9755579000048,559.9755579000048,559.9755579000048,560.460405699996,560.460405699996,561.0116076999984,,,,,z,1,0.548328999982914,None,003,001,2025-09-18_21h56.44.917,Motor Sequence Learning,,2025.1.1,59.655691212536524,2025-09-18 21h56.52.669027 +0530,
50,c,62,62,11,c,1,0.713341800001217,None,,,,,11,62,62,2,561.0258688000031,,561.0121995999943,561.0258688000031,562.0275930000062,562.0275930000062,562.0275930000062,562.0275930000062,562.0275930000062,562.5257195000013,562.5257195000013,563.244419900002,,,,,c,1,0.713341800001217,None,003,001,2025-09-18_21h56.44.917,Motor Sequence Learning,,2025.1.1,59.655691212536524,2025-09-18 21h56.52.669027 +0530,
-50,x,63,63,17,x,1,0.7605327000201214,None,,,,,17,63,63,0,563.2595720000099,,563.2455490999855,563.2595720000099,564.2587997000082,564.2587997000082,564.2587997000082,564.2587997000082,564.2587997000082,564.7428386000101,564.7428386000101,565.5098052000103,,,,,x,1,0.7605327000201214,None,003,001,2025-09-18_21h56.44.917,Motor Sequence Learning,,2025.1.1,59.655691212536524,2025-09-18 21h56.52.669027 +0530,
-50,x,64,64,18,x,1,0.9806768000125885,None,,,,,18,64,64,0,565.5265055999917,,565.51048550001,565.5265055999917,566.5098947999941,566.5098947999941,566.5098947999941,566.5098947999941,566.5249672000064,567.009372600005,567.009372600005,567.9944814000046,,,,,x,1,0.9806768000125885,None,003,001,2025-09-18_21h56.44.917,Motor Sequence Learning,,2025.1.1,59.655691212536524,2025-09-18 21h56.52.669027 +0530,
50,c,65,65,12,c,1,0.5844770999974571,None,,,,,12,65,65,2,568.009352299996,,567.9949888999981,568.009352299996,568.992809599993,568.992809599993,568.992809599993,568.992809599993,569.0095722000115,569.5093074000033,569.5093074000033,570.1098985999997,,,,,c,1,0.5844770999974571,None,003,001,2025-09-18_21h56.44.917,Motor Sequence Learning,,2025.1.1,59.655691212536524,2025-09-18 21h56.52.669027 +0530,
150,v,66,66,18,v,1,0.3301811999990605,None,,,,,18,66,66,1,570.125272300007,,570.1105269000109,570.125272300007,571.1094024000049,571.1094024000049,571.1094024000049,571.1094024000049,571.1259066000057,571.6092636999965,571.6092636999965,571.9442616000015,,,,,v,1,0.3301811999990605,None,003,001,2025-09-18_21h56.44.917,Motor Sequence Learning,,2025.1.1,59.655691212536524,2025-09-18 21h56.52.669027 +0530,
-150,z,67,67,16,z,1,0.6800441000086721,None,,,,,16,67,67,3,571.9595002999995,,571.9447967000015,571.9595002999995,572.9597237999842,572.9597237999842,572.9597237999842,572.9597237999842,572.9597237999842,573.4598439999972,573.4598439999972,574.1439264999935,,,,,z,1,0.6800441000086721,None,003,001,2025-09-18_21h56.44.917,Motor Sequence Learning,,2025.1.1,59.655691212536524,2025-09-18 21h56.52.669027 +0530,
50,c,68,68,13,c,1,0.6086522999976296,None,,,,,13,68,68,2,574.159329999995,,574.1444786000066,574.159329999995,575.1597360000014,575.1597360000014,575.1597360000014,575.1597360000014,575.1597360000014,575.6416755999962,575.6416755999962,576.2589180000068,,,,,c,1,0.6086522999976296,None,003,001,2025-09-18_21h56.44.917,Motor Sequence Learning,,2025.1.1,59.655691212536524,2025-09-18 21h56.52.669027 +0530,
150,v,69,69,19,v,1,0.4787734000128694,None,,,,,19,69,69,1,576.2747004000121,,576.259516399994,576.2747004000121,577.2589648999856,577.2589648999856,577.2589648999856,577.2589648999856,577.2759600999998,577.75908660001,577.75908660001,578.2430733999936,,,,,v,1,0.4787734000128694,None,003,001,2025-09-18_21h56.44.917,Motor Sequence Learning,,2025.1.1,59.655691212536524,2025-09-18 21h56.52.669027 +0530,
150,v,70,70,20,v,1,0.338688199990429,None,,,,,20,70,70,1,578.2580108999973,,578.2435918000119,578.2580108999973,579.2581963000121,579.2581963000121,579.2581963000121,579.2581963000121,579.2581963000121,579.7583376000111,579.7583376000111,580.1091422000027,,,,,v,1,0.338688199990429,None,003,001,2025-09-18_21h56.44.917,Motor Sequence Learning,,2025.1.1,59.655691212536524,2025-09-18 21h56.52.669027 +0530,
-150,z,71,71,17,z,1,0.43708639999385923,None,,,,,17,71,71,3,580.1250373999937,,580.1096743000089,580.1250373999937,581.109458699997,581.109458699997,581.109458699997,581.109458699997,581.1260066000104,581.6089540999965,581.6089540999965,582.0601428000082,,,,,z,1,0.43708639999385923,None,003,001,2025-09-18_21h56.44.917,Motor Sequence Learning,,2025.1.1,59.655691212536524,2025-09-18 21h56.52.669027 +0530,
150,v,72,72,21,v,1,0.355293000000529,None,,,,,21,72,72,1,582.0757434999978,,582.0608559999964,582.0757434999978,583.060015199997,583.060015199997,583.060015199997,583.060015199997,583.0766637999914,583.5599703000044,583.5599703000044,583.926815999992,,,,,v,1,0.355293000000529,None,003,001,2025-09-18_21h56.44.917,Motor Sequence Learning,,2025.1.1,59.655691212536524,2025-09-18 21h56.52.669027 +0530,
50,c,73,73,14,c,1,0.6045827000052668,None,,,,,14,73,73,2,583.9447463999968,,583.9274216000049,583.9447463999968,584.9427384999872,584.9427384999872,584.9427384999872,584.9427384999872,584.9586157999875,585.4259602999955,585.4259602999955,586.0436487999978,,,,,c,1,0.6045827000052668,None,003,001,2025-09-18_21h56.44.917,Motor Sequence Learning,,2025.1.1,59.655691212536524,2025-09-18 21h56.52.669027 +0530,
50,c,74,74,15,c,1,0.5163650000176858,None,,,,,15,74,74,2,586.059463099984,,586.0441656000039,586.059463099984,587.0420855999982,587.0420855999982,587.0420855999982,587.0420855999982,587.0593637000129,587.5587360000063,587.5587360000063,588.0770302999881,,,,,c,1,0.5163650000176858,None,003,001,2025-09-18_21h56.44.917,Motor Sequence Learning,,2025.1.1,59.655691212536524,2025-09-18 21h56.52.669027 +0530,
-50,x,75,75,19,x,1,0.824267099989811,None,,,,,19,75,75,0,588.0928435999958,,588.0775510999956,588.0928435999958,589.0918317000032,589.0918317000032,589.0918317000032,589.0918317000032,589.0918317000032,589.5932255999942,589.5932255999942,590.4263538999949,,,,,x,1,0.824267099989811,None,003,001,2025-09-18_21h56.44.917,Motor Sequence Learning,,2025.1.1,59.655691212536524,2025-09-18 21h56.52.669027 +0530,
-50,x,76,76,20,x,1,0.6965529999870341,None,,,,,20,76,76,0,590.4417047000024,,590.4269900000072,590.4417047000024,591.4259729000041,591.4259729000041,591.4259729000041,591.4259729000041,591.4431402999908,591.942372999998,591.942372999998,592.6437696999928,,,,,x,1,0.6965529999870341,None,003,001,2025-09-18_21h56.44.917,Motor Sequence Learning,,2025.1.1,59.655691212536524,2025-09-18 21h56.52.669027 +0530,
50,c,77,77,16,v,0,0.5757455000129994,None,,,,,16,77,77,2,592.658735200006,,592.6442992000084,592.658735200006,593.6588178999955,593.6588178999955,593.6588178999955,593.6588178999955,593.6588178999955,594.1418463999871,594.1418463999871,594.7268213999923,,,,,v,0,0.5757455000129994,None,003,001,2025-09-18_21h56.44.917,Motor Sequence Learning,,2025.1.1,59.655691212536524,2025-09-18 21h56.52.669027 +0530,
-50,x,78,78,21,x,1,0.9108992999827024,None,,,,,21,78,78,0,594.7426233000006,,594.7273921000015,594.7426233000006,595.742714299995,595.742714299995,595.742714299995,595.742714299995,595.742714299995,596.243850400002,596.243850400002,597.1597213000059,,,,,x,1,0.9108992999827024,None,003,001,2025-09-18_21h56.44.917,Motor Sequence Learning,,2025.1.1,59.655691212536524,2025-09-18 21h56.52.669027 +0530,
-150,z,79,79,18,z,1,0.6099560000002384,None,,,,,18,79,79,3,597.1753389000078,,597.1603453999851,597.1753389000078,598.1583490000048,598.1583490000048,598.1583490000048,598.1583490000048,598.1753166999843,598.6764483999868,598.6764483999868,599.293013699993,,,,,z,1,0.6099560000002384,None,003,001,2025-09-18_21h56.44.917,Motor Sequence Learning,,2025.1.1,59.655691212536524,2025-09-18 21h56.52.669027 +0530,
-50,x,80,80,22,x,1,0.5237635000084992,None,,,,,22,80,80,0,599.3097240999923,,599.2936049000127,599.3097240999923,600.2925751000002,600.2925751000002,600.2925751000002,600.2925751000002,600.3081437000073,600.7919499000127,600.7919499000127,601.3260933999845,,,,,x,1,0.5237635000084992,None,003,001,2025-09-18_21h56.44.917,Motor Sequence Learning,,2025.1.1,59.655691212536524,2025-09-18 21h56.52.669027 +0530,
-150,z,81,81,19,z,1,0.5027352999895811,None,,,,,19,81,81,3,601.3419182999933,,601.3267063999956,601.3419182999933,602.3250075000105,602.3250075000105,602.3250075000105,602.3250075000105,602.3424143999873,602.8256218000024,602.8256218000024,603.342874599999,,,,,z,1,0.5027352999895811,None,003,001,2025-09-18_21h56.44.917,Motor Sequence Learning,,2025.1.1,59.655691212536524,2025-09-18 21h56.52.669027 +0530,
-150,z,82,82,20,z,1,0.48582709999755025,None,,,,,20,82,82,3,603.3586347000091,,603.3436441000085,603.3586347000091,604.3425703000103,604.3425703000103,604.3425703000103,604.3425703000103,604.3591111999995,604.8417466999963,604.8417466999963,605.3433124999865,,,,,z,1,0.48582709999755025,None,003,001,2025-09-18_21h56.44.917,Motor Sequence Learning,,2025.1.1,59.655691212536524,2025-09-18 21h56.52.669027 +0530,
-150,z,83,83,21,z,1,0.4499387000105344,None,,,,,21,83,83,3,605.3580820999923,,605.3441073999857,605.3580820999923,606.3419495999988,606.3419495999988,606.3419495999988,606.3419495999988,606.3590182999906,606.8421743999934,606.8421743999934,607.2946086000011,,,,,z,1,0.4499387000105344,None,003,001,2025-09-18_21h56.44.917,Motor Sequence Learning,,2025.1.1,59.655691212536524,2025-09-18 21h56.52.669027 +0530,
-150,z,84,84,22,z,1,0.3738424000039231,None,,,,,22,84,84,3,607.3097043999878,,607.2950808999885,607.3097043999878,608.2932152999856,608.2932152999856,608.2932152999856,608.2932152999856,608.309371100011,608.8081958999974,608.8081958999974,609.1938315999869,,,,,z,1,0.3738424000039231,None,003,001,2025-09-18_21h56.44.917,Motor Sequence Learning,,2025.1.1,59.655691212536524,2025-09-18 21h56.52.669027 +0530,
-150,z,85,85,23,z,1,0.28946419997373596,None,,,,,23,85,85,3,609.2090802000021,,609.1944871000014,609.2090802000021,610.2086966999923,610.2086966999923,610.2086966999923,610.2086966999923,610.2086966999923,610.7089619000035,610.7089619000035,611.0086262999976,,,,,z,1,0.28946419997373596,None,003,001,2025-09-18_21h56.44.917,Motor Sequence Learning,,2025.1.1,59.655691212536524,2025-09-18 21h56.52.669027 +0530,
150,v,86,86,22,v,1,0.4973677999805659,None,,,,,22,86,86,1,611.0240075000038,,611.009164499992,611.0240075000038,612.009621300007,612.009621300007,612.009621300007,612.009621300007,612.0257254999888,612.5088562000019,612.5088562000019,613.0102601000108,,,,,v,1,0.4973677999805659,None,003,001,2025-09-18_21h56.44.917,Motor Sequence Learning,,2025.1.1,59.655691212536524,2025-09-18 21h56.52.669027 +0530,
150,v,87,87,23,v,1,0.4547877000004519,None,,,,,23,87,87,1,613.0257274000032,,613.0107911000086,613.0257274000032,614.0254342000117,614.0254342000117,614.0254342000117,614.0254342000117,614.0254342000117,614.5255839999882,614.5255839999882,614.993163600011,,,,,v,1,0.4547877000004519,None,003,001,2025-09-18_21h56.44.917,Motor Sequence Learning,,2025.1.1,59.655691212536524,2025-09-18 21h56.52.669027 +0530,
-150,z,88,88,24,z,1,0.4905307000153698,None,,,,,24,88,88,3,615.0078606999887,,614.9937751000107,615.0078606999887,615.9922037000069,615.9922037000069,615.9922037000069,615.9922037000069,616.0087525999988,616.5078359000036,616.5078359000036,617.0102020000049,,,,,z,1,0.4905307000153698,None,003,001,2025-09-18_21h56.44.917,Motor Sequence Learning,,2025.1.1,59.655691212536524,2025-09-18 21h56.52.669027 +0530,
150,v,89,89,24,v,1,0.3938952999887988,None,,,,,24,89,89,1,617.0255148999859,,617.0106884000124,617.0255148999859,618.0255588,618.0255588,618.0255588,618.0255588,618.0255588,618.5254604000074,618.5254604000074,618.9261720000068,,,,,v,1,0.3938952999887988,None,003,001,2025-09-18_21h56.44.917,Motor Sequence Learning,,2025.1.1,59.655691212536524,2025-09-18 21h56.52.669027 +0530,
50,c,90,90,17,c,1,0.7746150000020862,None,,,,,17,90,90,2,618.9416239999991,,618.9267268000112,618.9416239999991,619.9417701000057,619.9417701000057,619.9417701000057,619.9417701000057,619.9417701000057,620.4421543999924,620.4421543999924,621.2259144000127,,,,,c,1,0.7746150000020862,None,003,001,2025-09-18_21h56.44.917,Motor Sequence Learning,,2025.1.1,59.655691212536524,2025-09-18 21h56.52.669027 +0530,
-50,x,91,91,23,x,1,0.593026499991538,None,,,,,23,91,91,0,621.2418897000025,,621.2265764999902,621.2418897000025,622.225107300008,622.225107300008,622.225107300008,622.225107300008,622.241783400008,622.7418372000102,622.7418372000102,623.3426280000131,,,,,x,1,0.593026499991538,None,003,001,2025-09-18_21h56.44.917,Motor Sequence Learning,,2025.1.1,59.655691212536524,2025-09-18 21h56.52.669027 +0530,
-150,z,92,92,25,z,1,0.44126330001745373,None,,,,,25,92,92,3,623.3582660999964,,623.3431969000085,623.3582660999964,624.3419232000015,624.3419232000015,624.3419232000015,624.3419232000015,624.358438700001,624.8420957000053,624.8420957000053,625.2929359000118,,,,,z,1,0.44126330001745373,None,003,001,2025-09-18_21h56.44.917,Motor Sequence Learning,,2025.1.1,59.655691212536524,2025-09-18 21h56.52.669027 +0530,
-50,x,93,93,24,x,1,0.564758399996208,None,,,,,24,93,93,0,625.3085472999956,,625.2934793999884,625.3085472999956,626.3086511000001,626.3086511000001,626.3086511000001,626.3086511000001,626.3086511000001,626.7921328000084,626.7921328000084,627.3597851000086,,,,,x,1,0.564758399996208,None,003,001,2025-09-18_21h56.44.917,Motor Sequence Learning,,2025.1.1,59.655691212536524,2025-09-18 21h56.52.669027 +0530,
50,c,94,94,18,c,1,1.3504256999876816,None,,,,,18,94,94,2,627.3749380999943,,627.3602825000125,627.3749380999943,628.3751560999954,628.3751560999954,628.3751560999954,628.3751560999954,628.3751560999954,628.8754161999968,628.8754161999968,630.2265625,,,,,c,1,1.3504256999876816,None,003,001,2025-09-18_21h56.44.917,Motor Sequence Learning,,2025.1.1,59.655691212536524,2025-09-18 21h56.52.669027 +0530,
-50,x,95,95,25,x,1,0.736194199998863,None,,,,,25,95,95,0,630.2414863999875,,630.2271654999931,630.2414863999875,631.2418744000024,631.2418744000024,631.2418744000024,631.2418744000024,631.2418744000024,631.7419616999978,631.7419616999978,632.4928185000026,,,,,x,1,0.736194199998863,None,003,001,2025-09-18_21h56.44.917,Motor Sequence Learning,,2025.1.1,59.655691212536524,2025-09-18 21h56.52.669027 +0530,
150,v,96,96,25,v,1,0.5505499000137206,None,,,,,25,96,96,1,632.5078606999887,,632.4934773999848,632.5078606999887,633.491995599994,633.491995599994,633.491995599994,633.491995599994,633.5089699999953,634.008241500007,634.008241500007,634.5752340999898,,,,,v,1,0.5505499000137206,None,003,001,2025-09-18_21h56.44.917,Motor Sequence Learning,,2025.1.1,59.655691212536524,2025-09-18 21h56.52.669027 +0530,
-50,x,97,97,26,x,1,0.6863573000009637,None,,,,,26,97,97,0,634.5908045000106,,634.5756874000072,634.5908045000106,635.5904223000107,635.5904223000107,635.5904223000107,635.5904223000107,635.5904223000107,636.090961799986,636.090961799986,636.7901179000037,,,,,x,1,0.6863573000009637,None,003,001,2025-09-18_21h56.44.917,Motor Sequence Learning,,2025.1.1,59.655691212536524,2025-09-18 21h56.52.669027 +0530,
50,c,98,98,19,c,1,1.5994814000150654,None,,,,,19,98,98,2,636.8064840000006,,636.7903854000033,636.8064840000006,637.7910462,637.7910462,637.7910462,637.7910462,637.8076396000106,638.2910087000055,638.2910087000055,639.893393300008,,,,,c,1,1.5994814000150654,None,003,001,2025-09-18_21h56.44.917,Motor Sequence Learning,,2025.1.1,59.655691212536524,2025-09-18 21h56.52.669027 +0530,
-150,z,99,99,26,z,1,0.6031891999882646,None,,,,,26,99,99,3,639.9081575000018,,639.8938927999989,639.9081575000018,640.9076266000047,640.9076266000047,640.9076266000047,640.9076266000047,640.9076266000047,641.4080096000107,641.4080096000107,642.0260603000061,,,,,z,1,0.6031891999882646,None,003,001,2025-09-18_21h56.44.917,Motor Sequence Learning,,2025.1.1,59.655691212536524,2025-09-18 21h56.52.669027 +0530,
50,c,100,100,20,c,1,0.9530305999796838,None,,,,,20,100,100,2,642.0413918000122,,642.0266868000035,642.0413918000122,643.0418202999863,643.0418202999863,643.0418202999863,643.0418202999863,643.0418202999863,643.5421408000111,643.5421408000111,644.508926599985,,,,,c,1,0.9530305999796838,None,003,001,2025-09-18_21h56.44.917,Motor Sequence Learning,,2025.1.1,59.655691212536524,2025-09-18 21h56.52.669027 +0530,
-50,x,101,101,27,x,1,0.506678900012048,None,,,,,27,101,101,0,644.5248174000008,,644.5094502999855,644.5248174000008,645.5080637999927,645.5080637999927,645.5080637999927,645.5080637999927,645.5251137999876,646.0078819000046,646.0078819000046,646.5257403999858,,,,,x,1,0.506678900012048,None,003,001,2025-09-18_21h56.44.917,Motor Sequence Learning,,2025.1.1,59.655691212536524,2025-09-18 21h56.52.669027 +0530,
-150,z,102,102,27,z,1,0.614963899977738,None,,,,,27,102,102,3,646.5418496000057,,646.5262882999959,646.5418496000057,647.5253954000073,647.5253954000073,647.5253954000073,647.5253954000073,647.542520499992,648.0250795999891,648.0250795999891,648.6429491000017,,,,,z,1,0.614963899977738,None,003,001,2025-09-18_21h56.44.917,Motor Sequence Learning,,2025.1.1,59.655691212536524,2025-09-18 21h56.52.669027 +0530,
50,c,103,103,21,c,1,0.9021360999904573,None,,,,,21,103,103,2,648.6580918999971,,648.6434695000062,648.6580918999971,649.6585497999913,649.6585497999913,649.6585497999913,649.6585497999913,649.6585497999913,650.1578762999852,650.1578762999852,651.0758691999945,,,,,c,1,0.9021360999904573,None,003,001,2025-09-18_21h56.44.917,Motor Sequence Learning,,2025.1.1,59.655691212536524,2025-09-18 21h56.52.669027 +0530,
-150,z,104,104,28,z,1,0.5799674999725539,None,,,,,28,104,104,3,651.0912720999913,,651.0765621000028,651.0912720999913,652.0920542000094,652.0920542000094,652.0920542000094,652.0920542000094,652.0920542000094,652.574484199984,652.574484199984,653.1595747999963,,,,,z,1,0.5799674999725539,None,003,001,2025-09-18_21h56.44.917,Motor Sequence Learning,,2025.1.1,59.655691212536524,2025-09-18 21h56.52.669027 +0530,
50,c,105,105,22,c,1,0.6299739000096451,None,,,,,22,105,105,2,653.1764827999868,,653.1603460999904,653.1764827999868,654.1751558000105,654.1751558000105,654.1751558000105,654.1751558000105,654.1913123000122,654.6746299999941,654.6746299999941,655.3087706000078,,,,,c,1,0.6299739000096451,None,003,001,2025-09-18_21h56.44.917,Motor Sequence Learning,,2025.1.1,59.655691212536524,2025-09-18 21h56.52.669027 +0530,
50,c,106,106,23,c,1,0.6348227999988012,None,,,,,23,106,106,2,655.3242702999851,,655.3092850999965,655.3242702999851,656.3081804999965,656.3081804999965,656.3081804999965,656.3081804999965,656.3246146999882,656.8082937999861,656.8082937999861,657.4584889000107,,,,,c,1,0.6348227999988012,None,003,001,2025-09-18_21h56.44.917,Motor Sequence Learning,,2025.1.1,59.655691212536524,2025-09-18 21h56.52.669027 +0530,
150,v,107,107,26,v,1,0.7318024999985937,None,,,,,26,107,107,1,657.4744642000005,,657.458970800013,657.4744642000005,658.4583182999922,658.4583182999922,658.4583182999922,658.4583182999922,658.4738305000064,658.9582163000014,658.9582163000014,659.6929666000069,,,,,v,1,0.7318024999985937,None,003,001,2025-09-18_21h56.44.917,Motor Sequence Learning,,2025.1.1,59.655691212536524,2025-09-18 21h56.52.669027 +0530,
150,v,108,108,27,v,1,0.4182720000098925,None,,,,,27,108,108,1,659.7077150999976,,659.693494200008,659.7077150999976,660.7078055999882,660.7078055999882,660.7078055999882,660.7078055999882,660.7078055999882,661.2079311999842,661.2079311999842,661.6419672000047,,,,,v,1,0.4182720000098925,None,003,001,2025-09-18_21h56.44.917,Motor Sequence Learning,,2025.1.1,59.655691212536524,2025-09-18 21h56.52.669027 +0530,
150,v,109,109,28,v,1,0.5674858000129461,None,,,,,28,109,109,1,661.6577877000091,,661.642480999988,661.6577877000091,662.641036999994,662.641036999994,662.641036999994,662.641036999994,662.6582807000086,663.1410990000004,663.1410990000004,663.725826400012,,,,,v,1,0.5674858000129461,None,003,001,2025-09-18_21h56.44.917,Motor Sequence Learning,,2025.1.1,59.655691212536524,2025-09-18 21h56.52.669027 +0530,
-150,z,110,110,29,z,1,0.635627800016664,None,,,,,29,110,110,3,663.7424591000017,,663.7264107000083,663.7424591000017,664.7251977999986,664.7251977999986,664.7251977999986,664.7251977999986,664.7451027999923,665.2242925000028,665.2242925000028,665.8782103999984,,,,,z,1,0.635627800016664,None,003,001,2025-09-18_21h56.44.917,Motor Sequence Learning,,2025.1.1,59.655691212536524,2025-09-18 21h56.52.669027 +0530,
50,c,111,111,24,c,1,0.7968920000130311,None,,,,,24,111,111,2,665.8913328000053,,665.8787739000109,665.8913328000053,666.8916795999976,666.8916795999976,666.8916795999976,666.8916795999976,666.8916795999976,667.390726099984,667.390726099984,668.192240400007,,,,,c,1,0.7968920000130311,None,003,001,2025-09-18_21h56.44.917,Motor Sequence Learning,,2025.1.1,59.655691212536524,2025-09-18 21h56.52.669027 +0530,
-150,z,112,112,30,z,1,0.6026497000129893,None,,,,,30,112,112,3,668.2078813000116,,668.1927387999895,668.2078813000116,669.210531299992,669.210531299992,669.210531299992,669.210531299992,669.210531299992,669.708367299987,669.708367299987,670.3254662000109,,,,,z,1,0.6026497000129893,None,003,001,2025-09-18_21h56.44.917,Motor Sequence Learning,,2025.1.1,59.655691212536524,2025-09-18 21h56.52.669027 +0530,
50,c,113,113,25,c,1,0.7905138000205625,None,,,,,25,113,113,2,670.3409913000069,,670.3259786999843,670.3409913000069,671.340919499984,671.340919499984,671.340919499984,671.340919499984,671.340919499984,671.8236914000008,671.8236914000008,672.6245306000055,,,,,c,1,0.7905138000205625,None,003,001,2025-09-18_21h56.44.917,Motor Sequence Learning,,2025.1.1,59.655691212536524,2025-09-18 21h56.52.669027 +0530,
150,v,114,114,29,v,1,0.43487469997489825,None,,,,,29,114,114,1,672.6416347000049,,672.6251101999951,672.6416347000049,673.6245765000058,673.6245765000058,673.6245765000058,673.6245765000058,673.6412053999957,674.1245556999929,674.1245556999929,674.5751064000069,,,,,v,1,0.43487469997489825,None,003,001,2025-09-18_21h56.44.917,Motor Sequence Learning,,2025.1.1,59.655691212536524,2025-09-18 21h56.52.669027 +0530,
50,c,115,115,26,c,1,0.7830184000195004,None,,,,,26,115,115,2,674.5914865999948,,674.5756399999955,674.5914865999948,675.5739934000012,675.5739934000012,675.5739934000012,675.5739934000012,675.5913346000016,676.0743479999946,676.0743479999946,676.8737286000105,,,,,c,1,0.7830184000195004,None,003,001,2025-09-18_21h56.44.917,Motor Sequence Learning,,2025.1.1,59.655691212536524,2025-09-18 21h56.52.669027 +0530,
50,c,116,116,27,c,1,0.6512203000020236,None,,,,,27,116,116,2,676.8913796999841,,676.8741058000014,676.8913796999841,677.8749984999886,677.8749984999886,677.8749984999886,677.8749984999886,677.8905300000042,678.3743599999871,678.3743599999871,679.0263826999872,,,,,c,1,0.6512203000020236,None,003,001,2025-09-18_21h56.44.917,Motor Sequence Learning,,2025.1.1,59.655691212536524,2025-09-18 21h56.52.669027 +0530,
150,v,117,117,30,v,1,0.43010519997915253,None,,,,,30,117,117,1,679.0409131000051,,679.027075799997,679.0409131000051,680.0410548000073,680.0410548000073,680.0410548000073,680.0410548000073,680.0410548000073,680.541018399992,680.541018399992,680.9747498999932,,,,,v,1,0.43010519997915253,None,003,001,2025-09-18_21h56.44.917,Motor Sequence Learning,,2025.1.1,59.655691212536524,2025-09-18 21h56.52.669027 +0530,
150,v,118,118,31,v,1,0.4240791000192985,None,,,,,31,118,118,1,680.99018600001,,680.9754260999907,680.99018600001,681.9739783999976,681.9739783999976,681.9739783999976,681.9739783999976,681.9907680999895,682.473771399993,682.473771399993,682.9080065999879,,,,,v,1,0.4240791000192985,None,003,001,2025-09-18_21h56.44.917,Motor Sequence Learning,,2025.1.1,59.655691212536524,2025-09-18 21h56.52.669027 +0530,
-150,z,119,119,31,z,1,0.5178065000218339,None,,,,,31,119,119,3,682.9236300000048,,682.9085099000076,682.9236300000048,683.9073317000002,683.9073317000002,683.9073317000002,683.9073317000002,683.924179099995,684.4075692000042,684.4075692000042,684.9419381000043,,,,,z,1,0.5178065000218339,None,003,001,2025-09-18_21h56.44.917,Motor Sequence Learning,,2025.1.1,59.655691212536524,2025-09-18 21h56.52.669027 +0530,
-50,x,120,120,28,x,1,0.739529099984793,None,,,,,28,120,120,0,684.957531299995,,684.9424885000044,684.957531299995,685.9577396000095,685.9577396000095,685.9577396000095,685.9577396000095,685.9577396000095,686.4573857999931,686.4573857999931,687.2084733000083,,,,,x,1,0.739529099984793,None,003,001,2025-09-18_21h56.44.917,Motor Sequence Learning,,2025.1.1,59.655691212536524,2025-09-18 21h56.52.669027 +0530,
150,v,121,121,32,v,1,0.5626215999945998,None,,,,,32,121,121,1,687.2241558000096,,687.209079399996,687.2241558000096,688.2230577000009,688.2230577000009,688.2230577000009,688.2230577000009,688.2230577000009,688.723938399984,688.723938399984,689.2915935000055,,,,,v,1,0.5626215999945998,None,003,001,2025-09-18_21h56.44.917,Motor Sequence Learning,,2025.1.1,59.655691212536524,2025-09-18 21h56.52.669027 +0530,
-150,z,122,122,32,z,1,0.5468229999823961,None,,,,,32,122,122,3,689.3074001999921,,689.2921107999864,689.3074001999921,690.2914219000086,690.2914219000086,690.2914219000086,690.2914219000086,690.307771199994,690.7936491,690.7936491,691.3415992000082,,,,,z,1,0.5468229999823961,None,003,001,2025-09-18_21h56.44.917,Motor Sequence Learning,,2025.1.1,59.655691212536524,2025-09-18 21h56.52.669027 +0530,
150,v,123,123,33,v,1,0.5430089999863412,None,,,,,33,123,123,1,691.3590778000071,,691.3423055000021,691.3590778000071,692.3412225999928,692.3412225999928,692.3412225999928,692.3412225999928,692.3740556999983,692.8579847000074,692.8579847000074,693.4093623000081,,,,,v,1,0.5430089999863412,None,003,001,2025-09-18_21h56.44.917,Motor Sequence Learning,,2025.1.1,59.655691212536524,2025-09-18 21h56.52.669027 +0530,
150,v,124,124,34,v,1,0.44008209998719394,None,,,,,34,124,124,1,693.4246534999984,,693.4098681999894,693.4246534999984,694.4243786000006,694.4243786000006,694.4243786000006,694.4243786000006,694.4243786000006,694.924365999992,694.924365999992,695.3751970999874,,,,,v,1,0.44008209998719394,None,003,001,2025-09-18_21h56.44.917,Motor Sequence Learning,,2025.1.1,59.655691212536524,2025-09-18 21h56.52.669027 +0530,
-50,x,125,125,29,x,1,0.5308557999960613,None,,,,,29,125,125,0,695.3914488999872,,695.3759179000044,695.3914488999872,696.3752482999989,696.3752482999989,696.3752482999989,696.3752482999989,696.3920133000065,696.875815700012,696.875815700012,697.4094558999932,,,,,x,1,0.5308557999960613,None,003,001,2025-09-18_21h56.44.917,Motor Sequence Learning,,2025.1.1,59.655691212536524,2025-09-18 21h56.52.669027 +0530,
50,c,126,126,28,c,1,0.5486665999924298,None,,,,,28,126,126,2,697.4251062000112,,697.4102454000094,697.4251062000112,698.4242748999968,698.4242748999968,698.4242748999968,698.4242748999968,698.4404466999986,698.923655599996,698.923655599996,699.4757378000068,,,,,c,1,0.5486665999924298,None,003,001,2025-09-18_21h56.44.917,Motor Sequence Learning,,2025.1.1,59.655691212536524,2025-09-18 21h56.52.669027 +0530,
50,c,127,127,29,c,1,0.5880897000024561,None,,,,,29,127,127,2,699.4908555999864,,699.476273999986,699.4908555999864,700.4746755000087,700.4746755000087,700.4746755000087,700.4746755000087,700.4911993999849,700.989996999997,700.989996999997,701.5918891000038,,,,,c,1,0.5880897000024561,None,003,001,2025-09-18_21h56.44.917,Motor Sequence Learning,,2025.1.1,59.655691212536524,2025-09-18 21h56.52.669027 +0530,
150,v,128,128,35,v,1,0.770759699982591,None,,,,,35,128,128,1,701.6074692000111,,701.5924736000015,701.6074692000111,702.6080419000064,702.6080419000064,702.6080419000064,702.6080419000064,702.6080419000064,703.0903537000122,703.0903537000122,703.8748189999897,,,,,v,1,0.770759699982591,None,003,001,2025-09-18_21h56.44.917,Motor Sequence Learning,,2025.1.1,59.655691212536524,2025-09-18 21h56.52.669027 +0530,
50,c,129,129,30,c,1,1.0528795999998692,None,,,,,30,129,129,2,703.8904895999876,,703.875386700005,703.8904895999876,704.8742577999947,704.8742577999947,704.8742577999947,704.8742577999947,704.8910317000118,705.3739667999907,705.3739667999907,706.4413991000038,,,,,c,1,1.0528795999998692,None,003,001,2025-09-18_21h56.44.917,Motor Sequence Learning,,2025.1.1,59.655691212536524,2025-09-18 21h56.52.669027 +0530,
-150,z,130,130,33,z,1,0.5254117999866139,None,,,,,33,130,130,3,706.4570831999881,,706.4421548999962,706.4570831999881,707.440119100007,707.440119100007,707.440119100007,707.440119100007,707.4571569999971,707.9569261999859,707.9569261999859,708.4911216000037,,,,,z,1,0.5254117999866139,None,003,001,2025-09-18_21h56.44.917,Motor Sequence Learning,,2025.1.1,59.655691212536524,2025-09-18 21h56.52.669027 +0530,
50,c,131,131,31,c,1,0.528232399985427,None,,,,,31,131,131,2,708.5071704000002,,708.4917247999983,708.5071704000002,709.4907108999905,709.4907108999905,709.4907108999905,709.4907108999905,709.5073062999872,710.007011699985,710.007011699985,710.5413364999986,,,,,c,1,0.528232399985427,None,003,001,2025-09-18_21h56.44.917,Motor Sequence Learning,,2025.1.1,59.655691212536524,2025-09-18 21h56.52.669027 +0530,
-150,z,132,132,34,z,1,0.538209199992707,None,,,,,34,132,132,3,710.556808399997,,710.5418812999851,710.556808399997,711.5406121000124,711.5406121000124,711.5406121000124,711.5406121000124,711.5576011000085,712.0414825000043,712.0414825000043,712.5915842000104,,,,,z,1,0.538209199992707,None,003,001,2025-09-18_21h56.44.917,Motor Sequence Learning,,2025.1.1,59.655691212536524,2025-09-18 21h56.52.669027 +0530,
50,c,133,133,32,c,1,0.5431447000009939,None,,,,,32,133,133,2,712.6068708999956,,712.5921180000005,712.6068708999956,713.590553099988,713.590553099988,713.590553099988,713.590553099988,713.6077415999898,714.1072548000084,714.1072548000084,714.6581862999883,,,,,c,1,0.5431447000009939,None,003,001,2025-09-18_21h56.44.917,Motor Sequence Learning,,2025.1.1,59.655691212536524,2025-09-18 21h56.52.669027 +0530,
-50,x,134,134,30,x,1,0.5745626999996603,None,,,,,30,134,134,0,714.673976799997,,714.6588935999898,714.673976799997,715.673888099991,715.673888099991,715.673888099991,715.673888099991,715.673888099991,716.1739243000047,716.1739243000047,716.7578999999969,,,,,x,1,0.5745626999996603,None,003,001,2025-09-18_21h56.44.917,Motor Sequence Learning,,2025.1.1,59.655691212536524,2025-09-18 21h56.52.669027 +0530,
-50,x,135,135,31,x,1,0.4742882999998983,None,,,,,31,135,135,0,716.773657999991,,716.7587450999999,716.773657999991,717.7571946000098,717.7571946000098,717.7571946000098,717.7571946000098,717.7733294999925,718.2573991999961,718.2573991999961,718.7420128000085,,,,,x,1,0.4742882999998983,None,003,001,2025-09-18_21h56.44.917,Motor Sequence Learning,,2025.1.1,59.655691212536524,2025-09-18 21h56.52.669027 +0530,
-50,x,136,136,32,x,1,0.49740200000815094,None,,,,,32,136,136,0,718.7576746999985,,718.7426937999844,718.7576746999985,719.7572403000086,719.7572403000086,719.7572403000086,719.7572403000086,719.7572403000086,720.256988899986,720.256988899986,720.7590340999886,,,,,x,1,0.49740200000815094,None,003,001,2025-09-18_21h56.44.917,Motor Sequence Learning,,2025.1.1,59.655691212536524,2025-09-18 21h56.52.669027 +0530,
-150,z,137,137,35,z,1,1.0336561000149231,None,,,,,35,137,137,3,720.774264000007,,720.7596069999854,720.774264000007,721.7733295999933,721.7733295999933,721.7733295999933,721.7733295999933,721.7733295999933,722.2738955999957,722.2738955999957,723.324168799998,,,,,z,1,1.0336561000149231,None,003,001,2025-09-18_21h56.44.917,Motor Sequence Learning,,2025.1.1,59.655691212536524,2025-09-18 21h56.52.669027 +0530,
50,c,138,138,33,c,1,0.8012382999877445,None,,,,,33,138,138,2,723.3406995999976,,723.3248346000037,723.3406995999976,724.3238443000009,724.3238443000009,724.3238443000009,724.3238443000009,724.3407986999955,724.8238026000035,724.8238026000035,725.6399179,,,,,c,1,0.8012382999877445,None,003,001,2025-09-18_21h56.44.917,Motor Sequence Learning,,2025.1.1,59.655691212536524,2025-09-18 21h56.52.669027 +0530,
150,v,139,139,36,v,1,0.5618099000130314,None,,,,,36,139,139,1,725.6559424999868,,725.6402362000081,725.6559424999868,726.6399761000066,726.6399761000066,726.6399761000066,726.6399761000066,726.6568611999974,727.1397810000053,727.1397810000053,727.7067377000058,,,,,v,1,0.5618099000130314,None,003,001,2025-09-18_21h56.44.917,Motor Sequence Learning,,2025.1.1,59.655691212536524,2025-09-18 21h56.52.669027 +0530,
50,c,140,140,34,c,1,0.3984902999945916,None,,,,,34,140,140,2,727.7222911999852,,727.7072307000053,727.7222911999852,728.707216699986,728.707216699986,728.707216699986,728.707216699986,728.7233517999994,729.2072806000069,729.2072806000069,729.6079453999992,,,,,c,1,0.3984902999945916,None,003,001,2025-09-18_21h56.44.917,Motor Sequence Learning,,2025.1.1,59.655691212536524,2025-09-18 21h56.52.669027 +0530,
50,c,141,141,35,c,1,0.553811499994481,None,,,,,35,141,141,2,729.6231167000078,,729.6084929000062,729.6231167000078,730.6073362999887,730.6073362999887,730.6073362999887,730.6073362999887,730.6235591000004,731.1245152000047,731.1245152000047,731.690875100001,,,,,c,1,0.553811499994481,None,003,001,2025-09-18_21h56.44.917,Motor Sequence Learning,,2025.1.1,59.655691212536524,2025-09-18 21h56.52.669027 +0530,
-50,x,142,142,33,x,1,0.5596235999837518,None,,,,,33,142,142,0,731.7061647000082,,731.6915246999997,731.7061647000082,732.6900121000072,732.6900121000072,732.6900121000072,732.6900121000072,732.7070480000111,733.1901728000084,733.1901728000084,733.7587938999932,,,,,x,1,0.5596235999837518,None,003,001,2025-09-18_21h56.44.917,Motor Sequence Learning,,2025.1.1,59.655691212536524,2025-09-18 21h56.52.669027 +0530,
-50,x,143,143,34,x,1,0.3806295999966096,None,,,,,34,143,143,0,733.7723595999996,,733.7595410000067,733.7723595999996,734.7729690000124,734.7729690000124,734.7729690000124,734.7729690000124,734.7729690000124,735.273139500001,735.273139500001,735.6577522000007,,,,,x,1,0.3806295999966096,None,003,001,2025-09-18_21h56.44.917,Motor Sequence Learning,,2025.1.1,59.655691212536524,2025-09-18 21h56.52.669027 +0530,
50,c,144,144,36,c,1,0.7464632000192069,None,,,,,36,144,144,2,735.673523800011,,735.6583123999881,735.673523800011,736.6571089999925,736.6571089999925,736.6571089999925,736.6571089999925,736.6744162999967,737.1723697999842,737.1723697999842,737.9268718000094,,,,,c,1,0.7464632000192069,None,003,001,2025-09-18_21h56.44.917,Motor Sequence Learning,,2025.1.1,59.655691212536524,2025-09-18 21h56.52.669027 +0530,
50,c,145,145,37,c,1,0.39840529998764396,None,,,,,37,145,145,2,737.939882000006,,737.9276214000129,737.939882000006,738.9401584999869,738.9401584999869,738.9401584999869,738.9401584999869,738.9401584999869,739.4400191000022,739.4400191000022,739.8421384000103,,,,,c,1,0.39840529998764396,None,003,001,2025-09-18_21h56.44.917,Motor Sequence Learning,,2025.1.1,59.655691212536524,2025-09-18 21h56.52.669027 +0530,
50,c,146,146,38,c,1,0.37884869999834336,None,,,,,38,146,146,2,739.8563650999859,,739.8428330000024,739.8563650999859,740.8571320000046,740.8571320000046,740.8571320000046,740.8571320000046,740.8571320000046,741.3578397000092,741.3578397000092,741.7404877000081,,,,,c,1,0.37884869999834336,None,003,001,2025-09-18_21h56.44.917,Motor Sequence Learning,,2025.1.1,59.655691212536524,2025-09-18 21h56.52.669027 +0530,
-150,z,147,147,36,z,1,1.000853300007293,None,,,,,36,147,147,3,741.7565038999892,,741.741157499986,741.7565038999892,742.7403895999887,742.7403895999887,742.7403895999887,742.7403895999887,742.7573593000125,743.2429162999906,743.2429162999906,744.2577412000101,,,,,z,1,1.000853300007293,None,003,001,2025-09-18_21h56.44.917,Motor Sequence Learning,,2025.1.1,59.655691212536524,2025-09-18 21h56.52.669027 +0530,
50,c,148,148,39,c,1,0.9531581999908667,None,,,,,39,148,148,2,744.2739843000018,,744.2582935999963,744.2739843000018,745.2730907000077,745.2730907000077,745.2730907000077,745.2730907000077,745.2730907000077,745.7735699999903,745.7735699999903,746.7417493000103,,,,,c,1,0.9531581999908667,None,003,001,2025-09-18_21h56.44.917,Motor Sequence Learning,,2025.1.1,59.655691212536524,2025-09-18 21h56.52.669027 +0530,
50,c,149,149,40,c,1,0.45759919998818077,None,,,,,40,149,149,2,746.7569306000078,,746.7422543999855,746.7569306000078,747.7572412999871,747.7572412999871,747.7572412999871,747.7572412999871,747.7572412999871,748.2561759999953,748.2561759999953,748.7239331000019,,,,,c,1,0.45759919998818077,None,003,001,2025-09-18_21h56.44.917,Motor Sequence Learning,,2025.1.1,59.655691212536524,2025-09-18 21h56.52.669027 +0530,
-50,x,150,150,35,x,1,0.5305733000277542,None,,,,,35,150,150,0,748.7399168999982,,748.7245609000092,748.7399168999982,749.7237663000124,749.7237663000124,749.7237663000124,749.7237663000124,749.7407489999896,750.2392502999865,750.2392502999865,750.7742972999986,,,,,x,1,0.5305733000277542,None,003,001,2025-09-18_21h56.44.917,Motor Sequence Learning,,2025.1.1,59.655691212536524,2025-09-18 21h56.52.669027 +0530,
150,v,151,151,37,v,1,0.9365322999947239,None,,,,,37,151,151,1,750.7901951000094,,750.7749167000002,750.7901951000094,751.7730758000107,751.7730758000107,751.7730758000107,751.7730758000107,751.7904088000068,752.2895156999875,752.2895156999875,753.2394122999976,,,,,v,1,0.9365322999947239,None,003,001,2025-09-18_21h56.44.917,Motor Sequence Learning,,2025.1.1,59.655691212536524,2025-09-18 21h56.52.669027 +0530,
-150,z,152,152,37,z,1,0.7469508000067435,None,,,,,37,152,152,3,753.2555179999908,,753.2398986000044,753.2555179999908,754.2399661999953,754.2399661999953,754.2399661999953,754.2399661999953,754.2564700999937,754.7404080000124,754.7404080000124,755.4888639000128,,,,,z,1,0.7469508000067435,None,003,001,2025-09-18_21h56.44.917,Motor Sequence Learning,,2025.1.1,59.655691212536524,2025-09-18 21h56.52.669027 +0530,
-50,x,153,153,36,x,1,0.48510640001040883,None,,,,,36,153,153,0,755.5058926999918,,755.4892089999921,755.5058926999918,756.4907362000085,756.4907362000085,756.4907362000085,756.4907362000085,756.506270599988,756.9905533999845,756.9905533999845,757.4898872000049,,,,,x,1,0.48510640001040883,None,003,001,2025-09-18_21h56.44.917,Motor Sequence Learning,,2025.1.1,59.655691212536524,2025-09-18 21h56.52.669027 +0530,
-150,z,154,154,38,z,1,0.8182558999978937,None,,,,,38,154,154,3,757.5060082999989,,757.4905374000082,757.5060082999989,758.489863499999,758.489863499999,758.489863499999,758.489863499999,758.5057403999963,758.990140400012,758.990140400012,759.8245968999981,,,,,z,1,0.8182558999978937,None,003,001,2025-09-18_21h56.44.917,Motor Sequence Learning,,2025.1.1,59.655691212536524,2025-09-18 21h56.52.669027 +0530,
50,c,155,155,41,c,1,2.402613099984592,None,,,,,41,155,155,2,759.840347099991,,759.8253870999906,759.840347099991,760.8229018000129,760.8229018000129,760.8229018000129,760.8229018000129,760.8399220999854,761.3392793000094,761.3392793000094,763.7566607999906,,,,,c,1,2.402613099984592,None,003,001,2025-09-18_21h56.44.917,Motor Sequence Learning,,2025.1.1,59.655691212536524,2025-09-18 21h56.52.669027 +0530,
150,v,156,156,38,v,1,0.5944558999908622,None,,,,,38,156,156,1,763.7725929000007,,763.75727989999,763.7725929000007,764.7726994999975,764.7726994999975,764.7726994999975,764.7726994999975,764.7726994999975,765.2721882000042,765.2721882000042,765.8731635999866,,,,,v,1,0.5944558999908622,None,003,001,2025-09-18_21h56.44.917,Motor Sequence Learning,,2025.1.1,59.655691212536524,2025-09-18 21h56.52.669027 +0530,
150,v,157,157,39,v,1,0.8170951999782119,None,,,,,39,157,157,1,765.8890290999843,,765.8735603000096,765.8890290999843,766.8891584000085,766.8891584000085,766.8891584000085,766.8891584000085,766.8891584000085,767.388883800013,767.388883800013,768.2227234999882,,,,,v,1,0.8170951999782119,None,003,001,2025-09-18_21h56.44.917,Motor Sequence Learning,,2025.1.1,59.655691212536524,2025-09-18 21h56.52.669027 +0530,
150,v,158,158,40,v,1,1.5268204000021797,None,,,,,40,158,158,1,768.2393467999937,,768.2233572000114,768.2393467999937,769.2231139999931,769.2231139999931,769.2231139999931,769.2231139999931,769.2401551000075,769.7224830999912,769.7224830999912,771.2576200999902,,,,,v,1,1.5268204000021797,None,003,001,2025-09-18_21h56.44.917,Motor Sequence Learning,,2025.1.1,59.655691212536524,2025-09-18 21h56.52.669027 +0530,
-50,x,159,159,37,x,1,0.6692683000001125,None,,,,,37,159,159,0,771.272999000008,,771.2583253000048,771.272999000008,772.2741458000091,772.2741458000091,772.2741458000091,772.2741458000091,772.2902763999882,772.7570028000046,772.7570028000046,773.4404269999941,,,,,x,1,0.6692683000001125,None,003,001,2025-09-18_21h56.44.917,Motor Sequence Learning,,2025.1.1,59.655691212536524,2025-09-18 21h56.52.669027 +0530,
50,c,160,160,42,c,1,0.4288097000098787,None,,,,,42,160,160,2,773.4555512999941,,773.440977899998,773.4555512999941,774.4550044999924,774.4550044999924,774.4550044999924,774.4550044999924,774.4550044999924,774.9396303000103,774.9396303000103,775.3732558999909,,,,,c,1,0.4288097000098787,None,003,001,2025-09-18_21h56.44.917,Motor Sequence Learning,,2025.1.1,59.655691212536524,2025-09-18 21h56.52.669027 +0530,
50,c,161,161,43,c,1,1.9654395999968983,None,,,,,43,161,161,2,775.3889429999981,,775.3738598999917,775.3889429999981,776.3731450999912,776.3731450999912,776.3731450999912,776.3731450999912,776.3900387999893,776.8736743000045,776.8736743000045,778.841862900008,,,,,c,1,1.9654395999968983,None,003,001,2025-09-18_21h56.44.917,Motor Sequence Learning,,2025.1.1,59.655691212536524,2025-09-18 21h56.52.669027 +0530,
-150,z,162,162,39,z,1,0.8640428999788128,None,,,,,39,162,162,3,778.856125899998,,778.8428129999957,778.856125899998,779.8563735999924,779.8563735999924,779.8563735999924,779.8563735999924,779.8563735999924,780.3562372000015,780.3562372000015,781.2247258999851,,,,,z,1,0.8640428999788128,None,003,001,2025-09-18_21h56.44.917,Motor Sequence Learning,,2025.1.1,59.655691212536524,2025-09-18 21h56.52.669027 +0530,
-50,x,163,163,38,x,1,0.5167298000014853,None,,,,,38,163,163,0,781.2400216000096,,781.2253133000049,781.2400216000096,782.2232972999918,782.2232972999918,782.2232972999918,782.2232972999918,782.2393922999909,782.7396900999884,782.7396900999884,783.2572386999964,,,,,x,1,0.5167298000014853,None,003,001,2025-09-18_21h56.44.917,Motor Sequence Learning,,2025.1.1,59.655691212536524,2025-09-18 21h56.52.669027 +0530,
-150,z,164,164,40,z,1,2.713317499990808,None,,,,,40,164,164,3,783.2733066999936,,783.2578364000074,783.2733066999936,784.27169709999,784.27169709999,784.27169709999,784.27169709999,784.2883851999941,784.7727135999885,784.7727135999885,787.4914381999988,,,,,z,1,2.713317499990808,None,003,001,2025-09-18_21h56.44.917,Motor Sequence Learning,,2025.1.1,59.655691212536524,2025-09-18 21h56.52.669027 +0530,
-150,z,165,165,41,z,1,1.1929382999951486,None,,,,,41,165,165,3,787.5062622000114,,787.4920186999952,787.5062622000114,788.5057557999971,788.5057557999971,788.5057557999971,788.5057557999971,788.5057557999971,789.0052020000003,789.0052020000003,790.207096099999,,,,,z,1,1.1929382999951486,None,003,001,2025-09-18_21h56.44.917,Motor Sequence Learning,,2025.1.1,59.655691212536524,2025-09-18 21h56.52.669027 +0530,
50,c,166,166,44,c,1,0.7160602000076324,None,,,,,44,166,166,2,790.2226933999918,,790.2076135000098,790.2226933999918,791.2053604999965,791.2053604999965,791.2053604999965,791.2053604999965,791.2221377000096,791.7054570000037,791.7054570000037,792.4375261999958,,,,,c,1,0.7160602000076324,None,003,001,2025-09-18_21h56.44.917,Motor Sequence Learning,,2025.1.1,59.655691212536524,2025-09-18 21h56.52.669027 +0530,
-150,z,167,167,42,z,1,0.6948606999940239,None,,,,,42,167,167,3,792.4541544000094,,792.4377626999922,792.4541544000094,793.4378255000047,793.4378255000047,793.4378255000047,793.4378255000047,793.4541230000032,793.9374970000063,793.9374970000063,794.6379350000061,,,,,z,1,0.6948606999940239,None,003,001,2025-09-18_21h56.44.917,Motor Sequence Learning,,2025.1.1,59.655691212536524,2025-09-18 21h56.52.669027 +0530,
150,v,168,168,41,v,1,0.7307178000046406,None,,,,,41,168,168,1,794.6551450999978,,794.6383542999974,794.6551450999978,795.6381625999929,795.6381625999929,795.6381625999929,795.6381625999929,795.6545742999879,796.1379229000013,796.1379229000013,796.8726274000073,,,,,v,1,0.7307178000046406,None,003,001,2025-09-18_21h56.44.917,Motor Sequence Learning,,2025.1.1,59.655691212536524,2025-09-18 21h56.52.669027 +0530,
-150,z,169,169,43,z,1,0.5490617000032216,None,,,,,43,169,169,3,796.8881279999914,,796.8730666000047,796.8881279999914,797.8888581999927,797.8888581999927,797.8888581999927,797.8888581999927,797.8888581999927,798.3894546999945,798.3894546999945,798.93987989999,,,,,z,1,0.5490617000032216,None,003,001,2025-09-18_21h56.44.917,Motor Sequence Learning,,2025.1.1,59.655691212536524,2025-09-18 21h56.52.669027 +0530,
-50,x,170,170,39,x,1,0.592520100006368,None,,,,,39,170,170,0,798.9552896000096,,798.9402873000072,798.9552896000096,799.9543286999979,799.9543286999979,799.9543286999979,799.9543286999979,799.9715918999864,800.4547409999941,800.4547409999941,801.0570357000106,,,,,x,1,0.592520100006368,None,003,001,2025-09-18_21h56.44.917,Motor Sequence Learning,,2025.1.1,59.655691212536524,2025-09-18 21h56.52.669027 +0530,
50,c,171,171,45,c,1,1.1499730000214186,None,,,,,45,171,171,2,801.0716748000123,,801.0575577999989,801.0716748000123,802.0709862000076,802.0709862000076,802.0709862000076,802.0709862000076,802.0709862000076,802.5719740999921,802.5719740999921,803.7327618999989,,,,,c,1,1.1499730000214186,None,003,001,2025-09-18_21h56.44.917,Motor Sequence Learning,,2025.1.1,59.655691212536524,2025-09-18 21h56.52.669027 +0530,
-150,z,172,172,44,z,1,0.6214820000168402,None,,,,,44,172,172,3,803.7533154000121,,803.7332578999922,803.7533154000121,804.7379639999999,804.7379639999999,804.7379639999999,804.7379639999999,804.7541853000002,805.2392168999941,805.2392168999941,805.8730443000095,,,,,z,1,0.6214820000168402,None,003,001,2025-09-18_21h56.44.917,Motor Sequence Learning,,2025.1.1,59.655691212536524,2025-09-18 21h56.52.669027 +0530,
50,c,173,173,46,c,1,0.7739675999910105,None,,,,,46,173,173,2,805.8881765000115,,805.8738262999977,805.8881765000115,806.8898098999925,806.8898098999925,806.8898098999925,806.8898098999925,806.8898098999925,807.3878293999878,807.3878293999878,808.1725547999959,,,,,c,1,0.7739675999910105,None,003,001,2025-09-18_21h56.44.917,Motor Sequence Learning,,2025.1.1,59.655691212536524,2025-09-18 21h56.52.669027 +0530,
150,v,174,174,42,v,1,0.48099440001533367,None,,,,,42,174,174,1,808.189890300011,,808.1730470999901,808.189890300011,809.1891507999972,809.1891507999972,809.1891507999972,809.1891507999972,809.2059325999871,809.6717747999937,809.6717747999937,810.157099700009,,,,,v,1,0.48099440001533367,None,003,001,2025-09-18_21h56.44.917,Motor Sequence Learning,,2025.1.1,59.655691212536524,2025-09-18 21h56.52.669027 +0530,
150,v,175,175,43,v,1,0.5830167999956757,None,,,,,43,175,175,1,810.1719766999886,,810.157594999997,810.1719766999886,811.1725637000054,811.1725637000054,811.1725637000054,811.1725637000054,811.1725637000054,811.6716129999841,811.6716129999841,812.2564418000111,,,,,v,1,0.5830167999956757,None,003,001,2025-09-18_21h56.44.917,Motor Sequence Learning,,2025.1.1,59.655691212536524,2025-09-18 21h56.52.669027 +0530,
-50,x,176,176,40,x,1,0.6634525000117719,None,,,,,40,176,176,0,812.2725820000051,,812.2569036000059,812.2725820000051,813.2560438000073,813.2560438000073,813.2560438000073,813.2560438000073,813.2727721999981,813.7725127000012,813.7725127000012,814.4403647999861,,,,,x,1,0.6634525000117719,None,003,001,2025-09-18_21h56.44.917,Motor Sequence Learning,,2025.1.1,59.655691212536524,2025-09-18 21h56.52.669027 +0530,
-150,z,177,177,45,z,1,0.7884390999970492,None,,,,,45,177,177,3,814.4555280999921,,814.4408487000037,814.4555280999921,815.4560664999881,815.4560664999881,815.4560664999881,815.4560664999881,815.4560664999881,815.9385460999911,815.9385460999911,816.7382276999997,,,,,z,1,0.7884390999970492,None,003,001,2025-09-18_21h56.44.917,Motor Sequence Learning,,2025.1.1,59.655691212536524,2025-09-18 21h56.52.669027 +0530,
-50,x,178,178,41,x,1,0.795076499984134,None,,,,,41,178,178,0,816.7542500999989,,816.7386461999849,816.7542500999989,817.7387089999975,817.7387089999975,817.7387089999975,817.7387089999975,817.7551505999872,818.2392761000083,818.2392761000083,819.038895500009,,,,,x,1,0.795076499984134,None,003,001,2025-09-18_21h56.44.917,Motor Sequence Learning,,2025.1.1,59.655691212536524,2025-09-18 21h56.52.669027 +0530,
150,v,179,179,44,v,1,0.7269524000003003,None,,,,,44,179,179,1,819.0548153999844,,819.0393754999968,819.0548153999844,820.0389269999869,820.0389269999869,820.0389269999869,820.0389269999869,820.0546012000123,820.5390830000106,820.5390830000106,821.2727305000008,,,,,v,1,0.7269524000003003,None,003,001,2025-09-18_21h56.44.917,Motor Sequence Learning,,2025.1.1,59.655691212536524,2025-09-18 21h56.52.669027 +0530,
-150,z,180,180,46,z,1,0.4494907000043895,None,,,,,46,180,180,3,821.2886815000093,,821.2732721999928,821.2886815000093,822.2884462999937,822.2884462999937,822.2884462999937,822.2884462999937,822.2884462999937,822.7886552000127,822.7886552000127,823.255192200013,,,,,z,1,0.4494907000043895,None,003,001,2025-09-18_21h56.44.917,Motor Sequence Learning,,2025.1.1,59.655691212536524,2025-09-18 21h56.52.669027 +0530,
-50,x,181,181,42,x,1,0.7539470000192523,None,,,,,42,181,181,0,823.270805600012,,823.2556175999925,823.270805600012,824.2549838999985,824.2549838999985,824.2549838999985,824.2549838999985,824.2725066999847,824.754698100005,824.754698100005,825.5229439999966,,,,,x,1,0.7539470000192523,None,003,001,2025-09-18_21h56.44.917,Motor Sequence Learning,,2025.1.1,59.655691212536524,2025-09-18 21h56.52.669027 +0530,
-50,x,182,182,43,x,1,0.3286118000105489,None,,,,,43,182,182,0,825.5395592999994,,825.5235642000043,825.5395592999994,826.5230959999899,826.5230959999899,826.5230959999899,826.5230959999899,826.5379210000101,827.0412316999864,827.0412316999864,827.3734467999893,,,,,x,1,0.3286118000105489,None,003,001,2025-09-18_21h56.44.917,Motor Sequence Learning,,2025.1.1,59.655691212536524,2025-09-18 21h56.52.669027 +0530,
-50,x,183,183,44,x,1,0.3491400000057183,None,,,,,44,183,183,0,827.3884427000012,,827.3740543999884,827.3884427000012,828.3889065000112,828.3889065000112,828.3889065000112,828.3889065000112,828.3889065000112,828.8880701999879,828.8880701999879,829.2407153999957,,,,,x,1,0.3491400000057183,None,003,001,2025-09-18_21h56.44.917,Motor Sequence Learning,,2025.1.1,59.655691212536524,2025-09-18 21h56.52.669027 +0530,
-50,x,184,184,45,x,1,0.31279619998531416,None,,,,,45,184,184,0,829.2573303999961,,829.241380499996,829.2573303999961,830.2557458000083,830.2557458000083,830.2557458000083,830.2557458000083,830.2719993999926,830.7551101999998,830.7551101999998,831.0728674999846,,,,,x,1,0.31279619998531416,None,003,001,2025-09-18_21h56.44.917,Motor Sequence Learning,,2025.1.1,59.655691212536524,2025-09-18 21h56.52.669027 +0530,
50,c,185,185,47,c,1,0.5965549999964423,None,,,,,47,185,185,2,831.0884751999984,,831.0735155000002,831.0884751999984,832.0729224999959,832.0729224999959,832.0729224999959,832.0729224999959,832.088353500003,832.5728591000079,832.5728591000079,833.1731699999946,,,,,c,1,0.5965549999964423,None,003,001,2025-09-18_21h56.44.917,Motor Sequence Learning,,2025.1.1,59.655691212536524,2025-09-18 21h56.52.669027 +0530,
-150,z,186,186,47,z,1,0.8319056000036653,None,,,,,47,186,186,3,833.1885380999884,,833.1738737999985,833.1885380999884,834.1884848999907,834.1884848999907,834.1884848999907,834.1884848999907,834.1884848999907,834.6716027999937,834.6716027999937,835.5064065000042,,,,,z,1,0.8319056000036653,None,003,001,2025-09-18_21h56.44.917,Motor Sequence Learning,,2025.1.1,59.655691212536524,2025-09-18 21h56.52.669027 +0530,
150,v,187,187,45,v,1,0.8968396999989636,None,,,,,45,187,187,1,835.5222627999901,,835.5068940999918,835.5222627999901,836.5221739000117,836.5221739000117,836.5221739000117,836.5221739000117,836.5221739000117,837.0221519999905,837.0221519999905,837.9227555000107,,,,,v,1,0.8968396999989636,None,003,001,2025-09-18_21h56.44.917,Motor Sequence Learning,,2025.1.1,59.655691212536524,2025-09-18 21h56.52.669027 +0530,
150,v,188,188,46,v,1,0.6077481000102125,None,,,,,46,188,188,1,837.9381630999851,,837.9232354999986,837.9381630999851,838.9372419999854,838.9372419999854,838.9372419999854,838.9372419999854,838.9372419999854,839.437686099991,839.437686099991,840.0555876999861,,,,,v,1,0.6077481000102125,None,003,001,2025-09-18_21h56.44.917,Motor Sequence Learning,,2025.1.1,59.655691212536524,2025-09-18 21h56.52.669027 +0530,
-150,z,189,189,48,z,1,0.6262437000114005,None,,,,,48,189,189,3,840.072110100009,,840.0562177000102,840.072110100009,841.0550114999933,841.0550114999933,841.0550114999933,841.0550114999933,841.0719419000088,841.5551101999881,841.5551101999881,842.1894163000106,,,,,z,1,0.6262437000114005,None,003,001,2025-09-18_21h56.44.917,Motor Sequence Learning,,2025.1.1,59.655691212536524,2025-09-18 21h56.52.669027 +0530,
-50,x,190,190,46,c,0,2.2081773999962024,None,,,,,46,190,190,0,842.2054688000062,,842.189936699986,842.2054688000062,843.2055594999983,843.2055594999983,843.2055594999983,843.2055594999983,843.2055594999983,843.6886713999847,843.6886713999847,845.907229400007,,,,,c,0,2.2081773999962024,None,003,001,2025-09-18_21h56.44.917,Motor Sequence Learning,,2025.1.1,59.655691212536524,2025-09-18 21h56.52.669027 +0530,
-50,x,191,191,47,x,1,0.8221932000014931,None,,,,,47,191,191,0,845.921900699992,,845.9078058000014,845.921900699992,846.9215994999977,846.9215994999977,846.9215994999977,846.9215994999977,846.9215994999977,847.4220567999873,847.4220567999873,848.2561789999891,,,,,x,1,0.8221932000014931,None,003,001,2025-09-18_21h56.44.917,Motor Sequence Learning,,2025.1.1,59.655691212536524,2025-09-18 21h56.52.669027 +0530,
150,v,192,192,47,v,1,0.7973122000112198,None,,,,,47,192,192,1,848.271619999985,,848.2566884999978,848.271619999985,849.2714042000007,849.2714042000007,849.2714042000007,849.2714042000007,849.2714042000007,849.755454099999,849.755454099999,850.556116599997,,,,,v,1,0.7973122000112198,None,003,001,2025-09-18_21h56.44.917,Motor Sequence Learning,,2025.1.1,59.655691212536524,2025-09-18 21h56.52.669027 +0530,
50,c,193,193,48,x,0,0.6772599999967497,None,,,,,48,193,193,2,850.5717322000128,,850.5566308000125,850.5717322000128,851.5720068000082,851.5720068000082,851.5720068000082,851.5720068000082,851.5720068000082,852.0715218000114,852.0715218000114,852.7564614999865,,,,,x,0,0.6772599999967497,None,003,001,2025-09-18_21h56.44.917,Motor Sequence Learning,,2025.1.1,59.655691212536524,2025-09-18 21h56.52.669027 +0530,
50,c,194,194,49,c,1,1.0284275000158232,None,,,,,49,194,194,2,852.7712838999869,,852.7570372000046,852.7712838999869,853.7714800999966,853.7714800999966,853.7714800999966,853.7714800999966,853.7714800999966,854.2724874000123,854.2724874000123,855.3061435999989,,,,,c,1,1.0284275000158232,None,003,001,2025-09-18_21h56.44.917,Motor Sequence Learning,,2025.1.1,59.655691212536524,2025-09-18 21h56.52.669027 +0530,
-50,x,195,195,48,x,1,0.47962669999105856,None,,,,,48,195,195,0,855.3221128000005,,855.306974200008,855.3221128000005,856.322232800012,856.322232800012,856.322232800012,856.322232800012,856.322232800012,856.8217579000047,856.8217579000047,857.3054675000021,,,,,x,1,0.47962669999105856,None,003,001,2025-09-18_21h56.44.917,Motor Sequence Learning,,2025.1.1,59.655691212536524,2025-09-18 21h56.52.669027 +0530,
150,v,196,196,48,v,1,0.7856323000160046,None,,,,,48,196,196,1,857.3215412999853,,857.3060742999951,857.3215412999853,858.3052565999969,858.3052565999969,858.3052565999969,858.3052565999969,858.3218586999865,858.8045095000125,858.8045095000125,859.6058741000015,,,,,v,1,0.7856323000160046,None,003,001,2025-09-18_21h56.44.917,Motor Sequence Learning,,2025.1.1,59.655691212536524,2025-09-18 21h56.52.669027 +0530,
-150,z,197,197,49,z,1,0.5651708999939729,None,,,,,49,197,197,3,859.6209067000018,,859.6065620000008,859.6209067000018,860.6051582999935,860.6051582999935,860.6051582999935,860.6051582999935,860.6219502000022,861.1058749000076,861.1058749000076,861.6739488999883,,,,,z,1,0.5651708999939729,None,003,001,2025-09-18_21h56.44.917,Motor Sequence Learning,,2025.1.1,59.655691212536524,2025-09-18 21h56.52.669027 +0530,
-50,x,198,198,49,x,1,0.5934463999874424,None,,,,,49,198,198,0,861.6884292000032,,861.6746130000101,861.6884292000032,862.6878009999928,862.6878009999928,862.6878009999928,862.6878009999928,862.6878009999928,863.1889605000033,863.1889605000033,863.7890985000122,,,,,x,1,0.5934463999874424,None,003,001,2025-09-18_21h56.44.917,Motor Sequence Learning,,2025.1.1,59.655691212536524,2025-09-18 21h56.52.669027 +0530,
150,v,199,199,49,v,1,0.8239982000086457,None,,,,,49,199,199,1,863.8043580999947,,863.7900388000126,863.8043580999947,864.8039322000113,864.8039322000113,864.8039322000113,864.8039322000113,864.8039322000113,865.2867767999996,865.2867767999996,866.121054999996,,,,,v,1,0.8239982000086457,None,003,001,2025-09-18_21h56.44.917,Motor Sequence Learning,,2025.1.1,59.655691212536524,2025-09-18 21h56.52.669027 +0530,
