pos,corr_resp,thisN,thisTrialN,thisRepN,key_resp.keys,key_resp.corr,key_resp.rt,key_resp.duration,trials.thisRepN,trials.thisTrialN,trials.thisN,trials.thisIndex,trials_2.thisRepN,trials_2.thisTrialN,trials_2.thisN,trials_2.thisIndex,thisRow.t,notes,trial.started,Fixation.started,line1.started,line2.started,line3.started,line4.started,Fixation.stopped,probe.started,key_resp.started,trial.stopped,trials.key_resp.keys,trials.key_resp.corr,trials.key_resp.rt,trials.key_resp.duration,trials_2.key_resp.keys,trials_2.key_resp.corr,trials_2.key_resp.rt,trials_2.key_resp.duration,participant,session,date,expName,expVersion,psychopyVersion,frameRate,expStart
-50,x,0,0,0,x,1,10.4291023,None,0,0,0,0,,,,,0.0239391,,0.0110265,0.0239391,1.0080887,1.0080887,1.0080887,1.0080887,1.0254208,1.5089128,1.5089128,12.0791651,x,1,10.4291023,None,,,,,4,1,2025-09-29_21h01.47.076,Motor Sequence Learning,,2025.1.1,60.44947813,2025-09-29 21h02.07.006699 +0530
150,v,1,1,0,v,1,0.696153,None,0,1,1,1,,,,,12.090358,,12.0796465,12.090358,13.0929861,13.0929861,13.0929861,13.0929861,13.0929861,13.5922251,13.5922251,14.2933914,v,1,0.696153,None,,,,,4,1,2025-09-29_21h01.47.076,Motor Sequence Learning,,2025.1.1,60.44947813,2025-09-29 21h02.07.006699 +0530
50,c,2,2,0,c,1,0.4443287,None,0,2,2,2,,,,,14.30873,,14.2939461,14.30873,15.293059,15.293059,15.293059,15.293059,15.3093205,15.8092244,15.8092244,16.2593856,c,1,0.4443287,None,,,,,4,1,2025-09-29_21h01.47.076,Motor Sequence Learning,,2025.1.1,60.44947813,2025-09-29 21h02.07.006699 +0530
-150,z,3,3,0,z,1,0.6616158,None,0,3,3,3,,,,,16.2759759,,16.2599644,16.2759759,17.275209,17.275209,17.275209,17.275209,17.275209,17.7746199,17.7746199,18.4420268,z,1,0.6616158,None,,,,,4,1,2025-09-29_21h01.47.076,Motor Sequence Learning,,2025.1.1,60.44947813,2025-09-29 21h02.07.006699 +0530
-50,x,4,0,1,x,1,0.5661987,None,1,0,4,0,,,,,18.4581849,,18.4424479,18.4581849,19.4589591,19.4589591,19.4589591,19.4589591,19.4589591,19.9410946,19.9410946,20.5095644,x,1,0.5661987,None,,,,,4,1,2025-09-29_21h01.47.076,Motor Sequence Learning,,2025.1.1,60.44947813,2025-09-29 21h02.07.006699 +0530
150,v,5,1,1,v,1,0.4902873,None,1,1,5,1,,,,,20.5251879,,20.510038,20.5251879,21.5247052,21.5247052,21.5247052,21.5247052,21.5247052,22.0252955,22.0252955,22.5252596,v,1,0.4902873,None,,,,,4,1,2025-09-29_21h01.47.076,Motor Sequence Learning,,2025.1.1,60.44947813,2025-09-29 21h02.07.006699 +0530
50,c,6,2,1,c,1,0.5649437,None,1,2,6,2,,,,,22.5411585,,22.5256423,22.5411585,23.5245869,23.5245869,23.5245869,23.5245869,23.5420276,24.0405701,24.0405701,24.6088572,c,1,0.5649437,None,,,,,4,1,2025-09-29_21h01.47.076,Motor Sequence Learning,,2025.1.1,60.44947813,2025-09-29 21h02.07.006699 +0530
-150,z,7,3,1,z,1,0.3528228,None,1,3,7,3,,,,,24.6238554,,24.6092169,24.6238554,25.6245168,25.6245168,25.6245168,25.6245168,25.6245168,26.1075685,26.1075685,26.4756462,z,1,0.3528228,None,,,,,4,1,2025-09-29_21h01.47.076,Motor Sequence Learning,,2025.1.1,60.44947813,2025-09-29 21h02.07.006699 +0530
-50,x,8,0,2,x,1,0.4370327,None,2,0,8,0,,,,,26.4905549,,26.4761748,26.4905549,27.4751816,27.4751816,27.4751816,27.4751816,27.4916852,27.9750632,27.9750632,28.4242988,x,1,0.4370327,None,,,,,4,1,2025-09-29_21h01.47.076,Motor Sequence Learning,,2025.1.1,60.44947813,2025-09-29 21h02.07.006699 +0530
150,v,9,1,2,v,1,0.3235422,None,2,1,9,1,,,,,28.4402211,,28.424517,28.4402211,29.4243391,29.4243391,29.4243391,29.4243391,29.4411757,29.924837,29.924837,30.2585578,v,1,0.3235422,None,,,,,4,1,2025-09-29_21h01.47.076,Motor Sequence Learning,,2025.1.1,60.44947813,2025-09-29 21h02.07.006699 +0530
50,c,10,2,2,c,1,0.3100722,None,2,2,10,2,,,,,30.2741074,,30.2589362,30.2741074,31.2575449,31.2575449,31.2575449,31.2575449,31.2745328,31.7580113,31.7580113,32.0749957,c,1,0.3100722,None,,,,,4,1,2025-09-29_21h01.47.076,Motor Sequence Learning,,2025.1.1,60.44947813,2025-09-29 21h02.07.006699 +0530
-150,z,11,3,2,z,1,0.3653211,None,2,3,11,3,,,,,32.0907403,,32.0754977,32.0907403,33.0752091,33.0752091,33.0752091,33.0752091,33.0909051,33.5751378,33.5751378,33.942813,z,1,0.3653211,None,,,,,4,1,2025-09-29_21h01.47.076,Motor Sequence Learning,,2025.1.1,60.44947813,2025-09-29 21h02.07.006699 +0530
-50,x,12,0,3,x,1,0.2832395,None,3,0,12,0,,,,,33.957258,,33.9432236,33.957258,34.9567982,34.9567982,34.9567982,34.9567982,34.9567982,35.456885,35.456885,35.742623,x,1,0.2832395,None,,,,,4,1,2025-09-29_21h01.47.076,Motor Sequence Learning,,2025.1.1,60.44947813,2025-09-29 21h02.07.006699 +0530
150,v,13,1,3,v,1,0.3124722,None,3,1,13,1,,,,,35.7572496,,35.7431735,35.7572496,36.7568567,36.7568567,36.7568567,36.7568567,36.7568567,37.2567584,37.2567584,37.5744186,v,1,0.3124722,None,,,,,4,1,2025-09-29_21h01.47.076,Motor Sequence Learning,,2025.1.1,60.44947813,2025-09-29 21h02.07.006699 +0530
50,c,14,2,3,c,1,0.3080532,None,3,2,14,2,,,,,37.5901305,,37.5747995,37.5901305,38.5733884,38.5733884,38.5733884,38.5733884,38.5901769,39.0738143,39.0738143,39.3914082,c,1,0.3080532,None,,,,,4,1,2025-09-29_21h01.47.076,Motor Sequence Learning,,2025.1.1,60.44947813,2025-09-29 21h02.07.006699 +0530
-150,z,15,3,3,z,1,0.3534636,None,3,3,15,3,,,,,39.4078186,,39.3918204,39.4078186,40.3910839,40.3910839,40.3910839,40.3910839,40.4076642,40.8905299,40.8905299,41.2579543,z,1,0.3534636,None,,,,,4,1,2025-09-29_21h01.47.076,Motor Sequence Learning,,2025.1.1,60.44947813,2025-09-29 21h02.07.006699 +0530
-50,x,16,0,4,x,1,0.313474,None,4,0,16,0,,,,,41.2738661,,41.2585056,41.2738661,42.2579551,42.2579551,42.2579551,42.2579551,42.2746866,42.7588832,42.7588832,43.0752257,x,1,0.313474,None,,,,,4,1,2025-09-29_21h01.47.076,Motor Sequence Learning,,2025.1.1,60.44947813,2025-09-29 21h02.07.006699 +0530
150,v,17,1,4,v,1,0.2802282,None,4,1,17,1,,,,,43.0907461,,43.0756217,43.0907461,44.0744771,44.0744771,44.0744771,44.0744771,44.091688,44.5747565,44.5747565,44.8592293,v,1,0.2802282,None,,,,,4,1,2025-09-29_21h01.47.076,Motor Sequence Learning,,2025.1.1,60.44947813,2025-09-29 21h02.07.006699 +0530
50,c,18,2,4,c,1,0.3101356,None,4,2,18,2,,,,,44.874074,,44.8598664,44.874074,45.8747086,45.8747086,45.8747086,45.8747086,45.8747086,46.3578043,46.3578043,46.676478,c,1,0.3101356,None,,,,,4,1,2025-09-29_21h01.47.076,Motor Sequence Learning,,2025.1.1,60.44947813,2025-09-29 21h02.07.006699 +0530
-150,z,19,3,4,z,1,0.2690826,None,4,3,19,3,,,,,46.6908428,,46.6771867,46.6908428,47.6909418,47.6909418,47.6909418,47.6909418,47.6909418,48.1909617,48.1909617,48.4748192,z,1,0.2690826,None,,,,,4,1,2025-09-29_21h01.47.076,Motor Sequence Learning,,2025.1.1,60.44947813,2025-09-29 21h02.07.006699 +0530
-50,x,20,0,5,c,0,0.3044833,None,5,0,20,0,,,,,48.4919428,,48.4753309,48.4919428,49.4913358,49.4913358,49.4913358,49.4913358,49.5076407,49.9738959,49.9738959,50.2916659,c,0,0.3044833,None,,,,,4,1,2025-09-29_21h01.47.076,Motor Sequence Learning,,2025.1.1,60.44947813,2025-09-29 21h02.07.006699 +0530
150,v,21,1,5,v,1,0.6496622,None,5,1,21,1,,,,,50.3068185,,50.2920379,50.3068185,51.2916472,51.2916472,51.2916472,51.2916472,51.3076384,51.7909254,51.7909254,52.4413581,v,1,0.6496622,None,,,,,4,1,2025-09-29_21h01.47.076,Motor Sequence Learning,,2025.1.1,60.44947813,2025-09-29 21h02.07.006699 +0530
50,c,22,2,5,c,1,0.3514244,None,5,2,22,2,,,,,52.4574379,,52.4417547,52.4574379,53.4404134,53.4404134,53.4404134,53.4404134,53.4579841,53.9569227,53.9569227,54.3088817,c,1,0.3514244,None,,,,,4,1,2025-09-29_21h01.47.076,Motor Sequence Learning,,2025.1.1,60.44947813,2025-09-29 21h02.07.006699 +0530
-150,z,23,3,5,z,1,0.6196624,None,5,3,23,3,,,,,54.3232914,,54.3092613,54.3232914,55.3241929,55.3241929,55.3241929,55.3241929,55.3241929,55.8240844,55.8240844,56.4580897,z,1,0.6196624,None,,,,,4,1,2025-09-29_21h01.47.076,Motor Sequence Learning,,2025.1.1,60.44947813,2025-09-29 21h02.07.006699 +0530
-50,x,24,0,6,x,1,0.295928,None,6,0,24,0,,,,,56.4736564,,56.4585071,56.4736564,57.4575234,57.4575234,57.4575234,57.4575234,57.4745502,57.958972,57.958972,58.2581422,x,1,0.295928,None,,,,,4,1,2025-09-29_21h01.47.076,Motor Sequence Learning,,2025.1.1,60.44947813,2025-09-29 21h02.07.006699 +0530
150,v,25,1,6,v,1,0.351226,None,6,1,25,1,,,,,58.2738866,,58.2586591,58.2738866,59.2574878,59.2574878,59.2574878,59.2574878,59.2741299,59.7580629,59.7580629,60.1233695,v,1,0.351226,None,,,,,4,1,2025-09-29_21h01.47.076,Motor Sequence Learning,,2025.1.1,60.44947813,2025-09-29 21h02.07.006699 +0530
50,c,26,2,6,c,1,0.3830493,None,6,2,26,2,,,,,60.13975,,60.1236248,60.13975,61.1241503,61.1241503,61.1241503,61.1241503,61.1406987,61.6241428,61.6241428,62.0094078,c,1,0.3830493,None,,,,,4,1,2025-09-29_21h01.47.076,Motor Sequence Learning,,2025.1.1,60.44947813,2025-09-29 21h02.07.006699 +0530
-150,z,27,3,6,z,1,0.328698,None,6,3,27,3,,,,,62.0238152,,62.0098171,62.0238152,63.0245409,63.0245409,63.0245409,63.0245409,63.0245409,63.5246891,63.5246891,63.8576351,z,1,0.328698,None,,,,,4,1,2025-09-29_21h01.47.076,Motor Sequence Learning,,2025.1.1,60.44947813,2025-09-29 21h02.07.006699 +0530
-50,x,28,0,7,x,1,0.3633195,None,7,0,28,0,,,,,63.8730604,,63.8579884,63.8730604,64.8574017,64.8574017,64.8574017,64.8574017,64.8738458,65.3581181,65.3581181,65.726245,x,1,0.3633195,None,,,,,4,1,2025-09-29_21h01.47.076,Motor Sequence Learning,,2025.1.1,60.44947813,2025-09-29 21h02.07.006699 +0530
150,v,29,1,7,v,1,0.3177141,None,7,1,29,1,,,,,65.7407609,,65.726823,65.7407609,66.7406031,66.7406031,66.7406031,66.7406031,66.7406031,67.2407061,67.2407061,67.5732905,v,1,0.3177141,None,,,,,4,1,2025-09-29_21h01.47.076,Motor Sequence Learning,,2025.1.1,60.44947813,2025-09-29 21h02.07.006699 +0530
50,c,30,2,7,c,1,0.2918361,None,7,2,30,2,,,,,67.5897051,,67.5735624,67.5897051,68.5730935,68.5730935,68.5730935,68.5730935,68.5897217,69.0727217,69.0727217,69.3738053,c,1,0.2918361,None,,,,,4,1,2025-09-29_21h01.47.076,Motor Sequence Learning,,2025.1.1,60.44947813,2025-09-29 21h02.07.006699 +0530
-150,z,31,3,7,z,1,0.3997007,None,7,3,31,3,,,,,69.3898347,,69.3742792,69.3898347,70.3741328,70.3741328,70.3741328,70.3741328,70.3910472,70.8728937,70.8728937,71.274833,z,1,0.3997007,None,,,,,4,1,2025-09-29_21h01.47.076,Motor Sequence Learning,,2025.1.1,60.44947813,2025-09-29 21h02.07.006699 +0530
-50,x,32,0,8,x,1,0.302278,None,8,0,32,0,,,,,71.2897652,,71.2754162,71.2897652,72.2744717,72.2744717,72.2744717,72.2744717,72.2902091,72.7748771,72.7748771,73.0898487,x,1,0.302278,None,,,,,4,1,2025-09-29_21h01.47.076,Motor Sequence Learning,,2025.1.1,60.44947813,2025-09-29 21h02.07.006699 +0530
150,v,33,1,8,c,0,0.2839643,None,8,1,33,1,,,,,73.1060939,,73.0901428,73.1060939,74.0914841,74.0914841,74.0914841,74.0914841,74.1070223,74.5907316,74.5907316,74.8755897,c,0,0.2839643,None,,,,,4,1,2025-09-29_21h01.47.076,Motor Sequence Learning,,2025.1.1,60.44947813,2025-09-29 21h02.07.006699 +0530
50,c,34,2,8,c,1,0.3729357,None,8,2,34,2,,,,,74.8897167,,74.8761062,74.8897167,75.8917717,75.8917717,75.8917717,75.8917717,75.8917717,76.3914769,76.3914769,76.7752033,c,1,0.3729357,None,,,,,4,1,2025-09-29_21h01.47.076,Motor Sequence Learning,,2025.1.1,60.44947813,2025-09-29 21h02.07.006699 +0530
-150,z,35,3,8,z,1,0.3934162,None,8,3,35,3,,,,,76.7909375,,76.7758612,76.7909375,77.7892446,77.7892446,77.7892446,77.7892446,77.805848,78.2898739,78.2898739,78.6890278,z,1,0.3934162,None,,,,,4,1,2025-09-29_21h01.47.076,Motor Sequence Learning,,2025.1.1,60.44947813,2025-09-29 21h02.07.006699 +0530
-50,x,36,0,9,x,1,0.4472302,None,9,0,36,0,,,,,78.7048865,,78.6892513,78.7048865,79.6908169,79.6908169,79.6908169,79.6908169,79.7074179,80.1898016,80.1898016,80.6420183,x,1,0.4472302,None,,,,,4,1,2025-09-29_21h01.47.076,Motor Sequence Learning,,2025.1.1,60.44947813,2025-09-29 21h02.07.006699 +0530
150,v,37,1,9,v,1,0.4298979,None,9,1,37,1,,,,,80.6561215,,80.6425308,80.6561215,81.6569394,81.6569394,81.6569394,81.6569394,81.6569394,82.1566366,82.1566366,82.5909054,v,1,0.4298979,None,,,,,4,1,2025-09-29_21h01.47.076,Motor Sequence Learning,,2025.1.1,60.44947813,2025-09-29 21h02.07.006699 +0530
50,c,38,2,9,c,1,0.4213271,None,9,2,38,2,,,,,82.6066862,,82.5915411,82.6066862,83.5899608,83.5899608,83.5899608,83.5899608,83.6069015,84.0896505,84.0896505,84.525448,c,1,0.4213271,None,,,,,4,1,2025-09-29_21h01.47.076,Motor Sequence Learning,,2025.1.1,60.44947813,2025-09-29 21h02.07.006699 +0530
-150,z,39,3,9,z,1,0.386383,None,9,3,39,3,,,,,84.5406196,,84.5259769,84.5406196,85.5403767,85.5403767,85.5403767,85.5403767,85.5403767,86.0408575,86.0408575,86.4395829,z,1,0.386383,None,,,,,4,1,2025-09-29_21h01.47.076,Motor Sequence Learning,,2025.1.1,60.44947813,2025-09-29 21h02.07.006699 +0530
-50,x,40,0,10,z,0,0.4068006,None,10,0,40,0,,,,,86.4558501,,86.4398606,86.4558501,87.4400885,87.4400885,87.4400885,87.4400885,87.4568411,87.9407415,87.9407415,88.3583026,z,0,0.4068006,None,,,,,4,1,2025-09-29_21h01.47.076,Motor Sequence Learning,,2025.1.1,60.44947813,2025-09-29 21h02.07.006699 +0530
150,v,41,1,10,v,1,0.7218087,None,10,1,41,1,,,,,88.373661,,88.3588399,88.373661,89.3582604,89.3582604,89.3582604,89.3582604,89.3745947,89.8568597,89.8568597,90.5915563,v,1,0.7218087,None,,,,,4,1,2025-09-29_21h01.47.076,Motor Sequence Learning,,2025.1.1,60.44947813,2025-09-29 21h02.07.006699 +0530
50,c,42,2,10,c,1,0.3007916,None,10,2,42,2,,,,,90.6069814,,90.5920432,90.6069814,91.5912305,91.5912305,91.5912305,91.5912305,91.607695,92.0911925,92.0911925,92.3926501,c,1,0.3007916,None,,,,,4,1,2025-09-29_21h01.47.076,Motor Sequence Learning,,2025.1.1,60.44947813,2025-09-29 21h02.07.006699 +0530
-150,z,43,3,10,z,1,0.354943,None,10,3,43,3,,,,,92.4076587,,92.3931884,92.4076587,93.3920009,93.3920009,93.3920009,93.3920009,93.4083322,93.906767,93.906767,94.2745014,z,1,0.354943,None,,,,,4,1,2025-09-29_21h01.47.076,Motor Sequence Learning,,2025.1.1,60.44947813,2025-09-29 21h02.07.006699 +0530
-50,x,44,0,11,x,1,0.2655774,None,11,0,44,0,,,,,94.2901592,,94.2750189,94.2901592,95.2745054,95.2745054,95.2745054,95.2745054,95.2910986,95.7754881,95.7754881,96.0419726,x,1,0.2655774,None,,,,,4,1,2025-09-29_21h01.47.076,Motor Sequence Learning,,2025.1.1,60.44947813,2025-09-29 21h02.07.006699 +0530
150,v,45,1,11,v,1,0.4332273,None,11,1,45,1,,,,,96.0568441,,96.0425345,96.0568441,97.0412381,97.0412381,97.0412381,97.0412381,97.0571737,97.5407172,97.5407172,97.975956,v,1,0.4332273,None,,,,,4,1,2025-09-29_21h01.47.076,Motor Sequence Learning,,2025.1.1,60.44947813,2025-09-29 21h02.07.006699 +0530
50,c,46,2,11,c,1,0.3685469,None,11,2,46,2,,,,,97.9901336,,97.9765999,97.9901336,98.9894593,98.9894593,98.9894593,98.9894593,98.9894593,99.4900641,99.4900641,99.8726277,c,1,0.3685469,None,,,,,4,1,2025-09-29_21h01.47.076,Motor Sequence Learning,,2025.1.1,60.44947813,2025-09-29 21h02.07.006699 +0530
-150,z,47,3,11,z,1,0.4212026,None,11,3,47,3,,,,,99.8889665,,99.8728914,99.8889665,100.8726472,100.8726472,100.8726472,100.8726472,100.8898943,101.3722442,101.3722442,101.8074926,z,1,0.4212026,None,,,,,4,1,2025-09-29_21h01.47.076,Motor Sequence Learning,,2025.1.1,60.44947813,2025-09-29 21h02.07.006699 +0530
-50,x,48,0,12,x,1,0.3114115,None,12,0,48,0,,,,,101.8228063,,101.8079738,101.8228063,102.822689,102.822689,102.822689,102.822689,102.822689,103.3065385,103.3065385,103.6242294,x,1,0.3114115,None,,,,,4,1,2025-09-29_21h01.47.076,Motor Sequence Learning,,2025.1.1,60.44947813,2025-09-29 21h02.07.006699 +0530
150,v,49,1,12,v,1,0.3454785,None,12,1,49,1,,,,,103.6402566,,103.624648,103.6402566,104.6225414,104.6225414,104.6225414,104.6225414,104.6566443,105.1402246,105.1402246,105.4899646,v,1,0.3454785,None,,,,,4,1,2025-09-29_21h01.47.076,Motor Sequence Learning,,2025.1.1,60.44947813,2025-09-29 21h02.07.006699 +0530
50,c,50,2,12,c,1,0.4658482,None,12,2,50,2,,,,,105.5066251,,105.4903419,105.5066251,106.5054268,106.5054268,106.5054268,106.5054268,106.5222902,106.9897892,106.9897892,107.4561802,c,1,0.4658482,None,,,,,4,1,2025-09-29_21h01.47.076,Motor Sequence Learning,,2025.1.1,60.44947813,2025-09-29 21h02.07.006699 +0530
-150,z,51,3,12,z,1,0.3039075,None,12,3,51,3,,,,,107.472296,,107.4564652,107.472296,108.4569036,108.4569036,108.4569036,108.4569036,108.4734637,108.9569633,108.9569633,109.2747906,z,1,0.3039075,None,,,,,4,1,2025-09-29_21h01.47.076,Motor Sequence Learning,,2025.1.1,60.44947813,2025-09-29 21h02.07.006699 +0530
-50,x,52,0,13,x,1,0.3489235,None,13,0,52,0,,,,,109.2893686,,109.2753722,109.2893686,110.2890145,110.2890145,110.2890145,110.2890145,110.2890145,110.7887619,110.7887619,111.1392893,x,1,0.3489235,None,,,,,4,1,2025-09-29_21h01.47.076,Motor Sequence Learning,,2025.1.1,60.44947813,2025-09-29 21h02.07.006699 +0530
150,v,53,1,13,v,1,0.3673078,None,13,1,53,1,,,,,111.1556845,,111.1395406,111.1556845,112.1389304,112.1389304,112.1389304,112.1389304,112.1558976,112.6389634,112.6389634,113.0226629,v,1,0.3673078,None,,,,,4,1,2025-09-29_21h01.47.076,Motor Sequence Learning,,2025.1.1,60.44947813,2025-09-29 21h02.07.006699 +0530
50,c,54,2,13,c,1,0.3449294,None,13,2,54,2,,,,,113.038917,,113.0228928,113.038917,114.0222875,114.0222875,114.0222875,114.0222875,114.0391049,114.5221849,114.5221849,114.8727646,c,1,0.3449294,None,,,,,4,1,2025-09-29_21h01.47.076,Motor Sequence Learning,,2025.1.1,60.44947813,2025-09-29 21h02.07.006699 +0530
-150,z,55,3,13,z,1,0.3167249,None,13,3,55,3,,,,,114.8886965,,114.8730022,114.8886965,115.8722922,115.8722922,115.8722922,115.8722922,115.8890396,116.3721989,116.3721989,116.6891917,z,1,0.3167249,None,,,,,4,1,2025-09-29_21h01.47.076,Motor Sequence Learning,,2025.1.1,60.44947813,2025-09-29 21h02.07.006699 +0530
-50,x,56,0,14,x,1,0.3276587,None,14,0,56,0,,,,,116.7054805,,116.6894083,116.7054805,117.6890495,117.6890495,117.6890495,117.6890495,117.7054286,118.188808,118.188808,118.5225856,x,1,0.3276587,None,,,,,4,1,2025-09-29_21h01.47.076,Motor Sequence Learning,,2025.1.1,60.44947813,2025-09-29 21h02.07.006699 +0530
150,v,57,1,14,v,1,0.3549295,None,14,1,57,1,,,,,118.5392346,,118.522807,118.5392346,119.5225404,119.5225404,119.5225404,119.5225404,119.5386914,120.0219758,120.0219758,120.3891694,v,1,0.3549295,None,,,,,4,1,2025-09-29_21h01.47.076,Motor Sequence Learning,,2025.1.1,60.44947813,2025-09-29 21h02.07.006699 +0530
50,c,58,2,14,c,1,0.3179305,None,14,2,58,2,,,,,120.4059705,,120.3895607,120.4059705,121.4053517,121.4053517,121.4053517,121.4053517,121.4220722,121.8886035,121.8886035,122.2224045,c,1,0.3179305,None,,,,,4,1,2025-09-29_21h01.47.076,Motor Sequence Learning,,2025.1.1,60.44947813,2025-09-29 21h02.07.006699 +0530
-150,z,59,3,14,z,1,0.284482,None,14,3,59,3,,,,,122.2387078,,122.2226383,122.2387078,123.2220856,123.2220856,123.2220856,123.2220856,123.2386683,123.7222867,123.7222867,124.0083906,z,1,0.284482,None,,,,,4,1,2025-09-29_21h01.47.076,Motor Sequence Learning,,2025.1.1,60.44947813,2025-09-29 21h02.07.006699 +0530
-50,x,60,0,15,x,1,0.2951516,None,15,0,60,0,,,,,124.0228449,,124.0088517,124.0228449,125.0226338,125.0226338,125.0226338,125.0226338,125.0226338,125.5208482,125.5208482,125.8238049,x,1,0.2951516,None,,,,,4,1,2025-09-29_21h01.47.076,Motor Sequence Learning,,2025.1.1,60.44947813,2025-09-29 21h02.07.006699 +0530
150,v,61,1,15,v,1,0.297896,None,15,1,61,1,,,,,125.8397324,,125.8242267,125.8397324,126.838433,126.838433,126.838433,126.838433,126.8555734,127.3403518,127.3403518,127.6390197,v,1,0.297896,None,,,,,4,1,2025-09-29_21h01.47.076,Motor Sequence Learning,,2025.1.1,60.44947813,2025-09-29 21h02.07.006699 +0530
50,c,62,2,15,c,1,0.4203908,None,15,2,62,2,,,,,127.6551419,,127.6393436,127.6551419,128.6390374,128.6390374,128.6390374,128.6390374,128.6551034,129.1407371,129.1407371,129.5741109,c,1,0.4203908,None,,,,,4,1,2025-09-29_21h01.47.076,Motor Sequence Learning,,2025.1.1,60.44947813,2025-09-29 21h02.07.006699 +0530
-150,z,63,3,15,z,1,0.3031923,None,15,3,63,3,,,,,129.5888493,,129.5745206,129.5888493,130.5895961,130.5895961,130.5895961,130.5895961,130.5895961,131.0887279,131.0887279,131.4069419,z,1,0.3031923,None,,,,,4,1,2025-09-29_21h01.47.076,Motor Sequence Learning,,2025.1.1,60.44947813,2025-09-29 21h02.07.006699 +0530
-50,x,64,0,16,x,1,0.4821038,None,16,0,64,0,,,,,131.422794,,131.4073479,131.422794,132.4063481,132.4063481,132.4063481,132.4063481,132.4227936,132.9059944,132.9059944,133.3907854,x,1,0.4821038,None,,,,,4,1,2025-09-29_21h01.47.076,Motor Sequence Learning,,2025.1.1,60.44947813,2025-09-29 21h02.07.006699 +0530
150,v,65,1,16,v,1,0.3023847,None,16,1,65,1,,,,,133.4053859,,133.3913474,133.4053859,134.3900698,134.3900698,134.3900698,134.3900698,134.4065754,134.9063646,134.9063646,135.2255722,v,1,0.3023847,None,,,,,4,1,2025-09-29_21h01.47.076,Motor Sequence Learning,,2025.1.1,60.44947813,2025-09-29 21h02.07.006699 +0530
50,c,66,2,16,c,1,0.4292133,None,16,2,66,2,,,,,135.2402251,,135.2261886,135.2402251,136.239817,136.239817,136.239817,136.239817,136.239817,136.7395109,136.7395109,137.1750817,c,1,0.4292133,None,,,,,4,1,2025-09-29_21h01.47.076,Motor Sequence Learning,,2025.1.1,60.44947813,2025-09-29 21h02.07.006699 +0530
-150,z,67,3,16,z,1,0.3131268,None,16,3,67,3,,,,,137.1900449,,137.1756745,137.1900449,138.1885738,138.1885738,138.1885738,138.1885738,138.2050185,138.6887969,138.6887969,139.0078697,z,1,0.3131268,None,,,,,4,1,2025-09-29_21h01.47.076,Motor Sequence Learning,,2025.1.1,60.44947813,2025-09-29 21h02.07.006699 +0530
-50,x,68,0,17,x,1,0.4818943,None,17,0,68,0,,,,,139.0219347,,139.0082804,139.0219347,140.0226502,140.0226502,140.0226502,140.0226502,140.0226502,140.5234558,140.5234558,141.0068723,x,1,0.4818943,None,,,,,4,1,2025-09-29_21h01.47.076,Motor Sequence Learning,,2025.1.1,60.44947813,2025-09-29 21h02.07.006699 +0530
150,v,69,1,17,v,1,0.3610234,None,17,1,69,1,,,,,141.0226454,,141.0072853,141.0226454,142.0080234,142.0080234,142.0080234,142.0080234,142.0226524,142.5065237,142.5065237,142.8742702,v,1,0.3610234,None,,,,,4,1,2025-09-29_21h01.47.076,Motor Sequence Learning,,2025.1.1,60.44947813,2025-09-29 21h02.07.006699 +0530
50,c,70,2,17,c,1,0.2972233,None,17,2,70,2,,,,,142.8888429,,142.8748702,142.8888429,143.890562,143.890562,143.890562,143.890562,143.890562,144.372528,144.372528,144.6739977,c,1,0.2972233,None,,,,,4,1,2025-09-29_21h01.47.076,Motor Sequence Learning,,2025.1.1,60.44947813,2025-09-29 21h02.07.006699 +0530
-150,z,71,3,17,z,1,0.448986,None,17,3,71,3,,,,,144.6888504,,144.6745484,144.6888504,145.6895276,145.6895276,145.6895276,145.6895276,145.6895276,146.1900747,146.1900747,146.6397234,z,1,0.448986,None,,,,,4,1,2025-09-29_21h01.47.076,Motor Sequence Learning,,2025.1.1,60.44947813,2025-09-29 21h02.07.006699 +0530
-50,x,72,0,18,x,1,0.3911227,None,18,0,72,0,,,,,146.6546442,,146.6400578,146.6546442,147.6411723,147.6411723,147.6411723,147.6411723,147.6558845,148.1402748,148.1402748,148.5403298,x,1,0.3911227,None,,,,,4,1,2025-09-29_21h01.47.076,Motor Sequence Learning,,2025.1.1,60.44947813,2025-09-29 21h02.07.006699 +0530
150,v,73,1,18,v,1,0.2189272,None,18,1,73,1,,,,,148.5554236,,148.54074,148.5554236,149.5563114,149.5563114,149.5563114,149.5563114,149.5563114,150.0551355,150.0551355,150.2892524,v,1,0.2189272,None,,,,,4,1,2025-09-29_21h01.47.076,Motor Sequence Learning,,2025.1.1,60.44947813,2025-09-29 21h02.07.006699 +0530
50,c,74,2,18,c,1,0.5194562,None,18,2,74,2,,,,,150.3060146,,150.289556,150.3060146,151.2890833,151.2890833,151.2890833,151.2890833,151.3057403,151.789403,151.789403,152.3223663,c,1,0.5194562,None,,,,,4,1,2025-09-29_21h01.47.076,Motor Sequence Learning,,2025.1.1,60.44947813,2025-09-29 21h02.07.006699 +0530
-150,z,75,3,18,z,1,0.3728946,None,18,3,75,3,,,,,152.3386968,,152.3227265,152.3386968,153.3225306,153.3225306,153.3225306,153.3225306,153.3398538,153.8239808,153.8239808,154.2053009,z,1,0.3728946,None,,,,,4,1,2025-09-29_21h01.47.076,Motor Sequence Learning,,2025.1.1,60.44947813,2025-09-29 21h02.07.006699 +0530
-50,x,76,0,19,x,1,0.3329264,None,19,0,76,0,,,,,154.2215372,,154.2055388,154.2215372,155.2065499,155.2065499,155.2065499,155.2065499,155.2232781,155.70557,155.70557,156.041448,x,1,0.3329264,None,,,,,4,1,2025-09-29_21h01.47.076,Motor Sequence Learning,,2025.1.1,60.44947813,2025-09-29 21h02.07.006699 +0530
150,v,77,1,19,v,1,0.4098336,None,19,1,77,1,,,,,156.0550121,,156.041906,156.0550121,157.0565485,157.0565485,157.0565485,157.0565485,157.0565485,157.5559239,157.5559239,157.9726619,v,1,0.4098336,None,,,,,4,1,2025-09-29_21h01.47.076,Motor Sequence Learning,,2025.1.1,60.44947813,2025-09-29 21h02.07.006699 +0530
50,c,78,2,19,c,1,0.330977,None,19,2,78,2,,,,,157.9887108,,157.9730242,157.9887108,158.9725192,158.9725192,158.9725192,158.9725192,158.9906701,159.4880376,159.4880376,159.823014,c,1,0.330977,None,,,,,4,1,2025-09-29_21h01.47.076,Motor Sequence Learning,,2025.1.1,60.44947813,2025-09-29 21h02.07.006699 +0530
-150,z,79,3,19,z,1,0.5015155,None,19,3,79,3,,,,,159.8391711,,159.8234641,159.8391711,160.8225676,160.8225676,160.8225676,160.8225676,160.8400318,161.3225619,161.3225619,161.8386867,z,1,0.5015155,None,,,,,4,1,2025-09-29_21h01.47.076,Motor Sequence Learning,,2025.1.1,60.44947813,2025-09-29 21h02.07.006699 +0530
-50,x,80,0,20,x,1,0.4476273,None,20,0,80,0,,,,,161.8558801,,161.8389786,161.8558801,162.8386197,162.8386197,162.8386197,162.8386197,162.855554,163.3382472,163.3382472,163.7893218,x,1,0.4476273,None,,,,,4,1,2025-09-29_21h01.47.076,Motor Sequence Learning,,2025.1.1,60.44947813,2025-09-29 21h02.07.006699 +0530
150,v,81,1,20,v,1,0.3498524,None,20,1,81,1,,,,,163.8060053,,163.7896193,163.8060053,164.8048136,164.8048136,164.8048136,164.8048136,164.8213396,165.2880788,165.2880788,165.6385395,v,1,0.3498524,None,,,,,4,1,2025-09-29_21h01.47.076,Motor Sequence Learning,,2025.1.1,60.44947813,2025-09-29 21h02.07.006699 +0530
50,c,82,2,20,c,1,0.3209897,None,20,2,82,2,,,,,165.6548316,,165.6388314,165.6548316,166.6382869,166.6382869,166.6382869,166.6382869,166.6559189,167.1391632,167.1391632,167.4733196,c,1,0.3209897,None,,,,,4,1,2025-09-29_21h01.47.076,Motor Sequence Learning,,2025.1.1,60.44947813,2025-09-29 21h02.07.006699 +0530
-150,z,83,3,20,z,1,0.3403603,None,20,3,83,3,,,,,167.4891787,,167.4737583,167.4891787,168.4723331,168.4723331,168.4723331,168.4723331,168.4887247,168.9722739,168.9722739,169.3217533,z,1,0.3403603,None,,,,,4,1,2025-09-29_21h01.47.076,Motor Sequence Learning,,2025.1.1,60.44947813,2025-09-29 21h02.07.006699 +0530
-50,x,84,0,21,x,1,0.2863034,None,21,0,84,0,,,,,169.3379279,,169.3220194,169.3379279,170.3226885,170.3226885,170.3226885,170.3226885,170.338256,170.821875,170.821875,171.1220464,x,1,0.2863034,None,,,,,4,1,2025-09-29_21h01.47.076,Motor Sequence Learning,,2025.1.1,60.44947813,2025-09-29 21h02.07.006699 +0530
150,v,85,1,21,v,1,0.3334047,None,21,1,85,1,,,,,171.1397331,,171.12248,171.1397331,172.1377117,172.1377117,172.1377117,172.1377117,172.1544994,172.6214665,172.6214665,172.9712644,v,1,0.3334047,None,,,,,4,1,2025-09-29_21h01.47.076,Motor Sequence Learning,,2025.1.1,60.44947813,2025-09-29 21h02.07.006699 +0530
50,c,86,2,21,c,1,0.3227294,None,21,2,86,2,,,,,172.9878222,,172.9716197,172.9878222,173.9711226,173.9711226,173.9711226,173.9711226,173.9883007,174.4712931,174.4712931,174.8047436,c,1,0.3227294,None,,,,,4,1,2025-09-29_21h01.47.076,Motor Sequence Learning,,2025.1.1,60.44947813,2025-09-29 21h02.07.006699 +0530
-150,z,87,3,21,z,1,0.341687,None,21,3,87,3,,,,,174.8209845,,174.8050475,174.8209845,175.805784,175.805784,175.805784,175.805784,175.8223116,176.3061968,176.3061968,176.6567339,z,1,0.341687,None,,,,,4,1,2025-09-29_21h01.47.076,Motor Sequence Learning,,2025.1.1,60.44947813,2025-09-29 21h02.07.006699 +0530
-50,x,88,0,22,x,1,0.3371762,None,22,0,88,0,,,,,176.6723637,,176.6571679,176.6723637,177.672839,177.672839,177.672839,177.672839,177.672839,178.1716797,178.1716797,178.5226225,x,1,0.3371762,None,,,,,4,1,2025-09-29_21h01.47.076,Motor Sequence Learning,,2025.1.1,60.44947813,2025-09-29 21h02.07.006699 +0530
150,v,89,1,22,v,1,0.3031301,None,22,1,89,1,,,,,178.5392699,,178.5230047,178.5392699,179.5216202,179.5216202,179.5216202,179.5216202,179.5390872,180.0220014,180.0220014,180.3382342,v,1,0.3031301,None,,,,,4,1,2025-09-29_21h01.47.076,Motor Sequence Learning,,2025.1.1,60.44947813,2025-09-29 21h02.07.006699 +0530
50,c,90,2,22,c,1,0.2667779,None,22,2,90,2,,,,,180.3544071,,180.3385169,180.3544071,181.340158,181.340158,181.340158,181.340158,181.3567818,181.8405425,181.8405425,182.1243641,c,1,0.2667779,None,,,,,4,1,2025-09-29_21h01.47.076,Motor Sequence Learning,,2025.1.1,60.44947813,2025-09-29 21h02.07.006699 +0530
-150,z,91,3,22,x,0,0.2757179,None,22,3,91,3,,,,,182.1396202,,182.1250861,182.1396202,183.1388119,183.1388119,183.1388119,183.1388119,183.1388119,183.6386902,183.6386902,183.9225755,x,0,0.2757179,None,,,,,4,1,2025-09-29_21h01.47.076,Motor Sequence Learning,,2025.1.1,60.44947813,2025-09-29 21h02.07.006699 +0530
-50,x,92,0,23,x,1,0.3028345,None,23,0,92,0,,,,,183.9380666,,183.9229555,183.9380666,184.9218966,184.9218966,184.9218966,184.9218966,184.9389308,185.4225399,185.4225399,185.7408667,x,1,0.3028345,None,,,,,4,1,2025-09-29_21h01.47.076,Motor Sequence Learning,,2025.1.1,60.44947813,2025-09-29 21h02.07.006699 +0530
150,v,93,1,23,v,1,0.329067,None,23,1,93,1,,,,,185.7554524,,185.7414091,185.7554524,186.7557655,186.7557655,186.7557655,186.7557655,186.7557655,187.2546619,187.2546619,187.5897733,v,1,0.329067,None,,,,,4,1,2025-09-29_21h01.47.076,Motor Sequence Learning,,2025.1.1,60.44947813,2025-09-29 21h02.07.006699 +0530
50,c,94,2,23,c,1,0.3940272,None,23,2,94,2,,,,,187.6053631,,187.5903929,187.6053631,188.5891545,188.5891545,188.5891545,188.5891545,188.6051063,189.0897179,189.0897179,189.4907233,c,1,0.3940272,None,,,,,4,1,2025-09-29_21h01.47.076,Motor Sequence Learning,,2025.1.1,60.44947813,2025-09-29 21h02.07.006699 +0530
-150,z,95,3,23,z,1,0.3044935,None,23,3,95,3,,,,,189.5061461,,189.4913331,189.5061461,190.4898496,190.4898496,190.4898496,190.4898496,190.5071263,190.9895701,190.9895701,191.3061863,z,1,0.3044935,None,,,,,4,1,2025-09-29_21h01.47.076,Motor Sequence Learning,,2025.1.1,60.44947813,2025-09-29 21h02.07.006699 +0530
-50,x,96,0,24,x,1,0.3785149,None,24,0,96,0,,,,,191.3227797,,191.3068356,191.3227797,192.306207,192.306207,192.306207,192.306207,192.3233265,192.8065176,192.8065176,193.1906624,x,1,0.3785149,None,,,,,4,1,2025-09-29_21h01.47.076,Motor Sequence Learning,,2025.1.1,60.44947813,2025-09-29 21h02.07.006699 +0530
150,v,97,1,24,v,1,0.2964832,None,24,1,97,1,,,,,193.2064614,,193.1911251,193.2064614,194.2064562,194.2064562,194.2064562,194.2064562,194.2064562,194.6898087,194.6898087,194.9917472,v,1,0.2964832,None,,,,,4,1,2025-09-29_21h01.47.076,Motor Sequence Learning,,2025.1.1,60.44947813,2025-09-29 21h02.07.006699 +0530
50,c,98,2,24,c,1,0.2709991,None,24,2,98,2,,,,,195.006984,,194.9923546,195.006984,196.0068,196.0068,196.0068,196.0068,196.0068,196.5063345,196.5063345,196.7910935,c,1,0.2709991,None,,,,,4,1,2025-09-29_21h01.47.076,Motor Sequence Learning,,2025.1.1,60.44947813,2025-09-29 21h02.07.006699 +0530
-150,z,99,3,24,z,1,0.3820462,None,24,3,99,3,,,,,196.806866,,196.7916313,196.806866,197.7899749,197.7899749,197.7899749,197.7899749,197.8067495,198.28965,198.28965,198.6725103,z,1,0.3820462,None,,,,,4,1,2025-09-29_21h01.47.076,Motor Sequence Learning,,2025.1.1,60.44947813,2025-09-29 21h02.07.006699 +0530
-50,x,100,0,25,x,1,0.3045252,None,25,0,100,0,,,,,198.6885595,,198.6730061,198.6885595,199.6715381,199.6715381,199.6715381,199.6715381,199.6884604,200.1733513,200.1733513,200.4907553,x,1,0.3045252,None,,,,,4,1,2025-09-29_21h01.47.076,Motor Sequence Learning,,2025.1.1,60.44947813,2025-09-29 21h02.07.006699 +0530
150,v,101,1,25,v,1,0.3166569,None,25,1,101,1,,,,,200.506106,,200.4913178,200.506106,201.5048669,201.5048669,201.5048669,201.5048669,201.5218277,202.0054485,202.0054485,202.3391816,v,1,0.3166569,None,,,,,4,1,2025-09-29_21h01.47.076,Motor Sequence Learning,,2025.1.1,60.44947813,2025-09-29 21h02.07.006699 +0530
50,c,102,2,25,c,1,0.3292661,None,25,2,102,2,,,,,202.3565678,,202.3396539,202.3565678,203.354912,203.354912,203.354912,203.354912,203.3715001,203.8554222,203.8554222,204.1889075,c,1,0.3292661,None,,,,,4,1,2025-09-29_21h01.47.076,Motor Sequence Learning,,2025.1.1,60.44947813,2025-09-29 21h02.07.006699 +0530
-150,z,103,3,25,z,1,0.3436603,None,25,3,103,3,,,,,204.2048065,,204.1892635,204.2048065,205.1891259,205.1891259,205.1891259,205.1891259,205.205222,205.6875231,205.6875231,206.0394795,z,1,0.3436603,None,,,,,4,1,2025-09-29_21h01.47.076,Motor Sequence Learning,,2025.1.1,60.44947813,2025-09-29 21h02.07.006699 +0530
-50,x,104,0,26,x,1,0.4332521,None,26,0,104,0,,,,,206.055018,,206.0399336,206.055018,207.0552347,207.0552347,207.0552347,207.0552347,207.0552347,207.5377446,207.5377446,207.9728275,x,1,0.4332521,None,,,,,4,1,2025-09-29_21h01.47.076,Motor Sequence Learning,,2025.1.1,60.44947813,2025-09-29 21h02.07.006699 +0530
150,v,105,1,26,v,1,0.3269855,None,26,1,105,1,,,,,207.9890447,,207.9733862,207.9890447,208.9717335,208.9717335,208.9717335,208.9717335,208.9885799,209.4888035,209.4888035,209.8230125,v,1,0.3269855,None,,,,,4,1,2025-09-29_21h01.47.076,Motor Sequence Learning,,2025.1.1,60.44947813,2025-09-29 21h02.07.006699 +0530
50,c,106,2,26,c,1,0.2905951,None,26,2,106,2,,,,,209.8390488,,209.8234381,209.8390488,210.8381615,210.8381615,210.8381615,210.8381615,210.8381615,211.3381811,211.3381811,211.6391086,c,1,0.2905951,None,,,,,4,1,2025-09-29_21h01.47.076,Motor Sequence Learning,,2025.1.1,60.44947813,2025-09-29 21h02.07.006699 +0530
-150,z,107,3,26,z,1,0.2807562,None,26,3,107,3,,,,,211.6548431,,211.6395283,211.6548431,212.6545695,212.6545695,212.6545695,212.6545695,212.6545695,213.154883,213.154883,213.4398771,z,1,0.2807562,None,,,,,4,1,2025-09-29_21h01.47.076,Motor Sequence Learning,,2025.1.1,60.44947813,2025-09-29 21h02.07.006699 +0530
-50,x,108,0,27,x,1,0.2510958,None,27,0,108,0,,,,,213.455271,,213.4403682,213.455271,214.4538495,214.4538495,214.4538495,214.4538495,214.4705661,214.9550765,214.9550765,215.2210168,x,1,0.2510958,None,,,,,4,1,2025-09-29_21h01.47.076,Motor Sequence Learning,,2025.1.1,60.44947813,2025-09-29 21h02.07.006699 +0530
150,v,109,1,27,v,1,0.2808777,None,27,1,109,1,,,,,215.2371617,,215.2212901,215.2371617,216.2205282,216.2205282,216.2205282,216.2205282,216.23707,216.7215892,216.7215892,217.0064436,v,1,0.2808777,None,,,,,4,1,2025-09-29_21h01.47.076,Motor Sequence Learning,,2025.1.1,60.44947813,2025-09-29 21h02.07.006699 +0530
50,c,110,2,27,c,1,0.3464493,None,27,2,110,2,,,,,217.0214162,,217.0067805,217.0214162,218.0214029,218.0214029,218.0214029,218.0214029,218.0214029,218.5204142,218.5204142,218.8717323,c,1,0.3464493,None,,,,,4,1,2025-09-29_21h01.47.076,Motor Sequence Learning,,2025.1.1,60.44947813,2025-09-29 21h02.07.006699 +0530
-150,z,111,3,27,z,1,0.335973,None,27,3,111,3,,,,,218.8893155,,218.8721095,218.8893155,219.8716812,219.8716812,219.8716812,219.8716812,219.8881826,220.3871468,220.3871468,220.7389579,z,1,0.335973,None,,,,,4,1,2025-09-29_21h01.47.076,Motor Sequence Learning,,2025.1.1,60.44947813,2025-09-29 21h02.07.006699 +0530
-50,x,112,0,28,x,1,0.3269773,None,28,0,112,0,,,,,220.75533,,220.7394112,220.75533,221.7380826,221.7380826,221.7380826,221.7380826,221.7547341,222.2389023,222.2389023,222.5709215,x,1,0.3269773,None,,,,,4,1,2025-09-29_21h01.47.076,Motor Sequence Learning,,2025.1.1,60.44947813,2025-09-29 21h02.07.006699 +0530
150,v,113,1,28,v,1,0.3609672,None,28,1,113,1,,,,,222.5870858,,222.5712138,222.5870858,223.5711092,223.5711092,223.5711092,223.5711092,223.5878598,224.0717052,224.0717052,224.4394183,v,1,0.3609672,None,,,,,4,1,2025-09-29_21h01.47.076,Motor Sequence Learning,,2025.1.1,60.44947813,2025-09-29 21h02.07.006699 +0530
50,c,114,2,28,c,1,0.2957041,None,28,2,114,2,,,,,224.4553398,,224.4400308,224.4553398,225.4547627,225.4547627,225.4547627,225.4547627,225.4547627,225.9396188,225.9396188,226.2401591,c,1,0.2957041,None,,,,,4,1,2025-09-29_21h01.47.076,Motor Sequence Learning,,2025.1.1,60.44947813,2025-09-29 21h02.07.006699 +0530
-150,z,115,3,28,z,1,0.3437835,None,28,3,115,3,,,,,226.2556962,,226.240655,226.2556962,227.2544342,227.2544342,227.2544342,227.2544342,227.2544342,227.7550088,227.7550088,228.105265,z,1,0.3437835,None,,,,,4,1,2025-09-29_21h01.47.076,Motor Sequence Learning,,2025.1.1,60.44947813,2025-09-29 21h02.07.006699 +0530
-50,x,116,0,29,x,1,0.2763878,None,29,0,116,0,,,,,228.1212776,,228.1056476,228.1212776,229.1205635,229.1205635,229.1205635,229.1205635,229.1205635,229.6045881,229.6045881,229.8879026,x,1,0.2763878,None,,,,,4,1,2025-09-29_21h01.47.076,Motor Sequence Learning,,2025.1.1,60.44947813,2025-09-29 21h02.07.006699 +0530
150,v,117,1,29,v,1,0.2984259,None,29,1,117,1,,,,,229.9035081,,229.8882033,229.9035081,230.8882277,230.8882277,230.8882277,230.8882277,230.9052157,231.3873909,231.3873909,231.6888833,v,1,0.2984259,None,,,,,4,1,2025-09-29_21h01.47.076,Motor Sequence Learning,,2025.1.1,60.44947813,2025-09-29 21h02.07.006699 +0530
50,c,118,2,29,c,1,0.32925,None,29,2,118,2,,,,,231.7058291,,231.6893038,231.7058291,232.6887197,232.6887197,232.6887197,232.6887197,232.7054741,233.2051072,233.2051072,233.5386377,c,1,0.32925,None,,,,,4,1,2025-09-29_21h01.47.076,Motor Sequence Learning,,2025.1.1,60.44947813,2025-09-29 21h02.07.006699 +0530
-150,z,119,3,29,z,1,0.2249405,None,29,3,119,3,,,,,233.5543253,,233.5390397,233.5543253,234.5381616,234.5381616,234.5381616,234.5381616,234.5543506,235.0549312,235.0549312,235.2871085,z,1,0.2249405,None,,,,,4,1,2025-09-29_21h01.47.076,Motor Sequence Learning,,2025.1.1,60.44947813,2025-09-29 21h02.07.006699 +0530
-50,x,120,0,30,x,1,0.3327533,None,30,0,120,0,,,,,235.3035094,,235.2873648,235.3035094,236.2872536,236.2872536,236.2872536,236.2872536,236.304075,236.7873969,236.7873969,237.1219023,x,1,0.3327533,None,,,,,4,1,2025-09-29_21h01.47.076,Motor Sequence Learning,,2025.1.1,60.44947813,2025-09-29 21h02.07.006699 +0530
150,v,121,1,30,v,1,0.2783824,None,30,1,121,1,,,,,237.1378199,,237.1223669,237.1378199,238.1215229,238.1215229,238.1215229,238.1215229,238.1377586,238.6210584,238.6210584,238.9049481,v,1,0.2783824,None,,,,,4,1,2025-09-29_21h01.47.076,Motor Sequence Learning,,2025.1.1,60.44947813,2025-09-29 21h02.07.006699 +0530
50,c,122,2,30,c,1,0.3666007,None,30,2,122,2,,,,,238.9210535,,238.9053349,238.9210535,239.9046851,239.9046851,239.9046851,239.9046851,239.9216736,240.4040982,240.4040982,240.7716314,c,1,0.3666007,None,,,,,4,1,2025-09-29_21h01.47.076,Motor Sequence Learning,,2025.1.1,60.44947813,2025-09-29 21h02.07.006699 +0530
-150,z,123,3,30,z,1,0.255532,None,30,3,123,3,,,,,240.7874237,,240.77244,240.7874237,241.7876386,241.7876386,241.7876386,241.7876386,241.7876386,242.2724845,242.2724845,242.5380347,z,1,0.255532,None,,,,,4,1,2025-09-29_21h01.47.076,Motor Sequence Learning,,2025.1.1,60.44947813,2025-09-29 21h02.07.006699 +0530
-50,x,124,0,31,x,1,0.3674507,None,31,0,124,0,,,,,242.5543334,,242.5383203,242.5543334,243.5386833,243.5386833,243.5386833,243.5386833,243.5542683,244.0382306,244.0382306,244.4219834,x,1,0.3674507,None,,,,,4,1,2025-09-29_21h01.47.076,Motor Sequence Learning,,2025.1.1,60.44947813,2025-09-29 21h02.07.006699 +0530
150,v,125,1,31,v,1,0.3015241,None,31,1,125,1,,,,,244.437479,,244.4224805,244.437479,245.438894,245.438894,245.438894,245.438894,245.438894,245.9220908,245.9220908,246.2378367,v,1,0.3015241,None,,,,,4,1,2025-09-29_21h01.47.076,Motor Sequence Learning,,2025.1.1,60.44947813,2025-09-29 21h02.07.006699 +0530
50,c,126,2,31,c,1,0.2701715,None,31,2,126,2,,,,,246.2542044,,246.2382407,246.2542044,247.2375998,247.2375998,247.2375998,247.2375998,247.2539743,247.738256,247.738256,248.0219951,c,1,0.2701715,None,,,,,4,1,2025-09-29_21h01.47.076,Motor Sequence Learning,,2025.1.1,60.44947813,2025-09-29 21h02.07.006699 +0530
-150,z,127,3,31,z,1,0.3016668,None,31,3,127,3,,,,,248.0392913,,248.0225426,248.0392913,249.0209068,249.0209068,249.0209068,249.0209068,249.053941,249.5219583,249.5219583,249.8385139,z,1,0.3016668,None,,,,,4,1,2025-09-29_21h01.47.076,Motor Sequence Learning,,2025.1.1,60.44947813,2025-09-29 21h02.07.006699 +0530
-50,x,128,0,32,x,1,0.3619441,None,32,0,128,0,,,,,249.8535732,,249.8390834,249.8535732,250.85365,250.85365,250.85365,250.85365,250.85365,251.3532009,251.3532009,251.723052,x,1,0.3619441,None,,,,,4,1,2025-09-29_21h01.47.076,Motor Sequence Learning,,2025.1.1,60.44947813,2025-09-29 21h02.07.006699 +0530
150,v,129,1,32,v,1,0.6085788,None,32,1,129,1,,,,,251.738455,,251.723752,251.738455,252.7375315,252.7375315,252.7375315,252.7375315,252.7541861,253.2386103,253.2386103,253.8541793,v,1,0.6085788,None,,,,,4,1,2025-09-29_21h01.47.076,Motor Sequence Learning,,2025.1.1,60.44947813,2025-09-29 21h02.07.006699 +0530
50,c,130,2,32,c,1,0.3060754,None,32,2,130,2,,,,,253.8708045,,253.8544594,253.8708045,254.8542593,254.8542593,254.8542593,254.8542593,254.8712416,255.354178,255.354178,255.6712306,c,1,0.3060754,None,,,,,4,1,2025-09-29_21h01.47.076,Motor Sequence Learning,,2025.1.1,60.44947813,2025-09-29 21h02.07.006699 +0530
-150,z,131,3,32,z,1,0.2725059,None,32,3,131,3,,,,,255.6875291,,255.6715603,255.6875291,256.6708667,256.6708667,256.6708667,256.6708667,256.6875686,257.1711718,257.1711718,257.4551429,z,1,0.2725059,None,,,,,4,1,2025-09-29_21h01.47.076,Motor Sequence Learning,,2025.1.1,60.44947813,2025-09-29 21h02.07.006699 +0530
-50,x,132,0,33,z,0,0.3349722,None,33,0,132,0,,,,,257.4707499,,257.4557386,257.4707499,258.4536754,258.4536754,258.4536754,258.4536754,258.4703662,258.9708412,258.9708412,259.3211739,z,0,0.3349722,None,,,,,4,1,2025-09-29_21h01.47.076,Motor Sequence Learning,,2025.1.1,60.44947813,2025-09-29 21h02.07.006699 +0530
150,v,133,1,33,v,1,0.5375799,None,33,1,133,1,,,,,259.3378038,,259.3216104,259.3378038,260.3216318,260.3216318,260.3216318,260.3216318,260.338428,260.8364412,260.8364412,261.3890315,v,1,0.5375799,None,,,,,4,1,2025-09-29_21h01.47.076,Motor Sequence Learning,,2025.1.1,60.44947813,2025-09-29 21h02.07.006699 +0530
50,c,134,2,33,c,1,0.309971,None,33,2,134,2,,,,,261.4036831,,261.3894059,261.4036831,262.4039912,262.4039912,262.4039912,262.4039912,262.4039912,262.9040197,262.9040197,263.221844,c,1,0.309971,None,,,,,4,1,2025-09-29_21h01.47.076,Motor Sequence Learning,,2025.1.1,60.44947813,2025-09-29 21h02.07.006699 +0530
-150,z,135,3,33,z,1,0.2916743,None,33,3,135,3,,,,,263.2371586,,263.2224176,263.2371586,264.2215725,264.2215725,264.2215725,264.2215725,264.2384873,264.7209287,264.7209287,265.0221511,z,1,0.2916743,None,,,,,4,1,2025-09-29_21h01.47.076,Motor Sequence Learning,,2025.1.1,60.44947813,2025-09-29 21h02.07.006699 +0530
-50,x,136,0,34,x,1,0.6509521,None,34,0,136,0,,,,,265.0383971,,265.0226384,265.0383971,266.0383088,266.0383088,266.0383088,266.0383088,266.0383088,266.5215249,266.5215249,267.1883209,x,1,0.6509521,None,,,,,4,1,2025-09-29_21h01.47.076,Motor Sequence Learning,,2025.1.1,60.44947813,2025-09-29 21h02.07.006699 +0530
150,v,137,1,34,v,1,0.3792683,None,34,1,137,1,,,,,267.204081,,267.1887669,267.204081,268.1881917,268.1881917,268.1881917,268.1881917,268.2046103,268.6881101,268.6881101,269.070261,v,1,0.3792683,None,,,,,4,1,2025-09-29_21h01.47.076,Motor Sequence Learning,,2025.1.1,60.44947813,2025-09-29 21h02.07.006699 +0530
50,c,138,2,34,c,1,0.3099078,None,34,2,138,2,,,,,269.0863697,,269.0705254,269.0863697,270.0709907,270.0709907,270.0709907,270.0709907,270.087657,270.5706717,270.5706717,270.888365,c,1,0.3099078,None,,,,,4,1,2025-09-29_21h01.47.076,Motor Sequence Learning,,2025.1.1,60.44947813,2025-09-29 21h02.07.006699 +0530
-150,z,139,3,34,z,1,0.3123508,None,34,3,139,3,,,,,270.9039809,,270.8889845,270.9039809,271.9036933,271.9036933,271.9036933,271.9036933,271.9036933,272.403595,272.403595,272.7206519,z,1,0.3123508,None,,,,,4,1,2025-09-29_21h01.47.076,Motor Sequence Learning,,2025.1.1,60.44947813,2025-09-29 21h02.07.006699 +0530
-50,x,140,0,35,x,1,0.4331728,None,35,0,140,0,,,,,272.7372884,,272.7212232,272.7372884,273.7212856,273.7212856,273.7212856,273.7212856,273.7373065,274.2205351,274.2205351,274.6564042,x,1,0.4331728,None,,,,,4,1,2025-09-29_21h01.47.076,Motor Sequence Learning,,2025.1.1,60.44947813,2025-09-29 21h02.07.006699 +0530
150,v,141,1,35,v,1,0.2663317,None,35,1,141,1,,,,,274.6705085,,274.6569423,274.6705085,275.6713819,275.6713819,275.6713819,275.6713819,275.6713819,276.1704328,276.1704328,276.4381768,v,1,0.2663317,None,,,,,4,1,2025-09-29_21h01.47.076,Motor Sequence Learning,,2025.1.1,60.44947813,2025-09-29 21h02.07.006699 +0530
50,c,142,2,35,c,1,0.2738501,None,35,2,142,2,,,,,276.4536877,,276.4385725,276.4536877,277.4373229,277.4373229,277.4373229,277.4373229,277.4536805,277.9539763,277.9539763,278.2382618,c,1,0.2738501,None,,,,,4,1,2025-09-29_21h01.47.076,Motor Sequence Learning,,2025.1.1,60.44947813,2025-09-29 21h02.07.006699 +0530
-150,z,143,3,35,z,1,0.3308,None,35,3,143,3,,,,,278.2545112,,278.2386846,278.2545112,279.2374136,279.2374136,279.2374136,279.2374136,279.2536644,279.737935,279.737935,280.0715566,z,1,0.3308,None,,,,,4,1,2025-09-29_21h01.47.076,Motor Sequence Learning,,2025.1.1,60.44947813,2025-09-29 21h02.07.006699 +0530
-50,x,144,0,36,x,1,0.4234302,None,36,0,144,0,,,,,280.0867933,,280.0721256,280.0867933,281.08611,281.08611,281.08611,281.08611,281.08611,281.5873393,281.5873393,282.0218553,x,1,0.4234302,None,,,,,4,1,2025-09-29_21h01.47.076,Motor Sequence Learning,,2025.1.1,60.44947813,2025-09-29 21h02.07.006699 +0530
150,v,145,1,36,v,1,0.2953335,None,36,1,145,1,,,,,282.0377944,,282.0227094,282.0377944,283.0221183,283.0221183,283.0221183,283.0221183,283.0400742,283.5376741,283.5376741,283.8363287,v,1,0.2953335,None,,,,,4,1,2025-09-29_21h01.47.076,Motor Sequence Learning,,2025.1.1,60.44947813,2025-09-29 21h02.07.006699 +0530
50,c,146,2,36,c,1,0.3603701,None,36,2,146,2,,,,,283.8530366,,283.8365946,283.8530366,284.8359629,284.8359629,284.8359629,284.8359629,284.8527333,285.3371101,285.3371101,285.7039346,c,1,0.3603701,None,,,,,4,1,2025-09-29_21h01.47.076,Motor Sequence Learning,,2025.1.1,60.44947813,2025-09-29 21h02.07.006699 +0530
-150,z,147,3,36,z,1,0.3148915,None,36,3,147,3,,,,,285.7207759,,285.7044397,285.7207759,286.7039881,286.7039881,286.7039881,286.7039881,286.72053,287.2031742,287.2031742,287.5215054,z,1,0.3148915,None,,,,,4,1,2025-09-29_21h01.47.076,Motor Sequence Learning,,2025.1.1,60.44947813,2025-09-29 21h02.07.006699 +0530
-50,x,148,0,37,x,1,0.3635717,None,37,0,148,0,,,,,287.5370541,,287.5219003,287.5370541,288.5210176,288.5210176,288.5210176,288.5210176,288.536699,289.0209401,289.0209401,289.3891492,x,1,0.3635717,None,,,,,4,1,2025-09-29_21h01.47.076,Motor Sequence Learning,,2025.1.1,60.44947813,2025-09-29 21h02.07.006699 +0530
150,v,149,1,37,v,1,0.1495378,None,37,1,149,1,,,,,289.4040701,,289.3901172,289.4040701,290.403574,290.403574,290.403574,290.403574,290.403574,290.9036491,290.9036491,291.0696083,v,1,0.1495378,None,,,,,4,1,2025-09-29_21h01.47.076,Motor Sequence Learning,,2025.1.1,60.44947813,2025-09-29 21h02.07.006699 +0530
50,c,150,2,37,c,1,0.4121901,None,37,2,150,2,,,,,291.0858744,,291.0698496,291.0858744,292.0694011,292.0694011,292.0694011,292.0694011,292.086052,292.5691104,292.5691104,292.9860953,c,1,0.4121901,None,,,,,4,1,2025-09-29_21h01.47.076,Motor Sequence Learning,,2025.1.1,60.44947813,2025-09-29 21h02.07.006699 +0530
-150,z,151,3,37,z,1,0.1269301,None,37,3,151,3,,,,,293.0024832,,292.986325,293.0024832,293.9860049,293.9860049,293.9860049,293.9860049,294.0024156,294.4859291,294.4859291,294.6197126,z,1,0.1269301,None,,,,,4,1,2025-09-29_21h01.47.076,Motor Sequence Learning,,2025.1.1,60.44947813,2025-09-29 21h02.07.006699 +0530
-50,x,152,0,38,x,1,0.2157467,None,38,0,152,0,,,,,294.6357083,,294.6199937,294.6357083,295.6210126,295.6210126,295.6210126,295.6210126,295.6376956,296.1203735,296.1203735,296.3371926,x,1,0.2157467,None,,,,,4,1,2025-09-29_21h01.47.076,Motor Sequence Learning,,2025.1.1,60.44947813,2025-09-29 21h02.07.006699 +0530
150,v,153,1,38,v,1,0.0982166,None,38,1,153,1,,,,,296.3531047,,296.3375113,296.3531047,297.3368248,297.3368248,297.3368248,297.3368248,297.3540985,297.8367956,297.8367956,297.9384582,v,1,0.0982166,None,,,,,4,1,2025-09-29_21h01.47.076,Motor Sequence Learning,,2025.1.1,60.44947813,2025-09-29 21h02.07.006699 +0530
50,c,154,2,38,c,1,0.232152,None,38,2,154,2,,,,,297.9535149,,297.9388402,297.9535149,298.9537477,298.9537477,298.9537477,298.9537477,298.9537477,299.4535733,299.4535733,299.6885592,c,1,0.232152,None,,,,,4,1,2025-09-29_21h01.47.076,Motor Sequence Learning,,2025.1.1,60.44947813,2025-09-29 21h02.07.006699 +0530
-150,z,155,3,38,z,1,0.2785846,None,38,3,155,3,,,,,299.7040572,,299.6889445,299.7040572,300.7030064,300.7030064,300.7030064,300.7030064,300.7194482,301.2038456,301.2038456,301.4873336,z,1,0.2785846,None,,,,,4,1,2025-09-29_21h01.47.076,Motor Sequence Learning,,2025.1.1,60.44947813,2025-09-29 21h02.07.006699 +0530
-50,x,156,0,39,c,0,0.2696237,None,39,0,156,0,,,,,301.5029078,,301.4878352,301.5029078,302.487167,302.487167,302.487167,302.487167,302.5043791,302.986561,302.986561,303.2706198,c,0,0.2696237,None,,,,,4,1,2025-09-29_21h01.47.076,Motor Sequence Learning,,2025.1.1,60.44947813,2025-09-29 21h02.07.006699 +0530
150,v,157,1,39,v,1,0.2930786,None,39,1,157,1,,,,,303.2870528,,303.2710948,303.2870528,304.2704873,304.2704873,304.2704873,304.2704873,304.288082,304.7704771,304.7704771,305.0722398,v,1,0.2930786,None,,,,,4,1,2025-09-29_21h01.47.076,Motor Sequence Learning,,2025.1.1,60.44947813,2025-09-29 21h02.07.006699 +0530
50,c,158,2,39,z,0,0.156772,None,39,2,158,2,,,,,305.0865227,,305.0728775,305.0865227,306.0855273,306.0855273,306.0855273,306.0855273,306.0855273,306.5855617,306.5855617,306.752933,z,0,0.156772,None,,,,,4,1,2025-09-29_21h01.47.076,Motor Sequence Learning,,2025.1.1,60.44947813,2025-09-29 21h02.07.006699 +0530
-150,z,159,3,39,z,1,0.4138705,None,39,3,159,3,,,,,306.7692512,,306.7532039,306.7692512,307.7533524,307.7533524,307.7533524,307.7533524,307.7694486,308.2525876,308.2525876,308.6693578,z,1,0.4138705,None,,,,,4,1,2025-09-29_21h01.47.076,Motor Sequence Learning,,2025.1.1,60.44947813,2025-09-29 21h02.07.006699 +0530
-50,x,160,0,40,x,1,0.4013225,None,40,0,160,0,,,,,308.6855472,,308.6697046,308.6855472,309.6697802,309.6697802,309.6697802,309.6697802,309.6866264,310.1690179,310.1690179,310.5711592,x,1,0.4013225,None,,,,,4,1,2025-09-29_21h01.47.076,Motor Sequence Learning,,2025.1.1,60.44947813,2025-09-29 21h02.07.006699 +0530
150,v,161,1,40,v,1,0.3208347,None,40,1,161,1,,,,,310.5870962,,310.5715973,310.5870962,311.5869221,311.5869221,311.5869221,311.5869221,311.5869221,312.0866357,312.0866357,312.4206055,v,1,0.3208347,None,,,,,4,1,2025-09-29_21h01.47.076,Motor Sequence Learning,,2025.1.1,60.44947813,2025-09-29 21h02.07.006699 +0530
50,c,162,2,40,c,1,0.3594783,None,40,2,162,2,,,,,312.4367582,,312.4210181,312.4367582,313.4356642,313.4356642,313.4356642,313.4356642,313.4533012,313.9354581,313.9354581,314.303776,c,1,0.3594783,None,,,,,4,1,2025-09-29_21h01.47.076,Motor Sequence Learning,,2025.1.1,60.44947813,2025-09-29 21h02.07.006699 +0530
-150,z,163,3,40,x,0,0.2620898,None,40,3,163,3,,,,,314.319768,,314.3042175,314.319768,315.3189923,315.3189923,315.3189923,315.3189923,315.3189923,315.8032113,315.8032113,316.0708169,x,0,0.2620898,None,,,,,4,1,2025-09-29_21h01.47.076,Motor Sequence Learning,,2025.1.1,60.44947813,2025-09-29 21h02.07.006699 +0530
-50,x,164,0,41,x,1,0.481022,None,41,0,164,0,,,,,316.0877409,,316.0716248,316.0877409,317.0710128,317.0710128,317.0710128,317.0710128,317.0881176,317.5861536,317.5861536,318.072435,x,1,0.481022,None,,,,,4,1,2025-09-29_21h01.47.076,Motor Sequence Learning,,2025.1.1,60.44947813,2025-09-29 21h02.07.006699 +0530
150,v,165,1,41,v,1,0.2747306,None,41,1,165,1,,,,,318.0875907,,318.0730038,318.0875907,319.0874255,319.0874255,319.0874255,319.0874255,319.0874255,319.5864518,319.5864518,319.8703551,v,1,0.2747306,None,,,,,4,1,2025-09-29_21h01.47.076,Motor Sequence Learning,,2025.1.1,60.44947813,2025-09-29 21h02.07.006699 +0530
50,c,166,2,41,c,1,0.3313448,None,41,2,166,2,,,,,319.886252,,319.8706891,319.886252,320.8709384,320.8709384,320.8709384,320.8709384,320.8881466,321.371452,321.371452,321.7041996,c,1,0.3313448,None,,,,,4,1,2025-09-29_21h01.47.076,Motor Sequence Learning,,2025.1.1,60.44947813,2025-09-29 21h02.07.006699 +0530
-150,z,167,3,41,x,0,0.3878809,None,41,3,167,3,,,,,321.7200603,,321.7047148,321.7200603,322.7045797,322.7045797,322.7045797,322.7045797,322.720918,323.2034765,323.2034765,323.6045992,x,0,0.3878809,None,,,,,4,1,2025-09-29_21h01.47.076,Motor Sequence Learning,,2025.1.1,60.44947813,2025-09-29 21h02.07.006699 +0530
-50,x,168,0,42,x,1,0.4534795,None,42,0,168,0,,,,,323.6202158,,323.605169,323.6202158,324.6045531,324.6045531,324.6045531,324.6045531,324.6204275,325.1050327,325.1050327,325.5714214,x,1,0.4534795,None,,,,,4,1,2025-09-29_21h01.47.076,Motor Sequence Learning,,2025.1.1,60.44947813,2025-09-29 21h02.07.006699 +0530
150,v,169,1,42,v,1,0.306969,None,42,1,169,1,,,,,325.5879482,,325.5719757,325.5879482,326.5710877,326.5710877,326.5710877,326.5710877,326.5873065,327.0875042,327.0875042,327.4057594,v,1,0.306969,None,,,,,4,1,2025-09-29_21h01.47.076,Motor Sequence Learning,,2025.1.1,60.44947813,2025-09-29 21h02.07.006699 +0530
50,c,170,2,42,c,1,0.4446343,None,42,2,170,2,,,,,327.4206109,,327.4063934,327.4206109,328.4209394,328.4209394,328.4209394,328.4209394,328.4209394,328.9212073,328.9212073,329.370992,c,1,0.4446343,None,,,,,4,1,2025-09-29_21h01.47.076,Motor Sequence Learning,,2025.1.1,60.44947813,2025-09-29 21h02.07.006699 +0530
-150,z,171,3,42,z,1,0.3648836,None,42,3,171,3,,,,,329.3872533,,329.3715197,329.3872533,330.3862313,330.3862313,330.3862313,330.3862313,330.4024925,330.8700856,330.8700856,331.2381684,z,1,0.3648836,None,,,,,4,1,2025-09-29_21h01.47.076,Motor Sequence Learning,,2025.1.1,60.44947813,2025-09-29 21h02.07.006699 +0530
-50,x,172,0,43,x,1,0.4108748,None,43,0,172,0,,,,,331.2532228,,331.2387569,331.2532228,332.254085,332.254085,332.254085,332.254085,332.254085,332.7526245,332.7526245,333.1714311,x,1,0.4108748,None,,,,,4,1,2025-09-29_21h01.47.076,Motor Sequence Learning,,2025.1.1,60.44947813,2025-09-29 21h02.07.006699 +0530
150,v,173,1,43,v,1,0.2682502,None,43,1,173,1,,,,,333.187731,,333.1719659,333.187731,334.1707166,334.1707166,334.1707166,334.1707166,334.187431,334.6856802,334.6856802,334.9552571,v,1,0.2682502,None,,,,,4,1,2025-09-29_21h01.47.076,Motor Sequence Learning,,2025.1.1,60.44947813,2025-09-29 21h02.07.006699 +0530
50,c,174,2,43,c,1,0.5423068,None,43,2,174,2,,,,,334.9706452,,334.95584,334.9706452,335.970225,335.970225,335.970225,335.970225,335.970225,336.4696666,336.4696666,337.0213534,c,1,0.5423068,None,,,,,4,1,2025-09-29_21h01.47.076,Motor Sequence Learning,,2025.1.1,60.44947813,2025-09-29 21h02.07.006699 +0530
-150,z,175,3,43,z,1,0.3078845,None,43,3,175,3,,,,,337.0370892,,337.021933,337.0370892,338.0371011,338.0371011,338.0371011,338.0371011,338.0371011,338.5376434,338.5376434,338.8535613,z,1,0.3078845,None,,,,,4,1,2025-09-29_21h01.47.076,Motor Sequence Learning,,2025.1.1,60.44947813,2025-09-29 21h02.07.006699 +0530
-50,x,176,0,44,x,1,0.3616534,None,44,0,176,0,,,,,338.8693819,,338.8541246,338.8693819,339.8543524,339.8543524,339.8543524,339.8543524,339.870368,340.3530347,340.3530347,340.7210479,x,1,0.3616534,None,,,,,4,1,2025-09-29_21h01.47.076,Motor Sequence Learning,,2025.1.1,60.44947813,2025-09-29 21h02.07.006699 +0530
150,v,177,1,44,v,1,0.330698,None,44,1,177,1,,,,,340.7377772,,340.7217172,340.7377772,341.7212919,341.7212919,341.7212919,341.7212919,341.7369417,342.2367327,342.2367327,342.5714952,v,1,0.330698,None,,,,,4,1,2025-09-29_21h01.47.076,Motor Sequence Learning,,2025.1.1,60.44947813,2025-09-29 21h02.07.006699 +0530
50,c,178,2,44,c,1,0.3213037,None,44,2,178,2,,,,,342.5868108,,342.5721743,342.5868108,343.5708782,343.5708782,343.5708782,343.5708782,343.5872694,344.0867922,344.0867922,344.4212954,c,1,0.3213037,None,,,,,4,1,2025-09-29_21h01.47.076,Motor Sequence Learning,,2025.1.1,60.44947813,2025-09-29 21h02.07.006699 +0530
-150,z,179,3,44,z,1,0.3167644,None,44,3,179,3,,,,,344.4363783,,344.4217925,344.4363783,345.4203421,345.4203421,345.4203421,345.4203421,345.4370756,345.9367613,345.9367613,346.2706577,z,1,0.3167644,None,,,,,4,1,2025-09-29_21h01.47.076,Motor Sequence Learning,,2025.1.1,60.44947813,2025-09-29 21h02.07.006699 +0530
-50,x,180,0,45,x,1,0.3108209,None,45,0,180,0,,,,,346.2873243,,346.2711626,346.2873243,347.2860096,347.2860096,347.2860096,347.2860096,347.2860096,347.785741,347.785741,348.1031576,x,1,0.3108209,None,,,,,4,1,2025-09-29_21h01.47.076,Motor Sequence Learning,,2025.1.1,60.44947813,2025-09-29 21h02.07.006699 +0530
150,v,181,1,45,v,1,0.2857885,None,45,1,181,1,,,,,348.118997,,348.1036364,348.118997,349.1193502,349.1193502,349.1193502,349.1193502,349.1193502,349.6185012,349.6185012,349.9187425,v,1,0.2857885,None,,,,,4,1,2025-09-29_21h01.47.076,Motor Sequence Learning,,2025.1.1,60.44947813,2025-09-29 21h02.07.006699 +0530
50,c,182,2,45,c,1,0.2562954,None,45,2,182,2,,,,,349.9351235,,349.9190258,349.9351235,350.9191443,350.9191443,350.9191443,350.9191443,350.9353382,351.4351211,351.4351211,351.7021059,c,1,0.2562954,None,,,,,4,1,2025-09-29_21h01.47.076,Motor Sequence Learning,,2025.1.1,60.44947813,2025-09-29 21h02.07.006699 +0530
-150,z,183,3,45,z,1,0.2859929,None,45,3,183,3,,,,,351.7182985,,351.7023641,351.7182985,352.7018184,352.7018184,352.7018184,352.7018184,352.7184172,353.2016772,353.2016772,353.5025288,z,1,0.2859929,None,,,,,4,1,2025-09-29_21h01.47.076,Motor Sequence Learning,,2025.1.1,60.44947813,2025-09-29 21h02.07.006699 +0530
-50,x,184,0,46,x,1,0.2871887,None,46,0,184,0,,,,,353.5184184,,353.5027616,353.5184184,354.5016788,354.5016788,354.5016788,354.5016788,354.5183131,355.0023361,355.0023361,355.3021825,x,1,0.2871887,None,,,,,4,1,2025-09-29_21h01.47.076,Motor Sequence Learning,,2025.1.1,60.44947813,2025-09-29 21h02.07.006699 +0530
150,v,185,1,46,v,1,0.2827359,None,46,1,185,1,,,,,355.3188918,,355.3024611,355.3188918,356.3016259,356.3016259,356.3016259,356.3016259,356.3182538,356.8034374,356.8034374,357.0873006,v,1,0.2827359,None,,,,,4,1,2025-09-29_21h01.47.076,Motor Sequence Learning,,2025.1.1,60.44947813,2025-09-29 21h02.07.006699 +0530
50,c,186,2,46,c,1,0.3053973,None,46,2,186,2,,,,,357.1022185,,357.0877297,357.1022185,358.1025494,358.1025494,358.1025494,358.1025494,358.1025494,358.6019357,358.6019357,358.9208164,c,1,0.3053973,None,,,,,4,1,2025-09-29_21h01.47.076,Motor Sequence Learning,,2025.1.1,60.44947813,2025-09-29 21h02.07.006699 +0530
-150,z,187,3,46,z,1,0.2543071,None,46,3,187,3,,,,,358.9365055,,358.9212215,358.9365055,359.9348959,359.9348959,359.9348959,359.9348959,359.9515793,360.4360403,360.4360403,360.7023575,z,1,0.2543071,None,,,,,4,1,2025-09-29_21h01.47.076,Motor Sequence Learning,,2025.1.1,60.44947813,2025-09-29 21h02.07.006699 +0530
-50,x,188,0,47,x,1,0.4333212,None,47,0,188,0,,,,,360.7183606,,360.7027409,360.7183606,361.7031177,361.7031177,361.7031177,361.7031177,361.7203538,362.2032478,362.2032478,362.6531946,x,1,0.4333212,None,,,,,4,1,2025-09-29_21h01.47.076,Motor Sequence Learning,,2025.1.1,60.44947813,2025-09-29 21h02.07.006699 +0530
150,v,189,1,47,v,1,0.2173741,None,47,1,189,1,,,,,362.6686214,,362.6536391,362.6686214,363.652483,363.652483,363.652483,363.652483,363.6686168,364.1682194,364.1682194,364.3863482,v,1,0.2173741,None,,,,,4,1,2025-09-29_21h01.47.076,Motor Sequence Learning,,2025.1.1,60.44947813,2025-09-29 21h02.07.006699 +0530
50,c,190,2,47,c,1,0.2656365,None,47,2,190,2,,,,,364.4023821,,364.3867313,364.4023821,365.3852835,365.3852835,365.3852835,365.3852835,365.4023575,365.885446,365.885446,366.1527084,c,1,0.2656365,None,,,,,4,1,2025-09-29_21h01.47.076,Motor Sequence Learning,,2025.1.1,60.44947813,2025-09-29 21h02.07.006699 +0530
-150,z,191,3,47,z,1,0.238326,None,47,3,191,3,,,,,366.1694074,,366.153146,366.1694074,367.1521992,367.1521992,367.1521992,367.1521992,367.1688423,367.6526054,367.6526054,367.9032578,z,1,0.238326,None,,,,,4,1,2025-09-29_21h01.47.076,Motor Sequence Learning,,2025.1.1,60.44947813,2025-09-29 21h02.07.006699 +0530
-50,x,192,0,48,x,1,0.4802831,None,48,0,192,0,,,,,367.9193415,,367.903697,367.9193415,368.9193494,368.9193494,368.9193494,368.9193494,368.9193494,369.419273,369.419273,369.9045501,x,1,0.4802831,None,,,,,4,1,2025-09-29_21h01.47.076,Motor Sequence Learning,,2025.1.1,60.44947813,2025-09-29 21h02.07.006699 +0530
150,v,193,1,48,v,1,0.3100661,None,48,1,193,1,,,,,369.9199432,,369.9050394,369.9199432,370.9022727,370.9022727,370.9022727,370.9022727,370.9358468,371.4188413,371.4188413,371.7359745,v,1,0.3100661,None,,,,,4,1,2025-09-29_21h01.47.076,Motor Sequence Learning,,2025.1.1,60.44947813,2025-09-29 21h02.07.006699 +0530
50,c,194,2,48,c,1,0.2854345,None,48,2,194,2,,,,,371.7524402,,371.7364769,371.7524402,372.7362238,372.7362238,372.7362238,372.7362238,372.7529362,373.235793,373.235793,373.5365546,c,1,0.2854345,None,,,,,4,1,2025-09-29_21h01.47.076,Motor Sequence Learning,,2025.1.1,60.44947813,2025-09-29 21h02.07.006699 +0530
-150,z,195,3,48,z,1,0.3267055,None,48,3,195,3,,,,,373.5534342,,373.5370018,373.5534342,374.5521721,374.5521721,374.5521721,374.5521721,374.5688299,375.0528331,375.0528331,375.3866505,z,1,0.3267055,None,,,,,4,1,2025-09-29_21h01.47.076,Motor Sequence Learning,,2025.1.1,60.44947813,2025-09-29 21h02.07.006699 +0530
-50,x,196,0,49,x,1,0.4664839,None,49,0,196,0,,,,,375.4025736,,375.3870909,375.4025736,376.386442,376.386442,376.386442,376.386442,376.4023289,376.9012368,376.9012368,377.3693567,x,1,0.4664839,None,,,,,4,1,2025-09-29_21h01.47.076,Motor Sequence Learning,,2025.1.1,60.44947813,2025-09-29 21h02.07.006699 +0530
150,v,197,1,49,v,1,0.35157,None,49,1,197,1,,,,,377.3854456,,377.3697434,377.3854456,378.3684664,378.3684664,378.3684664,378.3684664,378.3855328,378.8690581,378.8690581,379.2362192,v,1,0.35157,None,,,,,4,1,2025-09-29_21h01.47.076,Motor Sequence Learning,,2025.1.1,60.44947813,2025-09-29 21h02.07.006699 +0530
50,c,198,2,49,c,1,0.258285,None,49,2,198,2,,,,,379.2528874,,379.2366848,379.2528874,380.2356059,380.2356059,380.2356059,380.2356059,380.2522538,380.7365081,380.7365081,381.0028061,c,1,0.258285,None,,,,,4,1,2025-09-29_21h01.47.076,Motor Sequence Learning,,2025.1.1,60.44947813,2025-09-29 21h02.07.006699 +0530
-150,z,199,3,49,z,1,0.3647127,None,49,3,199,3,,,,,381.018556,,381.0032802,381.018556,382.0183992,382.0183992,382.0183992,382.0183992,382.0183992,382.5175801,382.5175801,382.8851969,z,1,0.3647127,None,,,,,4,1,2025-09-29_21h01.47.076,Motor Sequence Learning,,2025.1.1,60.44947813,2025-09-29 21h02.07.006699 +0530
-50,x,0,0,0,x,1,0.5537623,None,,,,,0,0,0,0,382.9012511,,382.889682,382.9012511,383.901113,383.901113,383.901113,383.901113,383.901113,384.3847885,384.3847885,384.9530631,,,,,x,1,0.5537623,None,4,1,2025-09-29_21h01.47.076,Motor Sequence Learning,,2025.1.1,60.44947813,2025-09-29 21h02.07.006699 +0530
50,c,1,1,0,v,0,0.1998457,None,,,,,0,1,1,2,384.9685226,,384.9534648,384.9685226,385.9690702,385.9690702,385.9690702,385.9690702,385.9690702,386.4514697,386.4514697,386.6544547,,,,,v,0,0.1998457,None,4,1,2025-09-29_21h01.47.076,Motor Sequence Learning,,2025.1.1,60.44947813,2025-09-29 21h02.07.006699 +0530
-150,z,2,2,0,z,1,0.4610159,None,,,,,0,2,2,3,386.6683019,,386.6549339,386.6683019,387.6690443,387.6690443,387.6690443,387.6690443,387.6690443,388.1684141,388.1684141,388.6360087,,,,,z,1,0.4610159,None,4,1,2025-09-29_21h01.47.076,Motor Sequence Learning,,2025.1.1,60.44947813,2025-09-29 21h02.07.006699 +0530
50,c,3,3,1,c,1,0.3087617,None,,,,,1,3,3,2,388.6520826,,388.636409,388.6520826,389.6511264,389.6511264,389.6511264,389.6511264,389.6511264,390.1353656,390.1353656,390.4540766,,,,,c,1,0.3087617,None,4,1,2025-09-29_21h01.47.076,Motor Sequence Learning,,2025.1.1,60.44947813,2025-09-29 21h02.07.006699 +0530
-150,z,4,4,1,z,1,0.3986644,None,,,,,1,4,4,3,390.4698658,,390.4547558,390.4698658,391.4536458,391.4536458,391.4536458,391.4536458,391.469793,391.9696078,391.9696078,392.3702852,,,,,z,1,0.3986644,None,4,1,2025-09-29_21h01.47.076,Motor Sequence Learning,,2025.1.1,60.44947813,2025-09-29 21h02.07.006699 +0530
50,c,5,5,2,v,0,0.3051198,None,,,,,2,5,5,2,392.3860746,,392.3709138,392.3860746,393.3845883,393.3845883,393.3845883,393.3845883,393.3845883,393.8842773,393.8842773,394.2011508,,,,,v,0,0.3051198,None,4,1,2025-09-29_21h01.47.076,Motor Sequence Learning,,2025.1.1,60.44947813,2025-09-29 21h02.07.006699 +0530
50,c,6,6,3,c,1,0.4155962,None,,,,,3,6,6,2,394.2179536,,394.2014519,394.2179536,395.2011549,395.2011549,395.2011549,395.2011549,395.2175285,395.7035092,395.7035092,396.1197106,,,,,c,1,0.4155962,None,4,1,2025-09-29_21h01.47.076,Motor Sequence Learning,,2025.1.1,60.44947813,2025-09-29 21h02.07.006699 +0530
-50,x,7,7,1,x,1,0.552396,None,,,,,1,7,7,0,396.1351115,,396.1202519,396.1351115,397.1195268,397.1195268,397.1195268,397.1195268,397.1359127,397.6347871,397.6347871,398.2026082,,,,,x,1,0.552396,None,4,1,2025-09-29_21h01.47.076,Motor Sequence Learning,,2025.1.1,60.44947813,2025-09-29 21h02.07.006699 +0530
-50,x,8,8,2,x,1,0.4821413,None,,,,,2,8,8,0,398.218846,,398.2034101,398.218846,399.2021729,399.2021729,399.2021729,399.2021729,399.2196575,399.71761,399.71761,400.20261,,,,,x,1,0.4821413,None,4,1,2025-09-29_21h01.47.076,Motor Sequence Learning,,2025.1.1,60.44947813,2025-09-29 21h02.07.006699 +0530
-150,z,9,9,2,z,1,0.4660521,None,,,,,2,9,9,3,400.2180834,,400.202992,400.2180834,401.201598,401.201598,401.201598,401.201598,401.2185463,401.7026482,401.7026482,402.1847651,,,,,z,1,0.4660521,None,4,1,2025-09-29_21h01.47.076,Motor Sequence Learning,,2025.1.1,60.44947813,2025-09-29 21h02.07.006699 +0530
-50,x,10,10,3,x,1,0.4430784,None,,,,,3,10,10,0,402.2011792,,402.1850422,402.2011792,403.1864806,403.1864806,403.1864806,403.1864806,403.2021788,403.6847704,403.6847704,404.1356905,,,,,x,1,0.4430784,None,4,1,2025-09-29_21h01.47.076,Motor Sequence Learning,,2025.1.1,60.44947813,2025-09-29 21h02.07.006699 +0530
-50,x,11,11,4,x,1,0.4051993,None,,,,,4,11,11,0,404.1517639,,404.1362167,404.1517639,405.1362488,405.1362488,405.1362488,405.1362488,405.1536236,405.6506424,405.6506424,406.0675573,,,,,x,1,0.4051993,None,4,1,2025-09-29_21h01.47.076,Motor Sequence Learning,,2025.1.1,60.44947813,2025-09-29 21h02.07.006699 +0530
-150,z,12,12,3,z,1,0.4756236,None,,,,,3,12,12,3,406.0841325,,406.0678083,406.0841325,407.067477,407.067477,407.067477,407.067477,407.0842856,407.5688125,407.5688125,408.05247,,,,,z,1,0.4756236,None,4,1,2025-09-29_21h01.47.076,Motor Sequence Learning,,2025.1.1,60.44947813,2025-09-29 21h02.07.006699 +0530
-150,z,13,13,4,z,1,0.421845,None,,,,,4,13,13,3,408.0686318,,408.0528552,408.0686318,409.0686448,409.0686448,409.0686448,409.0686448,409.0686448,409.5518256,409.5518256,409.9853633,,,,,z,1,0.421845,None,4,1,2025-09-29_21h01.47.076,Motor Sequence Learning,,2025.1.1,60.44947813,2025-09-29 21h02.07.006699 +0530
50,c,14,14,4,c,1,0.5256474,None,,,,,4,14,14,2,410.0019689,,409.9857866,410.0019689,410.9861266,410.9861266,410.9861266,410.9861266,411.0023764,411.5006119,411.5006119,412.0363664,,,,,c,1,0.5256474,None,4,1,2025-09-29_21h01.47.076,Motor Sequence Learning,,2025.1.1,60.44947813,2025-09-29 21h02.07.006699 +0530
-50,x,15,15,5,x,1,0.3950655,None,,,,,5,15,15,0,412.051487,,412.0368758,412.051487,413.0507033,413.0507033,413.0507033,413.0507033,413.0507033,413.5516512,413.5516512,413.953284,,,,,x,1,0.3950655,None,4,1,2025-09-29_21h01.47.076,Motor Sequence Learning,,2025.1.1,60.44947813,2025-09-29 21h02.07.006699 +0530
150,v,16,16,0,v,1,0.3322304,None,,,,,0,16,16,1,413.9688059,,413.9538901,413.9688059,414.9685097,414.9685097,414.9685097,414.9685097,414.9685097,415.4686308,415.4686308,415.8034615,,,,,v,1,0.3322304,None,4,1,2025-09-29_21h01.47.076,Motor Sequence Learning,,2025.1.1,60.44947813,2025-09-29 21h02.07.006699 +0530
50,c,17,17,5,c,1,0.3646791,None,,,,,5,17,17,2,415.8189724,,415.803908,415.8189724,416.8195053,416.8195053,416.8195053,416.8195053,416.8195053,417.3023437,417.3023437,417.6688495,,,,,c,1,0.3646791,None,4,1,2025-09-29_21h01.47.076,Motor Sequence Learning,,2025.1.1,60.44947813,2025-09-29 21h02.07.006699 +0530
50,c,18,18,6,c,1,0.47336,None,,,,,6,18,18,2,417.6852505,,417.6693025,417.6852505,418.6693946,418.6693946,418.6693946,418.6693946,418.6867945,419.1680884,419.1680884,419.654182,,,,,c,1,0.47336,None,4,1,2025-09-29_21h01.47.076,Motor Sequence Learning,,2025.1.1,60.44947813,2025-09-29 21h02.07.006699 +0530
-50,x,19,19,6,z,0,0.3262223,None,,,,,6,19,19,0,419.6690963,,419.6548709,419.6690963,420.6692263,420.6692263,420.6692263,420.6692263,420.6692263,421.168072,421.168072,421.5018996,,,,,z,0,0.3262223,None,4,1,2025-09-29_21h01.47.076,Motor Sequence Learning,,2025.1.1,60.44947813,2025-09-29 21h02.07.006699 +0530
-50,x,20,20,7,x,1,0.391147,None,,,,,7,20,20,0,421.5176405,,421.5023159,421.5176405,422.5022059,422.5022059,422.5022059,422.5022059,422.5196639,423.001367,423.001367,423.403235,,,,,x,1,0.391147,None,4,1,2025-09-29_21h01.47.076,Motor Sequence Learning,,2025.1.1,60.44947813,2025-09-29 21h02.07.006699 +0530
-50,x,21,21,8,x,1,0.61177,None,,,,,8,21,21,0,423.4197932,,423.4039138,423.4197932,424.4184411,424.4184411,424.4184411,424.4184411,424.4356447,424.9019913,424.9019913,425.5188061,,,,,x,1,0.61177,None,4,1,2025-09-29_21h01.47.076,Motor Sequence Learning,,2025.1.1,60.44947813,2025-09-29 21h02.07.006699 +0530
150,v,22,22,1,v,1,0.4411727,None,,,,,1,22,22,1,425.5362141,,425.519309,425.5362141,426.5188996,426.5188996,426.5188996,426.5188996,426.5358366,427.0191928,427.0191928,427.4699807,,,,,v,1,0.4411727,None,4,1,2025-09-29_21h01.47.076,Motor Sequence Learning,,2025.1.1,60.44947813,2025-09-29 21h02.07.006699 +0530
150,v,23,23,2,v,1,0.4295283,None,,,,,2,23,23,1,427.4856766,,427.470527,427.4856766,428.4697516,428.4697516,428.4697516,428.4697516,428.485703,428.9692542,428.9692542,429.4033205,,,,,v,1,0.4295283,None,4,1,2025-09-29_21h01.47.076,Motor Sequence Learning,,2025.1.1,60.44947813,2025-09-29 21h02.07.006699 +0530
150,v,24,24,3,v,1,0.3845027,None,,,,,3,24,24,1,429.4194594,,429.4041168,429.4194594,430.4182092,430.4182092,430.4182092,430.4182092,430.4346863,430.9194717,430.9194717,431.3204195,,,,,v,1,0.3845027,None,4,1,2025-09-29_21h01.47.076,Motor Sequence Learning,,2025.1.1,60.44947813,2025-09-29 21h02.07.006699 +0530
50,c,25,25,7,c,1,0.3078884,None,,,,,7,25,25,2,431.3358476,,431.3209206,431.3358476,432.3352615,432.3352615,432.3352615,432.3352615,432.3352615,432.8368732,432.8368732,433.152885,,,,,c,1,0.3078884,None,4,1,2025-09-29_21h01.47.076,Motor Sequence Learning,,2025.1.1,60.44947813,2025-09-29 21h02.07.006699 +0530
50,c,26,26,8,c,1,0.4053738,None,,,,,8,26,26,2,433.1686804,,433.1533881,433.1686804,434.1518979,434.1518979,434.1518979,434.1518979,434.1690764,434.652312,434.652312,435.0697137,,,,,c,1,0.4053738,None,4,1,2025-09-29_21h01.47.076,Motor Sequence Learning,,2025.1.1,60.44947813,2025-09-29 21h02.07.006699 +0530
50,c,27,27,9,c,1,0.2692467,None,,,,,9,27,27,2,435.0852452,,435.0704138,435.0852452,436.0842359,436.0842359,436.0842359,436.0842359,436.0842359,436.5850523,436.5850523,436.8693647,,,,,c,1,0.2692467,None,4,1,2025-09-29_21h01.47.076,Motor Sequence Learning,,2025.1.1,60.44947813,2025-09-29 21h02.07.006699 +0530
-50,x,28,28,9,z,0,0.3781521,None,,,,,9,28,28,0,436.8851797,,436.8698887,436.8851797,437.8693051,437.8693051,437.8693051,437.8693051,437.8855377,438.3688571,438.3688571,438.7533179,,,,,z,0,0.3781521,None,4,1,2025-09-29_21h01.47.076,Motor Sequence Learning,,2025.1.1,60.44947813,2025-09-29 21h02.07.006699 +0530
50,c,29,29,10,c,1,0.4032753,None,,,,,10,29,29,2,438.7681219,,438.753869,438.7681219,439.7678031,439.7678031,439.7678031,439.7678031,439.7678031,440.2673463,440.2673463,440.6862807,,,,,c,1,0.4032753,None,4,1,2025-09-29_21h01.47.076,Motor Sequence Learning,,2025.1.1,60.44947813,2025-09-29 21h02.07.006699 +0530
50,c,30,30,11,c,1,0.3950136,None,,,,,11,30,30,2,440.7019711,,440.6868373,440.7019711,441.7012539,441.7012539,441.7012539,441.7012539,441.7012539,442.2013172,442.2013172,442.6026239,,,,,c,1,0.3950136,None,4,1,2025-09-29_21h01.47.076,Motor Sequence Learning,,2025.1.1,60.44947813,2025-09-29 21h02.07.006699 +0530
50,c,31,31,12,c,1,0.4299753,None,,,,,12,31,31,2,442.6188466,,442.6032356,442.6188466,443.6022212,443.6022212,443.6022212,443.6022212,443.6182509,444.1177804,444.1177804,444.5517342,,,,,c,1,0.4299753,None,4,1,2025-09-29_21h01.47.076,Motor Sequence Learning,,2025.1.1,60.44947813,2025-09-29 21h02.07.006699 +0530
-150,z,32,32,5,z,1,0.534049,None,,,,,5,32,32,3,444.5675659,,444.5522124,444.5675659,445.5520807,445.5520807,445.5520807,445.5520807,445.5687034,446.0527151,446.0527151,446.6021418,,,,,z,1,0.534049,None,4,1,2025-09-29_21h01.47.076,Motor Sequence Learning,,2025.1.1,60.44947813,2025-09-29 21h02.07.006699 +0530
50,c,33,33,13,c,1,0.2490252,None,,,,,13,33,33,2,446.6180124,,446.6026797,446.6180124,447.6016329,447.6016329,447.6016329,447.6016329,447.6185842,448.1016533,448.1016533,448.3535877,,,,,c,1,0.2490252,None,4,1,2025-09-29_21h01.47.076,Motor Sequence Learning,,2025.1.1,60.44947813,2025-09-29 21h02.07.006699 +0530
150,v,34,34,4,v,1,0.4825378,None,,,,,4,34,34,1,448.3681704,,448.3540739,448.3681704,449.3682438,449.3682438,449.3682438,449.3682438,449.3682438,449.8687184,449.8687184,450.3523654,,,,,v,1,0.4825378,None,4,1,2025-09-29_21h01.47.076,Motor Sequence Learning,,2025.1.1,60.44947813,2025-09-29 21h02.07.006699 +0530
50,c,35,35,14,c,1,0.5590346,None,,,,,14,35,35,2,450.3681075,,450.3531041,450.3681075,451.3519005,451.3519005,451.3519005,451.3519005,451.3693785,451.8515188,451.8515188,452.4177183,,,,,c,1,0.5590346,None,4,1,2025-09-29_21h01.47.076,Motor Sequence Learning,,2025.1.1,60.44947813,2025-09-29 21h02.07.006699 +0530
50,c,36,36,15,c,1,0.3508347,None,,,,,15,36,36,2,452.434321,,452.4184593,452.434321,453.4196305,453.4196305,453.4196305,453.4196305,453.4360661,453.9185475,453.9185475,454.2858968,,,,,c,1,0.3508347,None,4,1,2025-09-29_21h01.47.076,Motor Sequence Learning,,2025.1.1,60.44947813,2025-09-29 21h02.07.006699 +0530
-150,z,37,37,6,z,1,0.5093204,None,,,,,6,37,37,3,454.3020909,,454.2864564,454.3020909,455.2867033,455.2867033,455.2867033,455.2867033,455.3027004,455.7850874,455.7850874,456.3024111,,,,,z,1,0.5093204,None,4,1,2025-09-29_21h01.47.076,Motor Sequence Learning,,2025.1.1,60.44947813,2025-09-29 21h02.07.006699 +0530
150,v,38,38,5,v,1,0.4620486,None,,,,,5,38,38,1,456.3181495,,456.3030867,456.3181495,457.3174108,457.3174108,457.3174108,457.3174108,457.3174108,457.8008682,457.8008682,458.2687034,,,,,v,1,0.4620486,None,4,1,2025-09-29_21h01.47.076,Motor Sequence Learning,,2025.1.1,60.44947813,2025-09-29 21h02.07.006699 +0530
50,c,39,39,16,c,1,0.4263396,None,,,,,16,39,39,2,458.2846736,,458.269191,458.2846736,459.2853882,459.2853882,459.2853882,459.2853882,459.2853882,459.7678754,459.7678754,460.2022694,,,,,c,1,0.4263396,None,4,1,2025-09-29_21h01.47.076,Motor Sequence Learning,,2025.1.1,60.44947813,2025-09-29 21h02.07.006699 +0530
150,v,40,40,6,v,1,0.3318685,None,,,,,6,40,40,1,460.2180798,,460.2027626,460.2180798,461.2025441,461.2025441,461.2025441,461.2025441,461.2176716,461.7023556,461.7023556,462.036002,,,,,v,1,0.3318685,None,4,1,2025-09-29_21h01.47.076,Motor Sequence Learning,,2025.1.1,60.44947813,2025-09-29 21h02.07.006699 +0530
50,c,41,41,17,c,1,0.4220339,None,,,,,17,41,41,2,462.0511982,,462.0364668,462.0511982,463.0348813,463.0348813,463.0348813,463.0348813,463.0525955,463.5509138,463.5509138,463.9864507,,,,,c,1,0.4220339,None,4,1,2025-09-29_21h01.47.076,Motor Sequence Learning,,2025.1.1,60.44947813,2025-09-29 21h02.07.006699 +0530
-150,z,42,42,7,z,1,0.4237651,None,,,,,7,42,42,3,464.0023735,,463.987,464.0023735,465.0009152,465.0009152,465.0009152,465.0009152,465.0009152,465.5010029,465.5010029,465.9365558,,,,,z,1,0.4237651,None,4,1,2025-09-29_21h01.47.076,Motor Sequence Learning,,2025.1.1,60.44947813,2025-09-29 21h02.07.006699 +0530
50,c,43,43,18,c,1,1.0713151,None,,,,,18,43,43,2,465.9520678,,465.9371797,465.9520678,466.9516762,466.9516762,466.9516762,466.9516762,466.9516762,467.4507716,467.4507716,468.5362149,,,,,c,1,1.0713151,None,4,1,2025-09-29_21h01.47.076,Motor Sequence Learning,,2025.1.1,60.44947813,2025-09-29 21h02.07.006699 +0530
150,v,44,44,7,v,1,0.3455171,None,,,,,7,44,44,1,468.5515268,,468.5368008,468.5515268,469.5506246,469.5506246,469.5506246,469.5506246,469.5672127,470.0504869,470.0504869,470.4011673,,,,,v,1,0.3455171,None,4,1,2025-09-29_21h01.47.076,Motor Sequence Learning,,2025.1.1,60.44947813,2025-09-29 21h02.07.006699 +0530
-150,z,45,45,8,z,1,0.4484718,None,,,,,8,45,45,3,470.4169066,,470.4015041,470.4169066,471.4000505,471.4000505,471.4000505,471.4000505,471.4170156,471.9167419,471.9167419,472.3668201,,,,,z,1,0.4484718,None,4,1,2025-09-29_21h01.47.076,Motor Sequence Learning,,2025.1.1,60.44947813,2025-09-29 21h02.07.006699 +0530
-50,x,46,46,10,x,1,0.3537086,None,,,,,10,46,46,0,472.3829481,,472.3671169,472.3829481,473.3667404,473.3667404,473.3667404,473.3667404,473.3833511,473.866315,473.866315,474.2336558,,,,,x,1,0.3537086,None,4,1,2025-09-29_21h01.47.076,Motor Sequence Learning,,2025.1.1,60.44947813,2025-09-29 21h02.07.006699 +0530
150,v,47,47,8,v,1,0.344987,None,,,,,8,47,47,1,474.2498454,,474.2339632,474.2498454,475.2330331,475.2330331,475.2330331,475.2330331,475.2497593,475.7329332,475.7329332,476.083543,,,,,v,1,0.344987,None,4,1,2025-09-29_21h01.47.076,Motor Sequence Learning,,2025.1.1,60.44947813,2025-09-29 21h02.07.006699 +0530
50,c,48,48,19,c,1,0.3793374,None,,,,,19,48,48,2,476.0997481,,476.0837538,476.0997481,477.0832555,477.0832555,477.0832555,477.0832555,477.0996439,477.5831761,477.5831761,477.966345,,,,,c,1,0.3793374,None,4,1,2025-09-29_21h01.47.076,Motor Sequence Learning,,2025.1.1,60.44947813,2025-09-29 21h02.07.006699 +0530
-150,z,49,49,9,x,0,0.2681097,None,,,,,9,49,49,3,477.9830166,,477.9665558,477.9830166,478.9666961,478.9666961,478.9666961,478.9666961,478.9834797,479.4662775,479.4662775,479.7498876,,,,,x,0,0.2681097,None,4,1,2025-09-29_21h01.47.076,Motor Sequence Learning,,2025.1.1,60.44947813,2025-09-29 21h02.07.006699 +0530
50,c,50,50,20,c,1,0.4987724,None,,,,,20,50,50,2,479.7664453,,479.7501089,479.7664453,480.7497053,480.7497053,480.7497053,480.7497053,480.7666995,481.2663789,481.2663789,481.7667112,,,,,c,1,0.4987724,None,4,1,2025-09-29_21h01.47.076,Motor Sequence Learning,,2025.1.1,60.44947813,2025-09-29 21h02.07.006699 +0530
150,v,51,51,9,v,1,0.8263293,None,,,,,9,51,51,1,481.7829162,,481.7669957,481.7829162,482.7662176,482.7662176,482.7662176,482.7662176,482.7828681,483.2664394,483.2664394,484.0999012,,,,,v,1,0.8263293,None,4,1,2025-09-29_21h01.47.076,Motor Sequence Learning,,2025.1.1,60.44947813,2025-09-29 21h02.07.006699 +0530
150,v,52,52,10,v,1,0.3382506,None,,,,,10,52,52,1,484.1166528,,484.1001514,484.1166528,485.0996301,485.0996301,485.0996301,485.0996301,485.1162403,485.5996028,485.5996028,485.9500587,,,,,v,1,0.3382506,None,4,1,2025-09-29_21h01.47.076,Motor Sequence Learning,,2025.1.1,60.44947813,2025-09-29 21h02.07.006699 +0530
-150,z,53,53,10,z,1,0.7626885,None,,,,,10,53,53,3,485.966418,,485.9503393,485.966418,486.9496076,486.9496076,486.9496076,486.9496076,486.9661836,487.4495092,487.4495092,488.2162663,,,,,z,1,0.7626885,None,4,1,2025-09-29_21h01.47.076,Motor Sequence Learning,,2025.1.1,60.44947813,2025-09-29 21h02.07.006699 +0530
50,c,54,54,21,c,1,0.4475825,None,,,,,21,54,54,2,488.2329584,,488.2167186,488.2329584,489.2311211,489.2311211,489.2311211,489.2311211,489.2479642,489.7162501,489.7162501,490.1664666,,,,,c,1,0.4475825,None,4,1,2025-09-29_21h01.47.076,Motor Sequence Learning,,2025.1.1,60.44947813,2025-09-29 21h02.07.006699 +0530
-50,x,55,55,11,x,1,0.5626336,None,,,,,11,55,55,0,490.1828145,,490.1666791,490.1828145,491.1662228,491.1662228,491.1662228,491.1662228,491.183684,491.6668166,491.6668166,492.2337019,,,,,x,1,0.5626336,None,4,1,2025-09-29_21h01.47.076,Motor Sequence Learning,,2025.1.1,60.44947813,2025-09-29 21h02.07.006699 +0530
-150,z,56,56,11,z,1,0.5229787,None,,,,,11,56,56,3,492.250153,,492.2340437,492.250153,493.2319197,493.2319197,493.2319197,493.2319197,493.2657682,493.733661,493.733661,494.2672613,,,,,z,1,0.5229787,None,4,1,2025-09-29_21h01.47.076,Motor Sequence Learning,,2025.1.1,60.44947813,2025-09-29 21h02.07.006699 +0530
-150,z,57,57,12,z,1,0.6273917,None,,,,,12,57,57,3,494.2833495,,494.2675564,494.2833495,495.2668765,495.2668765,495.2668765,495.2668765,495.2831042,495.7666243,495.7666243,496.4005423,,,,,z,1,0.6273917,None,4,1,2025-09-29_21h01.47.076,Motor Sequence Learning,,2025.1.1,60.44947813,2025-09-29 21h02.07.006699 +0530
150,v,58,58,11,v,1,0.3788301,None,,,,,11,58,58,1,496.4161464,,496.4010723,496.4161464,497.4161977,497.4161977,497.4161977,497.4161977,497.4161977,497.9158702,497.9158702,498.2999209,,,,,v,1,0.3788301,None,4,1,2025-09-29_21h01.47.076,Motor Sequence Learning,,2025.1.1,60.44947813,2025-09-29 21h02.07.006699 +0530
-50,x,59,59,12,x,1,0.5207183,None,,,,,12,59,59,0,498.3159841,,498.300257,498.3159841,499.299525,499.299525,499.299525,499.299525,499.3164283,499.799439,499.799439,500.3329984,,,,,x,1,0.5207183,None,4,1,2025-09-29_21h01.47.076,Motor Sequence Learning,,2025.1.1,60.44947813,2025-09-29 21h02.07.006699 +0530
150,v,60,60,12,v,1,0.4763039,None,,,,,12,60,60,1,500.3492727,,500.3332524,500.3492727,501.3324952,501.3324952,501.3324952,501.3324952,501.3494133,501.8325744,501.8325744,502.3160683,,,,,v,1,0.4763039,None,4,1,2025-09-29_21h01.47.076,Motor Sequence Learning,,2025.1.1,60.44947813,2025-09-29 21h02.07.006699 +0530
50,c,61,61,22,c,1,0.2815574,None,,,,,22,61,61,2,502.3325121,,502.3162911,502.3325121,503.3162271,503.3162271,503.3162271,503.3162271,503.3327607,503.8159103,503.8159103,504.1000559,,,,,c,1,0.2815574,None,4,1,2025-09-29_21h01.47.076,Motor Sequence Learning,,2025.1.1,60.44947813,2025-09-29 21h02.07.006699 +0530
-150,z,62,62,13,z,1,0.4281969,None,,,,,13,62,62,3,504.1161357,,504.1004043,504.1161357,505.0993065,505.0993065,505.0993065,505.0993065,505.1160704,505.5991647,505.5991647,506.0326723,,,,,z,1,0.4281969,None,4,1,2025-09-29_21h01.47.076,Motor Sequence Learning,,2025.1.1,60.44947813,2025-09-29 21h02.07.006699 +0530
150,v,63,63,13,v,1,0.7971636,None,,,,,13,63,63,1,506.0491045,,506.0329534,506.0491045,507.056024,507.056024,507.056024,507.056024,507.0672069,507.5317052,507.5317052,536.3330812,,,,,v,1,28.7971636,None,4,1,2025-09-29_21h01.47.076,Motor Sequence Learning,,2025.1.1,60.44947813,2025-09-29 21h02.07.006699 +0530
150,v,64,64,14,v,1,0.3656607,None,,,,,14,64,64,1,536.3495805,,536.3334886,536.3495805,537.3495057,537.3495057,537.3495057,537.3495057,537.3495057,537.8486332,537.8486332,538.2177677,,,,,v,1,0.3656607,None,4,1,2025-09-29_21h01.47.076,Motor Sequence Learning,,2025.1.1,60.44947813,2025-09-29 21h02.07.006699 +0530
-50,x,65,65,13,x,1,0.4536953,None,,,,,13,65,65,0,538.2330585,,538.2182012,538.2330585,539.2326214,539.2326214,539.2326214,539.2326214,539.2326214,539.7318843,539.7318843,540.2003048,,,,,x,1,0.4536953,None,4,1,2025-09-29_21h01.47.076,Motor Sequence Learning,,2025.1.1,60.44947813,2025-09-29 21h02.07.006699 +0530
-50,x,66,66,14,x,1,0.4352629,None,,,,,14,66,66,0,540.21626,,540.2009122,540.21626,541.2159592,541.2159592,541.2159592,541.2159592,541.2159592,541.699283,541.699283,542.1511225,,,,,x,1,0.4352629,None,4,1,2025-09-29_21h01.47.076,Motor Sequence Learning,,2025.1.1,60.44947813,2025-09-29 21h02.07.006699 +0530
50,c,67,67,23,c,1,0.48195,None,,,,,23,67,67,2,542.166476,,542.1516054,542.166476,543.1658134,543.1658134,543.1658134,543.1658134,543.1658134,543.6495183,543.6495183,544.1349165,,,,,c,1,0.48195,None,4,1,2025-09-29_21h01.47.076,Motor Sequence Learning,,2025.1.1,60.44947813,2025-09-29 21h02.07.006699 +0530
-50,x,68,68,15,c,0,0.5768078,None,,,,,15,68,68,0,544.1495563,,544.1355301,544.1495563,545.1497602,545.1497602,545.1497602,545.1497602,545.1497602,545.6496528,545.6496528,546.2342848,,,,,c,0,0.5768078,None,4,1,2025-09-29_21h01.47.076,Motor Sequence Learning,,2025.1.1,60.44947813,2025-09-29 21h02.07.006699 +0530
50,c,69,69,24,c,1,0.3654278,None,,,,,24,69,69,2,546.2495259,,546.2347123,546.2495259,547.233474,547.233474,547.233474,547.233474,547.2503726,547.7336201,547.7336201,548.1010204,,,,,c,1,0.3654278,None,4,1,2025-09-29_21h01.47.076,Motor Sequence Learning,,2025.1.1,60.44947813,2025-09-29 21h02.07.006699 +0530
50,c,70,70,25,c,1,0.3488451,None,,,,,25,70,70,2,548.1163136,,548.1016728,548.1163136,549.1005691,549.1005691,549.1005691,549.1005691,549.1169218,549.6013767,549.6013767,549.9512922,,,,,c,1,0.3488451,None,4,1,2025-09-29_21h01.47.076,Motor Sequence Learning,,2025.1.1,60.44947813,2025-09-29 21h02.07.006699 +0530
50,c,71,71,26,c,1,0.7227456,None,,,,,26,71,71,2,549.9665609,,549.9517857,549.9665609,550.9662869,550.9662869,550.9662869,550.9662869,550.9662869,551.4661215,551.4661215,552.199761,,,,,c,1,0.7227456,None,4,1,2025-09-29_21h01.47.076,Motor Sequence Learning,,2025.1.1,60.44947813,2025-09-29 21h02.07.006699 +0530
-150,z,72,72,14,z,1,0.5162323,None,,,,,14,72,72,3,552.2153012,,552.2001624,552.2153012,553.1994375,553.1994375,553.1994375,553.1994375,553.2153989,553.6999966,553.6999966,554.2173625,,,,,z,1,0.5162323,None,4,1,2025-09-29_21h01.47.076,Motor Sequence Learning,,2025.1.1,60.44947813,2025-09-29 21h02.07.006699 +0530
-150,z,73,73,15,z,1,0.3761235,None,,,,,15,73,73,3,554.2326388,,554.2178965,554.2326388,555.2157271,555.2157271,555.2157271,555.2157271,555.2330758,555.7163232,555.7163232,556.1008882,,,,,z,1,0.3761235,None,4,1,2025-09-29_21h01.47.076,Motor Sequence Learning,,2025.1.1,60.44947813,2025-09-29 21h02.07.006699 +0530
-150,z,74,74,16,z,1,0.3699261,None,,,,,16,74,74,3,556.1152743,,556.1013083,556.1152743,557.0992908,557.0992908,557.0992908,557.0992908,557.1158025,557.6160651,557.6160651,557.9986465,,,,,z,1,0.3699261,None,4,1,2025-09-29_21h01.47.076,Motor Sequence Learning,,2025.1.1,60.44947813,2025-09-29 21h02.07.006699 +0530
150,v,75,75,15,v,1,0.3834027,None,,,,,15,75,75,1,558.0150006,,557.9989042,558.0150006,558.9994416,558.9994416,558.9994416,558.9994416,559.0157612,559.5000866,559.5000866,559.8857101,,,,,v,1,0.3834027,None,4,1,2025-09-29_21h01.47.076,Motor Sequence Learning,,2025.1.1,60.44947813,2025-09-29 21h02.07.006699 +0530
-50,x,76,76,16,x,1,1.1084883,None,,,,,16,76,76,0,559.8988869,,559.8864445,559.8988869,560.9004197,560.9004197,560.9004197,560.9004197,560.9004197,561.3992318,561.3992318,562.5174266,,,,,x,1,1.1084883,None,4,1,2025-09-29_21h01.47.076,Motor Sequence Learning,,2025.1.1,60.44947813,2025-09-29 21h02.07.006699 +0530
-50,x,77,77,17,x,1,0.3914571,None,,,,,17,77,77,0,562.5337187,,562.5181102,562.5337187,563.5158665,563.5158665,563.5158665,563.5158665,563.549895,564.0325765,564.0325765,564.4331948,,,,,x,1,0.3914571,None,4,1,2025-09-29_21h01.47.076,Motor Sequence Learning,,2025.1.1,60.44947813,2025-09-29 21h02.07.006699 +0530
150,v,78,78,16,v,1,0.3871507,None,,,,,16,78,78,1,564.4485293,,564.4336389,564.4485293,565.4329089,565.4329089,565.4329089,565.4329089,565.4492181,565.9493459,565.9493459,566.3491755,,,,,v,1,0.3871507,None,4,1,2025-09-29_21h01.47.076,Motor Sequence Learning,,2025.1.1,60.44947813,2025-09-29 21h02.07.006699 +0530
-50,x,79,79,18,x,1,0.4269389,None,,,,,18,79,79,0,566.3648311,,566.3496423,566.3648311,567.3492874,567.3492874,567.3492874,567.3492874,567.3662966,567.8491568,567.8491568,568.2827445,,,,,x,1,0.4269389,None,4,1,2025-09-29_21h01.47.076,Motor Sequence Learning,,2025.1.1,60.44947813,2025-09-29 21h02.07.006699 +0530
-150,z,80,80,17,z,1,0.2704017,None,,,,,17,80,80,3,568.2987025,,568.2831202,568.2987025,569.2986809,569.2986809,569.2986809,569.2986809,569.2986809,569.7825593,569.7825593,570.0665472,,,,,z,1,0.2704017,None,4,1,2025-09-29_21h01.47.076,Motor Sequence Learning,,2025.1.1,60.44947813,2025-09-29 21h02.07.006699 +0530
-150,z,81,81,18,z,1,0.3780844,None,,,,,18,81,81,3,570.0820101,,570.0669784,570.0820101,571.0664616,571.0664616,571.0664616,571.0664616,571.0832701,571.5815327,571.5815327,571.9666085,,,,,z,1,0.3780844,None,4,1,2025-09-29_21h01.47.076,Motor Sequence Learning,,2025.1.1,60.44947813,2025-09-29 21h02.07.006699 +0530
50,c,82,82,27,c,1,0.5479219,None,,,,,27,82,82,2,571.9817446,,571.9670359,571.9817446,572.9657408,572.9657408,572.9657408,572.9657408,572.9827253,573.4812357,573.4812357,574.0327459,,,,,c,1,0.5479219,None,4,1,2025-09-29_21h01.47.076,Motor Sequence Learning,,2025.1.1,60.44947813,2025-09-29 21h02.07.006699 +0530
-150,z,83,83,19,z,1,0.3748319,None,,,,,19,83,83,3,574.048714,,574.0330855,574.048714,575.0320353,575.0320353,575.0320353,575.0320353,575.0486487,575.5318727,575.5318727,575.9165003,,,,,z,1,0.3748319,None,4,1,2025-09-29_21h01.47.076,Motor Sequence Learning,,2025.1.1,60.44947813,2025-09-29 21h02.07.006699 +0530
-50,x,84,84,19,x,1,0.5770896,None,,,,,19,84,84,0,575.9315945,,575.9168842,575.9315945,576.9319022,576.9319022,576.9319022,576.9319022,576.9319022,577.4162431,577.4162431,577.9993861,,,,,x,1,0.5770896,None,4,1,2025-09-29_21h01.47.076,Motor Sequence Learning,,2025.1.1,60.44947813,2025-09-29 21h02.07.006699 +0530
-150,z,85,85,20,z,1,0.3509716,None,,,,,20,85,85,3,578.0149146,,577.9998038,578.0149146,579.000217,579.000217,579.000217,579.000217,579.0158709,579.49997,579.49997,579.8651243,,,,,z,1,0.3509716,None,4,1,2025-09-29_21h01.47.076,Motor Sequence Learning,,2025.1.1,60.44947813,2025-09-29 21h02.07.006699 +0530
150,v,86,86,17,v,1,0.3809394,None,,,,,17,86,86,1,579.8809967,,579.8654959,579.8809967,580.865618,580.865618,580.865618,580.865618,580.8824825,581.3653095,581.3653095,581.7505293,,,,,v,1,0.3809394,None,4,1,2025-09-29_21h01.47.076,Motor Sequence Learning,,2025.1.1,60.44947813,2025-09-29 21h02.07.006699 +0530
50,c,87,87,28,c,1,0.2820751,None,,,,,28,87,87,2,581.7653559,,581.7510238,581.7653559,582.7645503,582.7645503,582.7645503,582.7645503,582.781945,583.2651949,583.2651949,583.5484525,,,,,c,1,0.2820751,None,4,1,2025-09-29_21h01.47.076,Motor Sequence Learning,,2025.1.1,60.44947813,2025-09-29 21h02.07.006699 +0530
-50,x,88,88,20,z,0,0.2631209,None,,,,,20,88,88,0,583.5651315,,583.5487288,583.5651315,584.5488355,584.5488355,584.5488355,584.5488355,584.5664488,585.0488801,585.0488801,585.3162081,,,,,z,0,0.2631209,None,4,1,2025-09-29_21h01.47.076,Motor Sequence Learning,,2025.1.1,60.44947813,2025-09-29 21h02.07.006699 +0530
-150,z,89,89,21,z,1,0.3121391,None,,,,,21,89,89,3,585.33178,,585.3166332,585.33178,586.3158473,586.3158473,586.3158473,586.3158473,586.3328869,586.8159201,586.8159201,587.1338938,,,,,z,1,0.3121391,None,4,1,2025-09-29_21h01.47.076,Motor Sequence Learning,,2025.1.1,60.44947813,2025-09-29 21h02.07.006699 +0530
-150,z,90,90,22,z,1,0.3883824,None,,,,,22,90,90,3,587.1482585,,587.1343397,587.1482585,588.1495626,588.1495626,588.1495626,588.1495626,588.1495626,588.6491939,588.6491939,589.0489263,,,,,z,1,0.3883824,None,4,1,2025-09-29_21h01.47.076,Motor Sequence Learning,,2025.1.1,60.44947813,2025-09-29 21h02.07.006699 +0530
50,c,91,91,29,c,1,0.4161803,None,,,,,29,91,91,2,589.0651455,,589.0492571,589.0651455,590.0494952,590.0494952,590.0494952,590.0494952,590.0661729,590.5488222,590.5488222,590.9668588,,,,,c,1,0.4161803,None,4,1,2025-09-29_21h01.47.076,Motor Sequence Learning,,2025.1.1,60.44947813,2025-09-29 21h02.07.006699 +0530
-150,z,92,92,23,z,1,0.5023265,None,,,,,23,92,92,3,590.9813916,,590.9674998,590.9813916,591.9825673,591.9825673,591.9825673,591.9825673,591.9825673,592.4810085,592.4810085,592.9988363,,,,,z,1,0.5023265,None,4,1,2025-09-29_21h01.47.076,Motor Sequence Learning,,2025.1.1,60.44947813,2025-09-29 21h02.07.006699 +0530
-150,z,93,93,24,z,1,0.4201125,None,,,,,24,93,93,3,593.0150558,,592.9991099,593.0150558,593.9977936,593.9977936,593.9977936,593.9977936,594.0144366,594.5144964,594.5144964,594.9497951,,,,,z,1,0.4201125,None,4,1,2025-09-29_21h01.47.076,Motor Sequence Learning,,2025.1.1,60.44947813,2025-09-29 21h02.07.006699 +0530
-150,z,94,94,25,z,1,0.3518599,None,,,,,25,94,94,3,594.9659473,,594.9500014,594.9659473,595.9644444,595.9644444,595.9644444,595.9644444,595.9810318,596.4482882,596.4482882,596.8156977,,,,,z,1,0.3518599,None,4,1,2025-09-29_21h01.47.076,Motor Sequence Learning,,2025.1.1,60.44947813,2025-09-29 21h02.07.006699 +0530
-150,z,95,95,26,z,1,0.3457292,None,,,,,26,95,95,3,596.8330911,,596.8161227,596.8330911,597.8161159,597.8161159,597.8161159,597.8161159,597.8324842,598.3155322,598.3155322,598.6658436,,,,,z,1,0.3457292,None,4,1,2025-09-29_21h01.47.076,Motor Sequence Learning,,2025.1.1,60.44947813,2025-09-29 21h02.07.006699 +0530
50,c,96,96,30,c,1,0.4115897,None,,,,,30,96,96,2,598.6818433,,598.666255,598.6818433,599.6651541,599.6651541,599.6651541,599.6651541,599.6828111,600.1654486,600.1654486,600.5829596,,,,,c,1,0.4115897,None,4,1,2025-09-29_21h01.47.076,Motor Sequence Learning,,2025.1.1,60.44947813,2025-09-29 21h02.07.006699 +0530
-50,x,97,97,21,x,1,0.3666683,None,,,,,21,97,97,0,600.5980179,,600.5835822,600.5980179,601.5990607,601.5990607,601.5990607,601.5990607,601.5990607,602.0982718,602.0982718,602.467809,,,,,x,1,0.3666683,None,4,1,2025-09-29_21h01.47.076,Motor Sequence Learning,,2025.1.1,60.44947813,2025-09-29 21h02.07.006699 +0530
-50,x,98,98,22,x,1,0.567241,None,,,,,22,98,98,0,602.4843253,,602.4681695,602.4843253,603.4807433,603.4807433,603.4807433,603.4807433,603.497269,603.982376,603.982376,604.5648832,,,,,x,1,0.567241,None,4,1,2025-09-29_21h01.47.076,Motor Sequence Learning,,2025.1.1,60.44947813,2025-09-29 21h02.07.006699 +0530
-50,x,99,99,23,x,1,0.2616632,None,,,,,23,99,99,0,604.5813524,,604.5651923,604.5813524,605.5653273,605.5653273,605.5653273,605.5653273,605.5827415,606.0651781,606.0651781,606.3333803,,,,,x,1,0.2616632,None,4,1,2025-09-29_21h01.47.076,Motor Sequence Learning,,2025.1.1,60.44947813,2025-09-29 21h02.07.006699 +0530
-150,z,100,100,27,z,1,0.3481612,None,,,,,27,100,100,3,606.3476978,,606.3340312,606.3476978,607.349251,607.349251,607.349251,607.349251,607.349251,607.848721,607.848721,608.1981375,,,,,z,1,0.3481612,None,4,1,2025-09-29_21h01.47.076,Motor Sequence Learning,,2025.1.1,60.44947813,2025-09-29 21h02.07.006699 +0530
-150,z,101,101,28,z,1,0.3533574,None,,,,,28,101,101,3,608.2141695,,608.1984485,608.2141695,609.198878,609.198878,609.198878,609.198878,609.2155672,609.6994981,609.6994981,610.0658096,,,,,z,1,0.3533574,None,4,1,2025-09-29_21h01.47.076,Motor Sequence Learning,,2025.1.1,60.44947813,2025-09-29 21h02.07.006699 +0530
50,c,102,102,31,c,1,0.4750856,None,,,,,31,102,102,2,610.0817083,,610.0661968,610.0817083,611.0650276,611.0650276,611.0650276,611.0650276,611.0814077,611.5808733,611.5808733,612.0658299,,,,,c,1,0.4750856,None,4,1,2025-09-29_21h01.47.076,Motor Sequence Learning,,2025.1.1,60.44947813,2025-09-29 21h02.07.006699 +0530
-150,z,103,103,29,z,1,0.340101,None,,,,,29,103,103,3,612.0816941,,612.0664581,612.0816941,613.0648742,613.0648742,613.0648742,613.0648742,613.0813953,613.5809317,613.5809317,613.9322752,,,,,z,1,0.340101,None,4,1,2025-09-29_21h01.47.076,Motor Sequence Learning,,2025.1.1,60.44947813,2025-09-29 21h02.07.006699 +0530
-150,z,104,104,30,z,1,0.5619972,None,,,,,30,104,104,3,613.947444,,613.9328258,613.947444,614.9314211,614.9314211,614.9314211,614.9314211,614.9485951,615.4319924,615.4319924,615.9992245,,,,,z,1,0.5619972,None,4,1,2025-09-29_21h01.47.076,Motor Sequence Learning,,2025.1.1,60.44947813,2025-09-29 21h02.07.006699 +0530
150,v,105,105,18,v,1,0.3462294,None,,,,,18,105,105,1,616.0147198,,615.9996808,616.0147198,616.9986402,616.9986402,616.9986402,616.9986402,617.0155275,617.5161818,617.5161818,617.8667343,,,,,v,1,0.3462294,None,4,1,2025-09-29_21h01.47.076,Motor Sequence Learning,,2025.1.1,60.44947813,2025-09-29 21h02.07.006699 +0530
150,v,106,106,19,v,1,0.5098592,None,,,,,19,106,106,1,617.8813035,,617.8672984,617.8813035,618.8816053,618.8816053,618.8816053,618.8816053,618.8816053,619.3819164,619.3819164,619.8976718,,,,,v,1,0.5098592,None,4,1,2025-09-29_21h01.47.076,Motor Sequence Learning,,2025.1.1,60.44947813,2025-09-29 21h02.07.006699 +0530
150,v,107,107,20,v,1,0.4014614,None,,,,,20,107,107,1,619.9137025,,619.8980535,619.9137025,620.8979836,620.8979836,620.8979836,620.8979836,620.9146652,621.3991076,621.3991076,621.815376,,,,,v,1,0.4014614,None,4,1,2025-09-29_21h01.47.076,Motor Sequence Learning,,2025.1.1,60.44947813,2025-09-29 21h02.07.006699 +0530
-50,x,108,108,24,x,1,0.3840846,None,,,,,24,108,108,0,621.8320046,,621.8157924,621.8320046,622.8152702,622.8152702,622.8152702,622.8152702,622.8314209,623.3151098,623.3151098,623.7151862,,,,,x,1,0.3840846,None,4,1,2025-09-29_21h01.47.076,Motor Sequence Learning,,2025.1.1,60.44947813,2025-09-29 21h02.07.006699 +0530
-50,x,109,109,25,x,1,0.5490405,None,,,,,25,109,109,0,623.7314509,,623.7154602,623.7314509,624.7151009,624.7151009,624.7151009,624.7151009,624.7315655,625.2150432,625.2150432,625.7660151,,,,,x,1,0.5490405,None,4,1,2025-09-29_21h01.47.076,Motor Sequence Learning,,2025.1.1,60.44947813,2025-09-29 21h02.07.006699 +0530
150,v,110,110,21,v,1,0.3434362,None,,,,,21,110,110,1,625.7807564,,625.7664812,625.7807564,626.7652943,626.7652943,626.7652943,626.7652943,626.7810535,627.2812928,627.2812928,627.6321141,,,,,v,1,0.3434362,None,4,1,2025-09-29_21h01.47.076,Motor Sequence Learning,,2025.1.1,60.44947813,2025-09-29 21h02.07.006699 +0530
150,v,111,111,22,v,1,0.4358605,None,,,,,22,111,111,1,627.6474959,,627.632514,627.6474959,628.6319138,628.6319138,628.6319138,628.6319138,628.6485218,629.1310236,629.1310236,629.5826183,,,,,v,1,0.4358605,None,4,1,2025-09-29_21h01.47.076,Motor Sequence Learning,,2025.1.1,60.44947813,2025-09-29 21h02.07.006699 +0530
50,c,112,112,32,c,1,0.3503252,None,,,,,32,112,112,2,629.5973724,,629.583051,629.5973724,630.598973,630.598973,630.598973,630.598973,630.598973,631.0982836,631.0982836,631.4638892,,,,,c,1,0.3503252,None,4,1,2025-09-29_21h01.47.076,Motor Sequence Learning,,2025.1.1,60.44947813,2025-09-29 21h02.07.006699 +0530
-150,z,113,113,31,z,1,0.3294913,None,,,,,31,113,113,3,631.4803667,,631.4641331,631.4803667,632.4636673,632.4636673,632.4636673,632.4636673,632.4805246,632.9641981,632.9641981,633.2976263,,,,,z,1,0.3294913,None,4,1,2025-09-29_21h01.47.076,Motor Sequence Learning,,2025.1.1,60.44947813,2025-09-29 21h02.07.006699 +0530
150,v,114,114,23,v,1,0.3384023,None,,,,,23,114,114,1,633.3139532,,633.2979058,633.3139532,634.2977425,634.2977425,634.2977425,634.2977425,634.3145229,634.7970054,634.7970054,635.14769,,,,,v,1,0.3384023,None,4,1,2025-09-29_21h01.47.076,Motor Sequence Learning,,2025.1.1,60.44947813,2025-09-29 21h02.07.006699 +0530
50,c,115,115,33,c,1,0.5237297,None,,,,,33,115,115,2,635.163525,,635.1479102,635.163525,636.1471763,636.1471763,636.1471763,636.1471763,636.1638296,636.6636516,636.6636516,637.1971922,,,,,c,1,0.5237297,None,4,1,2025-09-29_21h01.47.076,Motor Sequence Learning,,2025.1.1,60.44947813,2025-09-29 21h02.07.006699 +0530
150,v,116,116,24,v,1,0.4245748,None,,,,,24,116,116,1,637.2140122,,637.1974663,637.2140122,638.2138125,638.2138125,638.2138125,638.2138125,638.2138125,638.6970857,638.6970857,639.1310666,,,,,v,1,0.4245748,None,4,1,2025-09-29_21h01.47.076,Motor Sequence Learning,,2025.1.1,60.44947813,2025-09-29 21h02.07.006699 +0530
50,c,117,117,34,c,1,0.3380312,None,,,,,34,117,117,2,639.1467604,,639.1313681,639.1467604,640.1304126,640.1304126,640.1304126,640.1304126,640.1470906,640.6303349,640.6303349,640.9808832,,,,,c,1,0.3380312,None,4,1,2025-09-29_21h01.47.076,Motor Sequence Learning,,2025.1.1,60.44947813,2025-09-29 21h02.07.006699 +0530
150,v,118,118,25,c,0,0.4152092,None,,,,,25,118,118,1,640.9969866,,640.9811906,640.9969866,641.9817321,641.9817321,641.9817321,641.9817321,641.9975263,642.4813574,642.4813574,642.8982553,,,,,c,0,0.4152092,None,4,1,2025-09-29_21h01.47.076,Motor Sequence Learning,,2025.1.1,60.44947813,2025-09-29 21h02.07.006699 +0530
150,v,119,119,26,v,1,0.3982272,None,,,,,26,119,119,1,642.9141879,,642.8987893,642.9141879,643.8982619,643.8982619,643.8982619,643.8982619,643.9154656,644.398086,644.398086,644.7997419,,,,,v,1,0.3982272,None,4,1,2025-09-29_21h01.47.076,Motor Sequence Learning,,2025.1.1,60.44947813,2025-09-29 21h02.07.006699 +0530
50,c,120,120,35,c,1,0.4069515,None,,,,,35,120,120,2,644.8147804,,644.8004796,644.8147804,645.8154817,645.8154817,645.8154817,645.8154817,645.8154817,646.3147435,646.3147435,646.7317822,,,,,c,1,0.4069515,None,4,1,2025-09-29_21h01.47.076,Motor Sequence Learning,,2025.1.1,60.44947813,2025-09-29 21h02.07.006699 +0530
50,c,121,121,36,c,1,0.3665521,None,,,,,36,121,121,2,646.7480576,,646.732311,646.7480576,647.7314526,647.7314526,647.7314526,647.7314526,647.7480068,648.23163,648.23163,648.5990014,,,,,c,1,0.3665521,None,4,1,2025-09-29_21h01.47.076,Motor Sequence Learning,,2025.1.1,60.44947813,2025-09-29 21h02.07.006699 +0530
150,v,122,122,27,v,1,0.3739001,None,,,,,27,122,122,1,648.6141896,,648.5994575,648.6141896,649.6140533,649.6140533,649.6140533,649.6140533,649.6140533,650.1136575,650.1136575,650.4971384,,,,,v,1,0.3739001,None,4,1,2025-09-29_21h01.47.076,Motor Sequence Learning,,2025.1.1,60.44947813,2025-09-29 21h02.07.006699 +0530
150,v,123,123,28,v,1,0.4658366,None,,,,,28,123,123,1,650.5136935,,650.4974459,650.5136935,651.4968809,651.4968809,651.4968809,651.4968809,651.5133037,651.9968517,651.9968517,652.4637842,,,,,v,1,0.4658366,None,4,1,2025-09-29_21h01.47.076,Motor Sequence Learning,,2025.1.1,60.44947813,2025-09-29 21h02.07.006699 +0530
-50,x,124,124,26,x,1,0.7123095,None,,,,,26,124,124,0,652.4800983,,652.4640502,652.4800983,653.4633476,653.4633476,653.4633476,653.4633476,653.4805061,653.963692,653.963692,654.6808582,,,,,x,1,0.7123095,None,4,1,2025-09-29_21h01.47.076,Motor Sequence Learning,,2025.1.1,60.44947813,2025-09-29 21h02.07.006699 +0530
-50,x,125,125,27,x,1,0.4082238,None,,,,,27,125,125,0,654.6972881,,654.6810754,654.6972881,655.6802334,655.6802334,655.6802334,655.6802334,655.6966618,656.1799255,656.1799255,656.5991178,,,,,x,1,0.4082238,None,4,1,2025-09-29_21h01.47.076,Motor Sequence Learning,,2025.1.1,60.44947813,2025-09-29 21h02.07.006699 +0530
150,v,126,126,29,v,1,0.3522166,None,,,,,29,126,126,1,656.6138098,,656.5995731,656.6138098,657.6144638,657.6144638,657.6144638,657.6144638,657.6144638,658.0974467,658.0974467,658.4656608,,,,,v,1,0.3522166,None,4,1,2025-09-29_21h01.47.076,Motor Sequence Learning,,2025.1.1,60.44947813,2025-09-29 21h02.07.006699 +0530
150,v,127,127,30,v,1,0.4718477,None,,,,,30,127,127,1,658.4806207,,658.4661306,658.4806207,659.4822194,659.4822194,659.4822194,659.4822194,659.4822194,659.9817447,659.9817447,660.4646523,,,,,v,1,0.4718477,None,4,1,2025-09-29_21h01.47.076,Motor Sequence Learning,,2025.1.1,60.44947813,2025-09-29 21h02.07.006699 +0530
150,v,128,128,31,v,1,0.2825049,None,,,,,31,128,128,1,660.4801738,,660.4651843,660.4801738,661.4642629,661.4642629,661.4642629,661.4642629,661.4816061,661.9638436,661.9638436,662.2492929,,,,,v,1,0.2825049,None,4,1,2025-09-29_21h01.47.076,Motor Sequence Learning,,2025.1.1,60.44947813,2025-09-29 21h02.07.006699 +0530
150,v,129,129,32,v,1,0.4076352,None,,,,,32,129,129,1,662.2639671,,662.249849,662.2639671,663.264427,663.264427,663.264427,663.264427,663.264427,663.7483074,663.7483074,664.1638333,,,,,v,1,0.4076352,None,4,1,2025-09-29_21h01.47.076,Motor Sequence Learning,,2025.1.1,60.44947813,2025-09-29 21h02.07.006699 +0530
50,c,130,130,37,c,1,0.3141641,None,,,,,37,130,130,2,664.1799295,,664.1641323,664.1799295,665.1645225,665.1645225,665.1645225,665.1645225,665.1807436,665.665199,665.665199,665.9826975,,,,,c,1,0.3141641,None,4,1,2025-09-29_21h01.47.076,Motor Sequence Learning,,2025.1.1,60.44947813,2025-09-29 21h02.07.006699 +0530
-50,x,131,131,28,x,1,0.5039363,None,,,,,28,131,131,0,665.9972035,,665.9831515,665.9972035,666.9805956,666.9805956,666.9805956,666.9805956,666.9975161,667.4976912,667.4976912,668.0148695,,,,,x,1,0.5039363,None,4,1,2025-09-29_21h01.47.076,Motor Sequence Learning,,2025.1.1,60.44947813,2025-09-29 21h02.07.006699 +0530
-50,x,132,132,29,x,1,0.5099213,None,,,,,29,132,132,0,668.0308596,,668.0154557,668.0308596,669.0143351,669.0143351,669.0143351,669.0143351,669.0314353,669.5142562,669.5142562,670.031236,,,,,x,1,0.5099213,None,4,1,2025-09-29_21h01.47.076,Motor Sequence Learning,,2025.1.1,60.44947813,2025-09-29 21h02.07.006699 +0530
-50,x,133,133,30,x,1,0.3801708,None,,,,,30,133,133,0,670.0467791,,670.0317123,670.0467791,671.0307393,671.0307393,671.0307393,671.0307393,671.0474072,671.5314421,671.5314421,671.916545,,,,,x,1,0.3801708,None,4,1,2025-09-29_21h01.47.076,Motor Sequence Learning,,2025.1.1,60.44947813,2025-09-29 21h02.07.006699 +0530
150,v,134,134,33,v,1,0.3496372,None,,,,,33,134,134,1,671.9298176,,671.9170889,671.9298176,672.9311843,672.9311843,672.9311843,672.9311843,672.9311843,673.4305525,673.4305525,673.7831097,,,,,v,1,0.3496372,None,4,1,2025-09-29_21h01.47.076,Motor Sequence Learning,,2025.1.1,60.44947813,2025-09-29 21h02.07.006699 +0530
150,v,135,135,34,v,1,0.3604726,None,,,,,34,135,135,1,673.7964171,,673.783594,673.7964171,674.797735,674.797735,674.797735,674.797735,674.797735,675.296732,675.296732,675.6646501,,,,,v,1,0.3604726,None,4,1,2025-09-29_21h01.47.076,Motor Sequence Learning,,2025.1.1,60.44947813,2025-09-29 21h02.07.006699 +0530
-150,z,136,136,32,z,1,0.4414877,None,,,,,32,136,136,3,675.6803069,,675.6650525,675.6803069,676.6638852,676.6638852,676.6638852,676.6638852,676.6806145,677.1651002,677.1651002,677.6151428,,,,,z,1,0.4414877,None,4,1,2025-09-29_21h01.47.076,Motor Sequence Learning,,2025.1.1,60.44947813,2025-09-29 21h02.07.006699 +0530
-150,z,137,137,33,z,1,0.4802234,None,,,,,33,137,137,3,677.6308742,,677.6156619,677.6308742,678.613749,678.613749,678.613749,678.613749,678.6310941,679.1303329,679.1303329,679.6152265,,,,,z,1,0.4802234,None,4,1,2025-09-29_21h01.47.076,Motor Sequence Learning,,2025.1.1,60.44947813,2025-09-29 21h02.07.006699 +0530
150,v,138,138,35,v,1,0.6174244,None,,,,,35,138,138,1,679.630719,,679.6156608,679.630719,680.6144384,680.6144384,680.6144384,680.6144384,680.6313377,681.1139376,681.1139376,681.7474355,,,,,v,1,0.6174244,None,4,1,2025-09-29_21h01.47.076,Motor Sequence Learning,,2025.1.1,60.44947813,2025-09-29 21h02.07.006699 +0530
50,c,139,139,38,c,1,0.4643981,None,,,,,38,139,139,2,681.7637289,,681.7477047,681.7637289,682.7484286,682.7484286,682.7484286,682.7484286,682.7646711,683.2478463,683.2478463,683.7149468,,,,,c,1,0.4643981,None,4,1,2025-09-29_21h01.47.076,Motor Sequence Learning,,2025.1.1,60.44947813,2025-09-29 21h02.07.006699 +0530
-50,x,140,140,31,x,1,0.3932463,None,,,,,31,140,140,0,683.7307838,,683.7153191,683.7307838,684.7138882,684.7138882,684.7138882,684.7138882,684.7311965,685.2294588,685.2294588,685.6313892,,,,,x,1,0.3932463,None,4,1,2025-09-29_21h01.47.076,Motor Sequence Learning,,2025.1.1,60.44947813,2025-09-29 21h02.07.006699 +0530
-50,x,141,141,32,x,1,0.4346822,None,,,,,32,141,141,0,685.6471682,,685.631803,685.6471682,686.6306897,686.6306897,686.6306897,686.6306897,686.6476951,687.1472379,687.1472379,687.5968077,,,,,x,1,0.4346822,None,4,1,2025-09-29_21h01.47.076,Motor Sequence Learning,,2025.1.1,60.44947813,2025-09-29 21h02.07.006699 +0530
-50,x,142,142,33,x,1,0.3712459,None,,,,,33,142,142,0,687.6139732,,687.597044,687.6139732,688.5972745,688.5972745,688.5972745,688.5972745,688.6136814,689.098091,689.098091,689.4804326,,,,,x,1,0.3712459,None,4,1,2025-09-29_21h01.47.076,Motor Sequence Learning,,2025.1.1,60.44947813,2025-09-29 21h02.07.006699 +0530
50,c,143,143,39,c,1,0.7450232,None,,,,,39,143,143,2,689.4966861,,689.4808932,689.4966861,690.4805412,690.4805412,690.4805412,690.4805412,690.4974999,690.9798995,690.9798995,691.7297533,,,,,c,1,0.7450232,None,4,1,2025-09-29_21h01.47.076,Motor Sequence Learning,,2025.1.1,60.44947813,2025-09-29 21h02.07.006699 +0530
-150,z,144,144,34,z,1,0.4906017,None,,,,,34,144,144,3,691.7462531,,691.7299658,691.7462531,692.731113,692.731113,692.731113,692.731113,692.7471968,693.229777,693.229777,693.7321209,,,,,z,1,0.4906017,None,4,1,2025-09-29_21h01.47.076,Motor Sequence Learning,,2025.1.1,60.44947813,2025-09-29 21h02.07.006699 +0530
-150,z,145,145,35,z,1,0.3379016,None,,,,,35,145,145,3,693.7464437,,693.7325974,693.7464437,694.747282,694.747282,694.747282,694.747282,694.747282,695.247591,695.247591,695.5987501,,,,,z,1,0.3379016,None,4,1,2025-09-29_21h01.47.076,Motor Sequence Learning,,2025.1.1,60.44947813,2025-09-29 21h02.07.006699 +0530
-50,x,146,146,34,x,1,0.5904168,None,,,,,34,146,146,0,695.6136631,,695.5993654,695.6136631,696.6141194,696.6141194,696.6141194,696.6141194,696.6141194,697.1133837,697.1133837,697.7142594,,,,,x,1,0.5904168,None,4,1,2025-09-29_21h01.47.076,Motor Sequence Learning,,2025.1.1,60.44947813,2025-09-29 21h02.07.006699 +0530
-50,x,147,147,35,x,1,0.327465,None,,,,,35,147,147,0,697.7299498,,697.7146478,697.7299498,698.7138262,698.7138262,698.7138262,698.7138262,698.7301106,699.2136635,699.2136635,699.5478352,,,,,x,1,0.327465,None,4,1,2025-09-29_21h01.47.076,Motor Sequence Learning,,2025.1.1,60.44947813,2025-09-29 21h02.07.006699 +0530
-150,z,148,148,36,z,1,0.5513796,None,,,,,36,148,148,3,699.5629198,,699.5484115,699.5629198,700.562686,700.562686,700.562686,700.562686,700.562686,701.0463942,701.0463942,701.6143995,,,,,z,1,0.5513796,None,4,1,2025-09-29_21h01.47.076,Motor Sequence Learning,,2025.1.1,60.44947813,2025-09-29 21h02.07.006699 +0530
150,v,149,149,36,v,1,0.5295639,None,,,,,36,149,149,1,701.6300245,,701.6147549,701.6300245,702.6299618,702.6299618,702.6299618,702.6299618,702.6299618,703.1296828,703.1296828,703.6649806,,,,,v,1,0.5295639,None,4,1,2025-09-29_21h01.47.076,Motor Sequence Learning,,2025.1.1,60.44947813,2025-09-29 21h02.07.006699 +0530
150,v,150,150,37,v,1,0.3853487,None,,,,,37,150,150,1,703.6795973,,703.6655515,703.6795973,704.6793444,704.6793444,704.6793444,704.6793444,704.6793444,705.1800507,705.1800507,705.580641,,,,,v,1,0.3853487,None,4,1,2025-09-29_21h01.47.076,Motor Sequence Learning,,2025.1.1,60.44947813,2025-09-29 21h02.07.006699 +0530
150,v,151,151,38,v,1,0.389201,None,,,,,38,151,151,1,705.5964206,,705.5810053,705.5964206,706.5957716,706.5957716,706.5957716,706.5957716,706.5957716,707.080181,707.080181,707.4793074,,,,,v,1,0.389201,None,4,1,2025-09-29_21h01.47.076,Motor Sequence Learning,,2025.1.1,60.44947813,2025-09-29 21h02.07.006699 +0530
50,c,152,152,40,c,1,0.5524387,None,,,,,40,152,152,2,707.495717,,707.4797592,707.495717,708.4793391,708.4793391,708.4793391,708.4793391,708.495883,708.9791838,708.9791838,709.5471311,,,,,c,1,0.5524387,None,4,1,2025-09-29_21h01.47.076,Motor Sequence Learning,,2025.1.1,60.44947813,2025-09-29 21h02.07.006699 +0530
150,v,153,153,39,v,1,0.4193288,None,,,,,39,153,153,1,709.5632094,,709.5474319,709.5632094,710.5626473,710.5626473,710.5626473,710.5626473,710.5626473,711.0460227,711.0460227,711.4793647,,,,,v,1,0.4193288,None,4,1,2025-09-29_21h01.47.076,Motor Sequence Learning,,2025.1.1,60.44947813,2025-09-29 21h02.07.006699 +0530
-150,z,154,154,37,z,1,0.3659436,None,,,,,37,154,154,3,711.4966941,,711.4795809,711.4966941,712.4793103,712.4793103,712.4793103,712.4793103,712.4958601,712.9792457,712.9792457,713.3461867,,,,,z,1,0.3659436,None,4,1,2025-09-29_21h01.47.076,Motor Sequence Learning,,2025.1.1,60.44947813,2025-09-29 21h02.07.006699 +0530
-50,x,155,155,36,x,1,0.3628846,None,,,,,36,155,155,0,713.3625937,,713.3464194,713.3625937,714.3456656,714.3456656,714.3456656,714.3456656,714.3624539,714.8457992,714.8457992,715.2130144,,,,,x,1,0.3628846,None,4,1,2025-09-29_21h01.47.076,Motor Sequence Learning,,2025.1.1,60.44947813,2025-09-29 21h02.07.006699 +0530
-150,z,156,156,38,z,1,0.3710188,None,,,,,38,156,156,3,715.2292095,,715.2133023,715.2292095,716.2143896,716.2143896,716.2143896,716.2143896,716.2301136,716.7126275,716.7126275,717.0958569,,,,,z,1,0.3710188,None,4,1,2025-09-29_21h01.47.076,Motor Sequence Learning,,2025.1.1,60.44947813,2025-09-29 21h02.07.006699 +0530
-150,z,157,157,39,z,1,0.3640924,None,,,,,39,157,157,3,717.1122649,,717.0960723,717.1122649,718.0958902,718.0958902,718.0958902,718.0958902,718.1121473,718.6110455,718.6110455,718.9792988,,,,,z,1,0.3640924,None,4,1,2025-09-29_21h01.47.076,Motor Sequence Learning,,2025.1.1,60.44947813,2025-09-29 21h02.07.006699 +0530
-50,x,158,158,37,x,1,0.6915462,None,,,,,37,158,158,0,718.9957209,,718.979583,718.9957209,719.9787475,719.9787475,719.9787475,719.9787475,719.9955729,720.4787535,720.4787535,721.1793757,,,,,x,1,0.6915462,None,4,1,2025-09-29_21h01.47.076,Motor Sequence Learning,,2025.1.1,60.44947813,2025-09-29 21h02.07.006699 +0530
50,c,159,159,41,x,0,0.4942724,None,,,,,41,159,159,2,721.1956578,,721.1796902,721.1956578,722.1788932,722.1788932,722.1788932,722.1788932,722.1957424,722.6787067,722.6787067,723.1792213,,,,,x,0,0.4942724,None,4,1,2025-09-29_21h01.47.076,Motor Sequence Learning,,2025.1.1,60.44947813,2025-09-29 21h02.07.006699 +0530
50,c,160,160,42,c,1,0.3167641,None,,,,,42,160,160,2,723.1956174,,723.1794471,723.1956174,724.1789839,724.1789839,724.1789839,724.1789839,724.1956912,724.6790101,724.6790101,724.9961508,,,,,c,1,0.3167641,None,4,1,2025-09-29_21h01.47.076,Motor Sequence Learning,,2025.1.1,60.44947813,2025-09-29 21h02.07.006699 +0530
-150,z,161,161,40,z,1,0.4042611,None,,,,,40,161,161,3,725.0123296,,724.9964484,725.0123296,725.9961931,725.9961931,725.9961931,725.9961931,726.0128147,726.4955536,726.4955536,726.9124512,,,,,z,1,0.4042611,None,4,1,2025-09-29_21h01.47.076,Motor Sequence Learning,,2025.1.1,60.44947813,2025-09-29 21h02.07.006699 +0530
-50,x,162,162,38,x,1,0.3958257,None,,,,,38,162,162,0,726.9288351,,726.9127648,726.9288351,727.9121657,727.9121657,727.9121657,727.9121657,727.9294193,728.4124022,728.4124022,728.8129616,,,,,x,1,0.3958257,None,4,1,2025-09-29_21h01.47.076,Motor Sequence Learning,,2025.1.1,60.44947813,2025-09-29 21h02.07.006699 +0530
-50,x,163,163,39,x,1,0.5101889,None,,,,,39,163,163,0,728.8287843,,728.8132254,728.8287843,729.8122176,729.8122176,729.8122176,729.8122176,729.8291044,730.3123616,730.3123616,730.829396,,,,,x,1,0.5101889,None,4,1,2025-09-29_21h01.47.076,Motor Sequence Learning,,2025.1.1,60.44947813,2025-09-29 21h02.07.006699 +0530
150,v,164,164,40,v,1,0.3779232,None,,,,,40,164,164,1,730.8455358,,730.8296351,730.8455358,731.8288598,731.8288598,731.8288598,731.8288598,731.8455117,732.3292064,732.3292064,732.7125144,,,,,v,1,0.3779232,None,4,1,2025-09-29_21h01.47.076,Motor Sequence Learning,,2025.1.1,60.44947813,2025-09-29 21h02.07.006699 +0530
50,c,165,165,43,c,1,0.2855043,None,,,,,43,165,165,2,732.728611,,732.7127985,732.728611,733.7124499,733.7124499,733.7124499,733.7124499,733.7289855,734.2121798,734.2121798,734.512514,,,,,c,1,0.2855043,None,4,1,2025-09-29_21h01.47.076,Motor Sequence Learning,,2025.1.1,60.44947813,2025-09-29 21h02.07.006699 +0530
-50,x,166,166,40,x,1,0.6899401,None,,,,,40,166,166,0,734.5290179,,734.5128131,734.5290179,735.5121458,735.5121458,735.5121458,735.5121458,735.5289369,736.0120623,736.0120623,736.7130736,,,,,x,1,0.6899401,None,4,1,2025-09-29_21h01.47.076,Motor Sequence Learning,,2025.1.1,60.44947813,2025-09-29 21h02.07.006699 +0530
-150,z,167,167,41,z,1,0.2896851,None,,,,,41,167,167,3,736.7290218,,736.7134025,736.7290218,737.7286053,737.7286053,737.7286053,737.7286053,737.7286053,738.211854,738.211854,738.5122001,,,,,z,1,0.2896851,None,4,1,2025-09-29_21h01.47.076,Motor Sequence Learning,,2025.1.1,60.44947813,2025-09-29 21h02.07.006699 +0530
-50,x,168,168,41,x,1,0.450619,None,,,,,41,168,168,0,738.5286648,,738.5124449,738.5286648,739.5120089,739.5120089,739.5120089,739.5120089,739.5286694,740.0118538,740.0118538,740.4792299,,,,,x,1,0.450619,None,4,1,2025-09-29_21h01.47.076,Motor Sequence Learning,,2025.1.1,60.44947813,2025-09-29 21h02.07.006699 +0530
150,v,169,169,41,v,1,0.4212957,None,,,,,41,169,169,1,740.4953453,,740.479586,740.4953453,741.4785402,741.4785402,741.4785402,741.4785402,741.4953736,741.9785818,741.9785818,742.4125857,,,,,v,1,0.4212957,None,4,1,2025-09-29_21h01.47.076,Motor Sequence Learning,,2025.1.1,60.44947813,2025-09-29 21h02.07.006699 +0530
150,v,170,170,42,v,1,0.4434259,None,,,,,42,170,170,1,742.4291191,,742.4128736,742.4291191,743.4121462,743.4121462,743.4121462,743.4121462,743.4284748,743.9121592,743.9121592,744.3625124,,,,,v,1,0.4434259,None,4,1,2025-09-29_21h01.47.076,Motor Sequence Learning,,2025.1.1,60.44947813,2025-09-29 21h02.07.006699 +0530
50,c,171,171,44,c,1,0.4699056,None,,,,,44,171,171,2,744.3787962,,744.3628245,744.3787962,745.3620051,745.3620051,745.3620051,745.3620051,745.3784027,745.8620354,745.8620354,746.3457147,,,,,c,1,0.4699056,None,4,1,2025-09-29_21h01.47.076,Motor Sequence Learning,,2025.1.1,60.44947813,2025-09-29 21h02.07.006699 +0530
-50,x,172,172,42,x,1,0.4299928,None,,,,,42,172,172,0,746.3619737,,746.3459407,746.3619737,747.345242,747.345242,747.345242,747.345242,747.3617459,747.8457122,747.8457122,748.2791901,,,,,x,1,0.4299928,None,4,1,2025-09-29_21h01.47.076,Motor Sequence Learning,,2025.1.1,60.44947813,2025-09-29 21h02.07.006699 +0530
150,v,173,173,43,v,1,0.3807202,None,,,,,43,173,173,1,748.2955292,,748.2794509,748.2955292,749.2786397,749.2786397,749.2786397,749.2786397,749.2954294,749.7787297,749.7787297,750.1625385,,,,,v,1,0.3807202,None,4,1,2025-09-29_21h01.47.076,Motor Sequence Learning,,2025.1.1,60.44947813,2025-09-29 21h02.07.006699 +0530
50,c,174,174,45,c,1,0.3006023,None,,,,,45,174,174,2,750.1789365,,750.1628004,750.1789365,751.1622593,751.1622593,751.1622593,751.1622593,751.1787058,751.6619609,751.6619609,751.9789723,,,,,c,1,0.3006023,None,4,1,2025-09-29_21h01.47.076,Motor Sequence Learning,,2025.1.1,60.44947813,2025-09-29 21h02.07.006699 +0530
-150,z,175,175,42,z,1,0.318838,None,,,,,42,175,175,3,751.9954351,,751.9793374,751.9954351,752.9787477,752.9787477,752.9787477,752.9787477,752.9951803,753.4789744,753.4789744,753.812456,,,,,z,1,0.318838,None,4,1,2025-09-29_21h01.47.076,Motor Sequence Learning,,2025.1.1,60.44947813,2025-09-29 21h02.07.006699 +0530
-50,x,176,176,43,x,1,0.3181491,None,,,,,43,176,176,0,753.8284964,,753.812766,753.8284964,754.8118365,754.8118365,754.8118365,754.8118365,754.8286947,755.3120127,755.3120127,755.6455351,,,,,x,1,0.3181491,None,4,1,2025-09-29_21h01.47.076,Motor Sequence Learning,,2025.1.1,60.44947813,2025-09-29 21h02.07.006699 +0530
50,c,177,177,46,c,1,0.4232986,None,,,,,46,177,177,2,755.6618175,,755.6458159,755.6618175,756.6450658,756.6450658,756.6450658,756.6450658,756.6617984,757.1450035,757.1450035,757.5789664,,,,,c,1,0.4232986,None,4,1,2025-09-29_21h01.47.076,Motor Sequence Learning,,2025.1.1,60.44947813,2025-09-29 21h02.07.006699 +0530
150,v,178,178,44,v,1,0.7500664,None,,,,,44,178,178,1,757.5949587,,757.5792684,757.5949587,758.5786328,758.5786328,758.5786328,758.5786328,758.5951208,759.0784193,759.0784193,759.8290077,,,,,v,1,0.7500664,None,4,1,2025-09-29_21h01.47.076,Motor Sequence Learning,,2025.1.1,60.44947813,2025-09-29 21h02.07.006699 +0530
-50,x,179,179,44,x,1,0.7725759,None,,,,,44,179,179,0,759.8452872,,759.8293044,759.8452872,760.8283708,760.8283708,760.8283708,760.8283708,760.8450595,761.3283587,761.3283587,762.1120303,,,,,x,1,0.7725759,None,4,1,2025-09-29_21h01.47.076,Motor Sequence Learning,,2025.1.1,60.44947813,2025-09-29 21h02.07.006699 +0530
-150,z,180,180,43,z,1,0.4524792,None,,,,,43,180,180,3,762.1283402,,762.1123395,762.1283402,763.1121304,763.1121304,763.1121304,763.1121304,763.1284113,763.6115892,763.6115892,764.0786359,,,,,z,1,0.4524792,None,4,1,2025-09-29_21h01.47.076,Motor Sequence Learning,,2025.1.1,60.44947813,2025-09-29 21h02.07.006699 +0530
-50,x,181,181,45,x,1,0.3854864,None,,,,,45,181,181,0,764.0947174,,764.0788443,764.0947174,765.0784153,765.0784153,765.0784153,765.0784153,765.0950919,765.5785631,765.5785631,765.9786986,,,,,x,1,0.3854864,None,4,1,2025-09-29_21h01.47.076,Motor Sequence Learning,,2025.1.1,60.44947813,2025-09-29 21h02.07.006699 +0530
150,v,182,182,45,v,1,0.3568138,None,,,,,45,182,182,1,765.9949293,,765.97891,765.9949293,766.9786809,766.9786809,766.9786809,766.9786809,766.994998,767.4786384,767.4786384,767.845382,,,,,v,1,0.3568138,None,4,1,2025-09-29_21h01.47.076,Motor Sequence Learning,,2025.1.1,60.44947813,2025-09-29 21h02.07.006699 +0530
50,c,183,183,47,c,1,0.3031826,None,,,,,47,183,183,2,767.861697,,767.8455933,767.861697,768.8451999,768.8451999,768.8451999,768.8451999,768.8615284,769.3448842,769.3448842,769.6618381,,,,,c,1,0.3031826,None,4,1,2025-09-29_21h01.47.076,Motor Sequence Learning,,2025.1.1,60.44947813,2025-09-29 21h02.07.006699 +0530
150,v,184,184,46,v,1,0.3809091,None,,,,,46,184,184,1,769.6780683,,769.662124,769.6780683,770.6615144,770.6615144,770.6615144,770.6615144,770.6784661,771.1615689,771.1615689,771.5451815,,,,,v,1,0.3809091,None,4,1,2025-09-29_21h01.47.076,Motor Sequence Learning,,2025.1.1,60.44947813,2025-09-29 21h02.07.006699 +0530
-150,z,185,185,44,z,1,0.3694604,None,,,,,44,185,185,3,771.5614751,,771.5454899,771.5614751,772.5449211,772.5449211,772.5449211,772.5449211,772.56147,773.0448661,773.0448661,773.4282346,,,,,z,1,0.3694604,None,4,1,2025-09-29_21h01.47.076,Motor Sequence Learning,,2025.1.1,60.44947813,2025-09-29 21h02.07.006699 +0530
50,c,186,186,48,c,1,0.6719114,None,,,,,48,186,186,2,773.4450988,,773.4284615,773.4450988,774.4281915,774.4281915,774.4281915,774.4281915,774.4449595,774.9281413,774.9281413,775.6120402,,,,,c,1,0.6719114,None,4,1,2025-09-29_21h01.47.076,Motor Sequence Learning,,2025.1.1,60.44947813,2025-09-29 21h02.07.006699 +0530
-150,z,187,187,45,z,1,0.3234714,None,,,,,45,187,187,3,775.6281129,,775.6123405,775.6281129,776.6114824,776.6114824,776.6114824,776.6114824,776.6282395,777.1114263,777.1114263,777.4455226,,,,,z,1,0.3234714,None,4,1,2025-09-29_21h01.47.076,Motor Sequence Learning,,2025.1.1,60.44947813,2025-09-29 21h02.07.006699 +0530
-50,x,188,188,46,x,1,0.435912,None,,,,,46,188,188,0,777.4615954,,777.4457607,777.4615954,778.4616722,778.4616722,778.4616722,778.4616722,778.4616722,778.9447572,778.9447572,779.3950149,,,,,x,1,0.435912,None,4,1,2025-09-29_21h01.47.076,Motor Sequence Learning,,2025.1.1,60.44947813,2025-09-29 21h02.07.006699 +0530
150,v,189,189,47,v,1,0.3834077,None,,,,,47,189,189,1,779.4113807,,779.3953044,779.4113807,780.3946393,780.3946393,780.3946393,780.3946393,780.4112722,780.8950471,780.8950471,781.2951771,,,,,v,1,0.3834077,None,4,1,2025-09-29_21h01.47.076,Motor Sequence Learning,,2025.1.1,60.44947813,2025-09-29 21h02.07.006699 +0530
150,v,190,190,48,v,1,0.4138098,None,,,,,48,190,190,1,781.3112209,,781.2953879,781.3112209,782.2948474,782.2948474,782.2948474,782.2948474,782.3114124,782.7949203,782.7949203,783.2118384,,,,,v,1,0.4138098,None,4,1,2025-09-29_21h01.47.076,Motor Sequence Learning,,2025.1.1,60.44947813,2025-09-29 21h02.07.006699 +0530
150,v,191,191,49,v,1,0.3364108,None,,,,,49,191,191,1,783.2280283,,783.2121223,783.2280283,784.2119386,784.2119386,784.2119386,784.2119386,784.228144,784.7115746,784.7115746,785.0616659,,,,,v,1,0.3364108,None,4,1,2025-09-29_21h01.47.076,Motor Sequence Learning,,2025.1.1,60.44947813,2025-09-29 21h02.07.006699 +0530
50,c,192,192,49,c,1,0.3278946,None,,,,,49,192,192,2,785.0778108,,785.0619708,785.0778108,786.0615416,786.0615416,786.0615416,786.0615416,786.0785156,786.5614685,786.5614685,786.8948716,,,,,c,1,0.3278946,None,4,1,2025-09-29_21h01.47.076,Motor Sequence Learning,,2025.1.1,60.44947813,2025-09-29 21h02.07.006699 +0530
-150,z,193,193,46,z,1,0.3732485,None,,,,,46,193,193,3,786.9114617,,786.8951472,786.9114617,787.8952634,787.8952634,787.8952634,787.8952634,787.9116422,788.3946222,788.3946222,788.7782425,,,,,z,1,0.3732485,None,4,1,2025-09-29_21h01.47.076,Motor Sequence Learning,,2025.1.1,60.44947813,2025-09-29 21h02.07.006699 +0530
-150,z,194,194,47,z,1,0.4566955,None,,,,,47,194,194,3,788.794621,,788.7785324,788.794621,789.777787,789.777787,789.777787,789.777787,789.7947111,790.2779547,790.2779547,790.7450525,,,,,z,1,0.4566955,None,4,1,2025-09-29_21h01.47.076,Motor Sequence Learning,,2025.1.1,60.44947813,2025-09-29 21h02.07.006699 +0530
-50,x,195,195,47,x,1,0.5127036,None,,,,,47,195,195,0,790.7613213,,790.7453221,790.7613213,791.7443671,791.7443671,791.7443671,791.7443671,791.7614972,792.2445528,792.2445528,792.7617386,,,,,x,1,0.5127036,None,4,1,2025-09-29_21h01.47.076,Motor Sequence Learning,,2025.1.1,60.44947813,2025-09-29 21h02.07.006699 +0530
-50,x,196,196,48,x,1,0.4464819,None,,,,,48,196,196,0,792.7780238,,792.7620264,792.7780238,793.760945,793.760945,793.760945,793.760945,793.7779523,794.2611487,794.2611487,794.7119344,,,,,x,1,0.4464819,None,4,1,2025-09-29_21h01.47.076,Motor Sequence Learning,,2025.1.1,60.44947813,2025-09-29 21h02.07.006699 +0530
-150,z,197,197,48,z,1,0.4026616,None,,,,,48,197,197,3,794.7278077,,794.7124908,794.7278077,795.7112282,795.7112282,795.7112282,795.7112282,795.7280035,796.2113611,796.2113611,796.628485,,,,,z,1,0.4026616,None,4,1,2025-09-29_21h01.47.076,Motor Sequence Learning,,2025.1.1,60.44947813,2025-09-29 21h02.07.006699 +0530
-150,z,198,198,49,z,1,0.4936709,None,,,,,49,198,198,3,796.644607,,796.6288239,796.644607,797.6277834,797.6277834,797.6277834,797.6277834,797.6444444,798.1278521,798.1278521,798.6283175,,,,,z,1,0.4936709,None,4,1,2025-09-29_21h01.47.076,Motor Sequence Learning,,2025.1.1,60.44947813,2025-09-29 21h02.07.006699 +0530
-50,x,199,199,49,x,1,0.5381741,None,,,,,49,199,199,0,798.6444813,,798.6285277,798.6444813,799.627729,799.627729,799.627729,799.627729,799.6445335,800.1279688,800.1279688,800.6784194,,,,,x,1,0.5381741,None,4,1,2025-09-29_21h01.47.076,Motor Sequence Learning,,2025.1.1,60.44947813,2025-09-29 21h02.07.006699 +0530
