pos,corr_resp,thisN,thisTrialN,thisRepN,key_resp.keys,key_resp.corr,key_resp.rt,key_resp.duration,trials.thisRepN,trials.thisTrialN,trials.thisN,trials.thisIndex,trials_2.thisRepN,trials_2.thisTrialN,trials_2.thisN,trials_2.thisIndex,thisRow.t,notes,trial.started,Fixation.started,line1.started,line2.started,line3.started,line4.started,Fixation.stopped,probe.started,key_resp.started,trial.stopped,trials.key_resp.keys,trials.key_resp.corr,trials.key_resp.rt,trials.key_resp.duration,trials_2.key_resp.keys,trials_2.key_resp.corr,trials_2.key_resp.rt,trials_2.key_resp.duration,participant,session,date,expName,expVersion,psychopyVersion,frameRate,expStart,
-50,x,0,0,0,x,1,1.2602717999834567,None,0,0,0,0,,,,,0.03047609981149435,,0.01659699995070696,0.03047609981149435,1.0140461998526007,1.0140461998526007,1.0140461998526007,1.0140461998526007,1.0307505000382662,1.514754799893126,1.514754799893126,2.893372399965301,x,1,1.2602717999834567,None,,,,,005,001,2025-09-29_21h18.00.165,Motor Sequence Learning,,2025.1.1,59.934000706140935,2025-09-29 21h18.06.827883 +0530,
150,v,1,1,0,v,1,0.4247560000512749,None,0,1,1,1,,,,,2.9126104000024498,,2.893587499856949,2.9126104000024498,3.8968523999210447,3.8968523999210447,3.8968523999210447,3.8968523999210447,3.9137283000163734,4.397336399881169,4.397336399881169,4.831293300027028,v,1,0.4247560000512749,None,,,,,005,001,2025-09-29_21h18.00.165,Motor Sequence Learning,,2025.1.1,59.934000706140935,2025-09-29 21h18.06.827883 +0530,
50,c,2,2,0,c,1,0.31650329986587167,None,0,2,2,2,,,,,4.847395199816674,,4.831976299872622,4.847395199816674,5.8315121999476105,5.8315121999476105,5.8315121999476105,5.8315121999476105,5.8482158000115305,6.331617399817333,6.331617399817333,6.649146699812263,c,1,0.31650329986587167,None,,,,,005,001,2025-09-29_21h18.00.165,Motor Sequence Learning,,2025.1.1,59.934000706140935,2025-09-29 21h18.06.827883 +0530,
-150,z,3,3,0,z,1,0.3000791999511421,None,0,3,3,3,,,,,6.664786299923435,,6.649781699990854,6.664786299923435,7.663675599964336,7.663675599964336,7.663675599964336,7.663675599964336,7.663675599964336,8.16521849995479,8.16521849995479,8.466561699984595,z,1,0.3000791999511421,None,,,,,005,001,2025-09-29_21h18.00.165,Motor Sequence Learning,,2025.1.1,59.934000706140935,2025-09-29 21h18.06.827883 +0530,
-50,x,4,0,1,x,1,0.294032400008291,None,1,0,4,0,,,,,8.480963699985296,,8.467256600037217,8.480963699985296,9.480522299883887,9.480522299883887,9.480522299883887,9.480522299883887,9.480522299883887,9.980536399874836,9.980536399874836,10.281460399972275,x,1,0.294032400008291,None,,,,,005,001,2025-09-29_21h18.00.165,Motor Sequence Learning,,2025.1.1,59.934000706140935,2025-09-29 21h18.06.827883 +0530,
150,v,5,1,1,v,1,0.23152679996564984,None,1,1,5,1,,,,,10.297496799845248,,10.281974299810827,10.297496799845248,11.298000099835917,11.298000099835917,11.298000099835917,11.298000099835917,11.298000099835917,11.797105900011957,11.797105900011957,12.031525899888948,v,1,0.23152679996564984,None,,,,,005,001,2025-09-29_21h18.00.165,Motor Sequence Learning,,2025.1.1,59.934000706140935,2025-09-29 21h18.06.827883 +0530,
50,c,6,2,1,c,1,0.2867680999916047,None,1,2,6,2,,,,,12.046915699960664,,12.032061799895018,12.046915699960664,13.046284599928185,13.046284599928185,13.046284599928185,13.046284599928185,13.046284599928185,13.53093419992365,13.53093419992365,13.831609199987724,c,1,0.2867680999916047,None,,,,,005,001,2025-09-29_21h18.00.165,Motor Sequence Learning,,2025.1.1,59.934000706140935,2025-09-29 21h18.06.827883 +0530,
-150,z,7,3,1,z,1,0.3405293000396341,None,1,3,7,3,,,,,13.84709809999913,,13.83222209988162,13.84709809999913,14.847128399880603,14.847128399880603,14.847128399880603,14.847128399880603,14.847128399880603,15.330527500016615,15.330527500016615,15.681310399901122,z,1,0.3405293000396341,None,,,,,005,001,2025-09-29_21h18.00.165,Motor Sequence Learning,,2025.1.1,59.934000706140935,2025-09-29 21h18.06.827883 +0530,
-50,x,8,0,2,x,1,0.2857397999614477,None,2,0,8,0,,,,,15.696959899971262,,15.681696199811995,15.696959899971262,16.68118409998715,16.68118409998715,16.68118409998715,16.68118409998715,16.698291099863127,17.181279300013557,17.181279300013557,17.481613299809396,x,1,0.2857397999614477,None,,,,,005,001,2025-09-29_21h18.00.165,Motor Sequence Learning,,2025.1.1,59.934000706140935,2025-09-29 21h18.06.827883 +0530,
150,v,9,1,2,v,1,0.2067179000005126,None,2,1,9,1,,,,,17.49734460003674,,17.482133199926466,17.49734460003674,18.4972941998858,18.4972941998858,18.4972941998858,18.4972941998858,18.4972941998858,18.99763170001097,18.99763170001097,19.214455500012264,v,1,0.2067179000005126,None,,,,,005,001,2025-09-29_21h18.00.165,Motor Sequence Learning,,2025.1.1,59.934000706140935,2025-09-29 21h18.06.827883 +0530,
50,c,10,2,2,c,1,0.43024900020100176,None,2,2,10,2,,,,,19.230139199877158,,19.21486960002221,19.230139199877158,20.214142499957234,20.214142499957234,20.214142499957234,20.214142499957234,20.23150989995338,20.714528699871153,20.714528699871153,21.14871109998785,c,1,0.43024900020100176,None,,,,,005,001,2025-09-29_21h18.00.165,Motor Sequence Learning,,2025.1.1,59.934000706140935,2025-09-29 21h18.06.827883 +0530,
-150,z,11,3,2,z,1,0.27420279989019036,None,2,3,11,3,,,,,21.16405149991624,,21.14925069990568,21.16405149991624,22.164100899826735,22.164100899826735,22.164100899826735,22.164100899826735,22.164100899826735,22.663309999974445,22.663309999974445,22.94954920001328,z,1,0.27420279989019036,None,,,,,005,001,2025-09-29_21h18.00.165,Motor Sequence Learning,,2025.1.1,59.934000706140935,2025-09-29 21h18.06.827883 +0530,
-50,x,12,0,3,x,1,0.28038359992206097,None,3,0,12,0,,,,,22.963133999845013,,22.950068000005558,22.963133999845013,23.963994999881834,23.963994999881834,23.963994999881834,23.963994999881834,23.963994999881834,24.464485500007868,24.464485500007868,24.749405700014904,x,1,0.28038359992206097,None,,,,,005,001,2025-09-29_21h18.00.165,Motor Sequence Learning,,2025.1.1,59.934000706140935,2025-09-29 21h18.06.827883 +0530,
150,v,13,1,3,v,1,0.09945529978722334,None,3,1,13,1,,,,,24.7632842999883,,24.74995659990236,24.7632842999883,25.763664399972185,25.763664399972185,25.763664399972185,25.763664399972185,25.763664399972185,26.263573199976236,26.263573199976236,26.364606200018898,v,1,0.09945529978722334,None,,,,,005,001,2025-09-29_21h18.00.165,Motor Sequence Learning,,2025.1.1,59.934000706140935,2025-09-29 21h18.06.827883 +0530,
50,c,14,2,3,c,1,0.24365850002504885,None,3,2,14,2,,,,,26.379918899852782,,26.365034400019795,26.379918899852782,27.364825299941003,27.364825299941003,27.364825299941003,27.364825299941003,27.380534899886698,27.863485599868,27.863485599868,28.114944099914283,c,1,0.24365850002504885,None,,,,,005,001,2025-09-29_21h18.00.165,Motor Sequence Learning,,2025.1.1,59.934000706140935,2025-09-29 21h18.06.827883 +0530,
-150,z,15,3,3,z,1,0.2061686001252383,None,3,3,15,3,,,,,28.130591499852017,,28.11544969980605,28.130591499852017,29.1140467999503,29.1140467999503,29.1140467999503,29.1140467999503,29.130935299908742,29.631129799876362,29.631129799876362,29.84864389989525,z,1,0.2061686001252383,None,,,,,005,001,2025-09-29_21h18.00.165,Motor Sequence Learning,,2025.1.1,59.934000706140935,2025-09-29 21h18.06.827883 +0530,
-50,x,16,0,4,x,1,0.2260779000353068,None,4,0,16,0,,,,,29.86341889994219,,29.849095199955627,29.86341889994219,30.863759899977595,30.863759899977595,30.863759899977595,30.863759899977595,30.863759899977595,31.36291339993477,31.36291339993477,31.597293499857187,x,1,0.2260779000353068,None,,,,,005,001,2025-09-29_21h18.00.165,Motor Sequence Learning,,2025.1.1,59.934000706140935,2025-09-29 21h18.06.827883 +0530,
150,v,17,1,4,v,1,0.27262810012325644,None,4,1,17,1,,,,,31.612964399857447,,31.59770609997213,31.612964399857447,32.59748829994351,32.59748829994351,32.59748829994351,32.59748829994351,32.613238299963996,33.09685999993235,33.09685999993235,33.38114809989929,v,1,0.27262810012325644,None,,,,,005,001,2025-09-29_21h18.00.165,Motor Sequence Learning,,2025.1.1,59.934000706140935,2025-09-29 21h18.06.827883 +0530,
50,c,18,2,4,c,1,0.4281695999670774,None,4,2,18,2,,,,,33.396827299846336,,33.38169619999826,33.396827299846336,34.39755819994025,34.39755819994025,34.39755819994025,34.39755819994025,34.39755819994025,34.88079750002362,34.88079750002362,35.3135050998535,c,1,0.4281695999670774,None,,,,,005,001,2025-09-29_21h18.00.165,Motor Sequence Learning,,2025.1.1,59.934000706140935,2025-09-29 21h18.06.827883 +0530,
-150,z,19,3,4,z,1,0.31985139986500144,None,4,3,19,3,,,,,35.33006970002316,,35.31409989995882,35.33006970002316,36.31312589999288,36.31312589999288,36.31312589999288,36.31312589999288,36.329938399838284,36.813475699862465,36.813475699862465,37.14670299994759,z,1,0.31985139986500144,None,,,,,005,001,2025-09-29_21h18.00.165,Motor Sequence Learning,,2025.1.1,59.934000706140935,2025-09-29 21h18.06.827883 +0530,
-50,x,20,0,5,x,1,0.46054120012558997,None,5,0,20,0,,,,,37.16341959987767,,37.14703679992817,37.16341959987767,38.14682659995742,38.14682659995742,38.14682659995742,38.14682659995742,38.163377499906346,38.64723129989579,38.64723129989579,39.114339399849996,x,1,0.46054120012558997,None,,,,,005,001,2025-09-29_21h18.00.165,Motor Sequence Learning,,2025.1.1,59.934000706140935,2025-09-29 21h18.06.827883 +0530,
150,v,21,1,5,v,1,0.40225149993784726,None,5,1,21,1,,,,,39.129566699964926,,39.11481449985877,39.129566699964926,40.11373799992725,40.11373799992725,40.11373799992725,40.11373799992725,40.1293822999578,40.613305599894375,40.613305599894375,41.03060369985178,v,1,0.40225149993784726,None,,,,,005,001,2025-09-29_21h18.00.165,Motor Sequence Learning,,2025.1.1,59.934000706140935,2025-09-29 21h18.06.827883 +0530,
50,c,22,2,5,c,1,0.3628408999647945,None,5,2,22,2,,,,,41.04630169994198,,41.031078699976206,41.04630169994198,42.0307918000035,42.0307918000035,42.0307918000035,42.0307918000035,42.04770109988749,42.54615479987115,42.54615479987115,42.91370719997212,c,1,0.3628408999647945,None,,,,,005,001,2025-09-29_21h18.00.165,Motor Sequence Learning,,2025.1.1,59.934000706140935,2025-09-29 21h18.06.827883 +0530,
-150,z,23,3,5,z,1,0.46077600005082786,None,5,3,23,3,,,,,42.929327899822965,,42.914205899927765,42.929327899822965,43.9136840000283,43.9136840000283,43.9136840000283,43.9136840000283,43.93047619983554,44.413610599935055,44.413610599935055,44.88053880003281,z,1,0.46077600005082786,None,,,,,005,001,2025-09-29_21h18.00.165,Motor Sequence Learning,,2025.1.1,59.934000706140935,2025-09-29 21h18.06.827883 +0530,
-50,x,24,0,6,x,1,0.7409415000583977,None,6,0,24,0,,,,,44.896964999847114,,44.88094979990274,44.896964999847114,45.89588079997338,45.89588079997338,45.89588079997338,45.89588079997338,45.91237559984438,46.379770200001076,46.379770200001076,47.130810499889776,x,1,0.7409415000583977,None,,,,,005,001,2025-09-29_21h18.00.165,Motor Sequence Learning,,2025.1.1,59.934000706140935,2025-09-29 21h18.06.827883 +0530,
150,v,25,1,6,v,1,0.43983149994164705,None,6,1,25,1,,,,,47.14584339992143,,47.131348700029776,47.14584339992143,48.14626149996184,48.14626149996184,48.14626149996184,48.14626149996184,48.14626149996184,48.63017849996686,48.63017849996686,49.080407900037244,v,1,0.43983149994164705,None,,,,,005,001,2025-09-29_21h18.00.165,Motor Sequence Learning,,2025.1.1,59.934000706140935,2025-09-29 21h18.06.827883 +0530,
50,c,26,2,6,c,1,0.2969922998454422,None,6,2,26,2,,,,,49.09637699997984,,49.08083939994685,49.09637699997984,50.07993409992196,50.07993409992196,50.07993409992196,50.07993409992196,50.097416299860924,50.58095490001142,50.58095490001142,50.88255859981291,c,1,0.2969922998454422,None,,,,,005,001,2025-09-29_21h18.00.165,Motor Sequence Learning,,2025.1.1,59.934000706140935,2025-09-29 21h18.06.827883 +0530,
-150,z,27,3,6,z,1,0.33186680008657277,None,6,3,27,3,,,,,50.89622089988552,,50.88313229987398,50.89622089988552,51.89664539997466,51.89664539997466,51.89664539997466,51.89664539997466,51.89664539997466,52.39622869994491,52.39622869994491,52.73114689998329,z,1,0.33186680008657277,None,,,,,005,001,2025-09-29_21h18.00.165,Motor Sequence Learning,,2025.1.1,59.934000706140935,2025-09-29 21h18.06.827883 +0530,
-50,x,28,0,7,x,1,0.32540839980356395,None,7,0,28,0,,,,,52.74591169995256,,52.7317325999029,52.74591169995256,53.74681649985723,53.74681649985723,53.74681649985723,53.74681649985723,53.74681649985723,54.24622379988432,54.24622379988432,54.58191729988903,x,1,0.32540839980356395,None,,,,,005,001,2025-09-29_21h18.00.165,Motor Sequence Learning,,2025.1.1,59.934000706140935,2025-09-29 21h18.06.827883 +0530,
150,v,29,1,7,v,1,0.2900546998716891,None,7,1,29,1,,,,,54.59631719999015,,54.58260919991881,54.59631719999015,55.59613319998607,55.59613319998607,55.59613319998607,55.59613319998607,55.59613319998607,56.09712149994448,56.09712149994448,56.39835369982757,v,1,0.2900546998716891,None,,,,,005,001,2025-09-29_21h18.00.165,Motor Sequence Learning,,2025.1.1,59.934000706140935,2025-09-29 21h18.06.827883 +0530,
50,c,30,2,7,c,1,0.4415553000289947,None,7,2,30,2,,,,,56.413154299836606,,56.39905819995329,56.413154299836606,57.41339070000686,57.41339070000686,57.41339070000686,57.41339070000686,57.41339070000686,57.913108999840915,57.913108999840915,58.36353409988806,c,1,0.4415553000289947,None,,,,,005,001,2025-09-29_21h18.00.165,Motor Sequence Learning,,2025.1.1,59.934000706140935,2025-09-29 21h18.06.827883 +0530,
-150,z,31,3,7,z,1,0.30191550008021295,None,7,3,31,3,,,,,58.37957239989191,,58.36412049992941,58.37957239989191,59.363791099982336,59.363791099982336,59.363791099982336,59.363791099982336,59.380629299907014,59.863578099990264,59.863578099990264,60.18113699997775,z,1,0.30191550008021295,None,,,,,005,001,2025-09-29_21h18.00.165,Motor Sequence Learning,,2025.1.1,59.934000706140935,2025-09-29 21h18.06.827883 +0530,
-50,x,32,0,8,x,1,0.26308530010282993,None,8,0,32,0,,,,,60.19624900002964,,60.18166349991225,60.19624900002964,61.18046519998461,61.18046519998461,61.18046519998461,61.18046519998461,61.19744769996032,61.68041739985347,61.68041739985347,61.947298999875784,x,1,0.26308530010282993,None,,,,,005,001,2025-09-29_21h18.00.165,Motor Sequence Learning,,2025.1.1,59.934000706140935,2025-09-29 21h18.06.827883 +0530,
150,v,33,1,8,v,1,0.1416283999569714,None,8,1,33,1,,,,,61.962716499809176,,61.9476554999128,61.962716499809176,62.94713280000724,62.94713280000724,62.94713280000724,62.94713280000724,62.963538700016215,63.44714589999057,63.44714589999057,63.59779379982501,v,1,0.1416283999569714,None,,,,,005,001,2025-09-29_21h18.00.165,Motor Sequence Learning,,2025.1.1,59.934000706140935,2025-09-29 21h18.06.827883 +0530,
50,c,34,2,8,c,1,0.3210404999554157,None,8,2,34,2,,,,,63.61302419984713,,63.59840749995783,63.61302419984713,64.59750699996948,64.59750699996948,64.59750699996948,64.59750699996948,64.61368359997869,65.1124493998941,65.1124493998941,65.44745259988122,c,1,0.3210404999554157,None,,,,,005,001,2025-09-29_21h18.00.165,Motor Sequence Learning,,2025.1.1,59.934000706140935,2025-09-29 21h18.06.827883 +0530,
-150,z,35,3,8,z,1,0.267322100000456,None,8,3,35,3,,,,,65.46222499990836,,65.44785549980588,65.46222499990836,66.46362239983864,66.46362239983864,66.46362239983864,66.46362239983864,66.46362239983864,66.94741759984754,66.94741759984754,67.23034859984182,z,1,0.267322100000456,None,,,,,005,001,2025-09-29_21h18.00.165,Motor Sequence Learning,,2025.1.1,59.934000706140935,2025-09-29 21h18.06.827883 +0530,
-50,x,36,0,9,x,1,0.2658903000410646,None,9,0,36,0,,,,,67.24840689986013,,67.23071869998239,67.24840689986013,68.230049100006,68.230049100006,68.230049100006,68.230049100006,68.26421769987792,68.73006339999847,68.73006339999847,68.99679089989513,x,1,0.2658903000410646,None,,,,,005,001,2025-09-29_21h18.00.165,Motor Sequence Learning,,2025.1.1,59.934000706140935,2025-09-29 21h18.06.827883 +0530,
150,v,37,1,9,v,1,0.26551140006631613,None,9,1,37,1,,,,,69.01320409984328,,68.9972200000193,69.01320409984328,70.01189589989372,70.01189589989372,70.01189589989372,70.01189589989372,70.02873269980773,70.49615020002238,70.49615020002238,70.76455720001832,v,1,0.26551140006631613,None,,,,,005,001,2025-09-29_21h18.00.165,Motor Sequence Learning,,2025.1.1,59.934000706140935,2025-09-29 21h18.06.827883 +0530,
50,c,38,2,9,c,1,0.26141919987276196,None,9,2,38,2,,,,,70.7793115999084,,70.76495159999467,70.7793115999084,71.7806142999325,71.7806142999325,71.7806142999325,71.7806142999325,71.7806142999325,72.28000539983623,72.28000539983623,72.5465736000333,c,1,0.26141919987276196,None,,,,,005,001,2025-09-29_21h18.00.165,Motor Sequence Learning,,2025.1.1,59.934000706140935,2025-09-29 21h18.06.827883 +0530,
-150,z,39,3,9,z,1,0.2511849000584334,None,9,3,39,3,,,,,72.56264269980602,,72.54700120002963,72.56264269980602,73.54602859984152,73.54602859984152,73.54602859984152,73.54602859984152,73.56301259994507,74.04695159988478,74.04695159988478,74.31346159987152,z,1,0.2511849000584334,None,,,,,005,001,2025-09-29_21h18.00.165,Motor Sequence Learning,,2025.1.1,59.934000706140935,2025-09-29 21h18.06.827883 +0530,
-50,x,40,0,10,x,1,0.1991314000915736,None,10,0,40,0,,,,,74.32946099992841,,74.3139795998577,74.32946099992841,75.31297069997527,75.31297069997527,75.31297069997527,75.31297069997527,75.32972999988124,75.81241169990972,75.81241169990972,76.01324360002764,x,1,0.1991314000915736,None,,,,,005,001,2025-09-29_21h18.00.165,Motor Sequence Learning,,2025.1.1,59.934000706140935,2025-09-29 21h18.06.827883 +0530,
150,v,41,1,10,v,1,0.35204430017620325,None,10,1,41,1,,,,,76.02916689985432,,76.01380710001104,76.02916689985432,77.01301039988175,77.01301039988175,77.01301039988175,77.01301039988175,77.02964419987984,77.51348179997876,77.51348179997876,77.88047509989701,v,1,0.35204430017620325,None,,,,,005,001,2025-09-29_21h18.00.165,Motor Sequence Learning,,2025.1.1,59.934000706140935,2025-09-29 21h18.06.827883 +0530,
50,c,42,2,10,c,1,0.19402489997446537,None,10,2,42,2,,,,,77.89666799991392,,77.8808859998826,77.89666799991392,78.87929129996337,78.87929129996337,78.87929129996337,78.87929129996337,78.89634989993647,79.38030139985494,79.38030139985494,79.58042220002972,c,1,0.19402489997446537,None,,,,,005,001,2025-09-29_21h18.00.165,Motor Sequence Learning,,2025.1.1,59.934000706140935,2025-09-29 21h18.06.827883 +0530,
-150,z,43,3,10,z,1,0.22063510003499687,None,10,3,43,3,,,,,79.59670270001516,,79.58105249982327,79.59670270001516,80.59606829984114,80.59606829984114,80.59606829984114,80.59606829984114,80.59606829984114,81.08054779982194,81.08054779982194,81.3146649999544,z,1,0.22063510003499687,None,,,,,005,001,2025-09-29_21h18.00.165,Motor Sequence Learning,,2025.1.1,59.934000706140935,2025-09-29 21h18.06.827883 +0530,
-50,x,44,0,11,x,1,0.28101249993778765,None,11,0,44,0,,,,,81.32926699984819,,81.31524799996987,81.32926699984819,82.3139332998544,82.3139332998544,82.3139332998544,82.3139332998544,82.32938069989905,82.83065379993059,82.83065379993059,83.11501319985837,x,1,0.28101249993778765,None,,,,,005,001,2025-09-29_21h18.00.165,Motor Sequence Learning,,2025.1.1,59.934000706140935,2025-09-29 21h18.06.827883 +0530,
150,v,45,1,11,v,1,0.22748489980585873,None,11,1,45,1,,,,,83.12967719999142,,83.11596079985611,83.12967719999142,84.13026180001907,84.13026180001907,84.13026180001907,84.13026180001907,84.13026180001907,84.6308158999309,84.6308158999309,84.86301680002362,v,1,0.22748489980585873,None,,,,,005,001,2025-09-29_21h18.00.165,Motor Sequence Learning,,2025.1.1,59.934000706140935,2025-09-29 21h18.06.827883 +0530,
50,c,46,2,11,c,1,0.25391400000080466,None,11,2,46,2,,,,,84.87916929996572,,84.86341489991173,84.87916929996572,85.8632100999821,85.8632100999821,85.8632100999821,85.8632100999821,85.87949709990062,86.36272399988957,86.36272399988957,86.63079009996727,c,1,0.25391400000080466,None,,,,,005,001,2025-09-29_21h18.00.165,Motor Sequence Learning,,2025.1.1,59.934000706140935,2025-09-29 21h18.06.827883 +0530,
-150,z,47,3,11,z,1,0.3549391000997275,None,11,3,47,3,,,,,86.6458343998529,,86.63128399988636,86.6458343998529,87.64602919993922,87.64602919993922,87.64602919993922,87.64602919993922,87.64602919993922,88.13053449988365,88.13053449988365,88.49759539985098,z,1,0.3549391000997275,None,,,,,005,001,2025-09-29_21h18.00.165,Motor Sequence Learning,,2025.1.1,59.934000706140935,2025-09-29 21h18.06.827883 +0530,
-50,x,48,0,12,x,1,0.30515170004218817,None,12,0,48,0,,,,,88.51275349990465,,88.49806719995104,88.51275349990465,89.5128632998094,89.5128632998094,89.5128632998094,89.5128632998094,89.5128632998094,90.01293820003048,90.01293820003048,90.33082359982654,x,1,0.30515170004218817,None,,,,,005,001,2025-09-29_21h18.00.165,Motor Sequence Learning,,2025.1.1,59.934000706140935,2025-09-29 21h18.06.827883 +0530,
150,v,49,1,12,v,1,0.3175337999127805,None,12,1,49,1,,,,,90.34505430003628,,90.3314010000322,90.34505430003628,91.34555989992805,91.34555989992805,91.34555989992805,91.34555989992805,91.34555989992805,91.83015559986234,91.83015559986234,92.14845039998181,v,1,0.3175337999127805,None,,,,,005,001,2025-09-29_21h18.00.165,Motor Sequence Learning,,2025.1.1,59.934000706140935,2025-09-29 21h18.06.827883 +0530,
50,c,50,2,12,c,1,0.23029259988106787,None,12,2,50,2,,,,,92.16229759994894,,92.14899769984186,92.16229759994894,93.16396589996293,93.16396589996293,93.16396589996293,93.16396589996293,93.16396589996293,93.6630492999684,93.6630492999684,93.89779079984874,c,1,0.23029259988106787,None,,,,,005,001,2025-09-29_21h18.00.165,Motor Sequence Learning,,2025.1.1,59.934000706140935,2025-09-29 21h18.06.827883 +0530,
-150,z,51,3,12,z,1,0.27751480019651353,None,12,3,51,3,,,,,93.91199249983765,,93.89827789994888,93.91199249983765,94.89651619992219,94.89651619992219,94.89651619992219,94.89651619992219,94.91328049986623,95.41161639988422,95.41161639988422,95.69609609991312,z,1,0.27751480019651353,None,,,,,005,001,2025-09-29_21h18.00.165,Motor Sequence Learning,,2025.1.1,59.934000706140935,2025-09-29 21h18.06.827883 +0530,
-50,x,52,0,13,x,1,0.41380030009895563,None,13,0,52,0,,,,,95.7126773998607,,95.69659950002097,95.7126773998607,96.69680109992623,96.69680109992623,96.69680109992623,96.69680109992623,96.71374999987893,97.19719629990868,97.19719629990868,97.61466709990054,x,1,0.41380030009895563,None,,,,,005,001,2025-09-29_21h18.00.165,Motor Sequence Learning,,2025.1.1,59.934000706140935,2025-09-29 21h18.06.827883 +0530,
150,v,53,1,13,v,1,0.3199344000313431,None,13,1,53,1,,,,,97.62837249995209,,97.61532019986771,97.62837249995209,98.6302167000249,98.6302167000249,98.6302167000249,98.6302167000249,98.6302167000249,99.12985019991174,99.12985019991174,99.46439139987342,v,1,0.3199344000313431,None,,,,,005,001,2025-09-29_21h18.00.165,Motor Sequence Learning,,2025.1.1,59.934000706140935,2025-09-29 21h18.06.827883 +0530,
50,c,54,2,13,c,1,0.29427210008725524,None,13,2,54,2,,,,,99.4795716998633,,99.46505719982088,99.4795716998633,100.47919390001334,100.47919390001334,100.47919390001334,100.47919390001334,100.47919390001334,100.97890560002998,100.97890560002998,101.2798517998308,c,1,0.29427210008725524,None,,,,,005,001,2025-09-29_21h18.00.165,Motor Sequence Learning,,2025.1.1,59.934000706140935,2025-09-29 21h18.06.827883 +0530,
-150,z,55,3,13,z,1,0.26475260010920465,None,13,3,55,3,,,,,101.29519649990834,,101.28034859988838,101.29519649990834,102.29629949992523,102.29629949992523,102.29629949992523,102.29629949992523,102.29629949992523,102.77846989990212,102.77846989990212,103.0475437999703,z,1,0.26475260010920465,None,,,,,005,001,2025-09-29_21h18.00.165,Motor Sequence Learning,,2025.1.1,59.934000706140935,2025-09-29 21h18.06.827883 +0530,
-50,x,56,0,14,x,1,0.4471092999447137,None,14,0,56,0,,,,,103.06281539984047,,103.04813939984888,103.06281539984047,104.06307039991952,104.06307039991952,104.06307039991952,104.06307039991952,104.06307039991952,104.56242379988544,104.56242379988544,105.01320489984937,x,1,0.4471092999447137,None,,,,,005,001,2025-09-29_21h18.00.165,Motor Sequence Learning,,2025.1.1,59.934000706140935,2025-09-29 21h18.06.827883 +0530,
150,v,57,1,14,v,1,0.34487449983134866,None,14,1,57,1,,,,,105.0287824999541,,105.01371129998006,105.0287824999541,106.02804499980994,106.02804499980994,106.02804499980994,106.02804499980994,106.02804499980994,106.52907299995422,106.52907299995422,106.88039609999396,v,1,0.34487449983134866,None,,,,,005,001,2025-09-29_21h18.00.165,Motor Sequence Learning,,2025.1.1,59.934000706140935,2025-09-29 21h18.06.827883 +0530,
50,c,58,2,14,c,1,0.31418649991974235,None,14,2,58,2,,,,,106.8961665998213,,106.8809340998996,106.8961665998213,107.87959229992703,107.87959229992703,107.87959229992703,107.87959229992703,107.89624439994805,108.39574299985543,108.39574299985543,108.71343189990148,c,1,0.31418649991974235,None,,,,,005,001,2025-09-29_21h18.00.165,Motor Sequence Learning,,2025.1.1,59.934000706140935,2025-09-29 21h18.06.827883 +0530,
-150,z,59,3,14,z,1,0.24851439986377954,None,14,3,59,3,,,,,108.72860579984263,,108.71392769995145,108.72860579984263,109.71255439985543,109.71255439985543,109.71255439985543,109.71255439985543,109.72915229992941,110.22861699992791,110.22861699992791,110.4801628999412,z,1,0.24851439986377954,None,,,,,005,001,2025-09-29_21h18.00.165,Motor Sequence Learning,,2025.1.1,59.934000706140935,2025-09-29 21h18.06.827883 +0530,
-50,x,60,0,15,x,1,0.3328184001147747,None,15,0,60,0,,,,,110.49592599994503,,110.48117329995148,110.49592599994503,111.49562940001488,111.49562940001488,111.49562940001488,111.49562940001488,111.49562940001488,111.97931499988772,111.97931499988772,112.31291510001756,x,1,0.3328184001147747,None,,,,,005,001,2025-09-29_21h18.00.165,Motor Sequence Learning,,2025.1.1,59.934000706140935,2025-09-29 21h18.06.827883 +0530,
150,v,61,1,15,v,1,0.30422209994867444,None,15,1,61,1,,,,,112.32860899996012,,112.31327349995263,112.32860899996012,113.31286469986662,113.31286469986662,113.31286469986662,113.31286469986662,113.32935399981216,113.8134679000359,113.8134679000359,114.1319050998427,v,1,0.30422209994867444,None,,,,,005,001,2025-09-29_21h18.00.165,Motor Sequence Learning,,2025.1.1,59.934000706140935,2025-09-29 21h18.06.827883 +0530,
50,c,62,2,15,c,1,0.4198286999017,None,15,2,62,2,,,,,114.14580219984055,,114.13259850000031,114.14580219984055,115.14559039985761,115.14559039985761,115.14559039985761,115.14559039985761,115.14559039985761,115.64563239994459,115.64563239994459,116.07963859988376,c,1,0.4198286999017,None,,,,,005,001,2025-09-29_21h18.00.165,Motor Sequence Learning,,2025.1.1,59.934000706140935,2025-09-29 21h18.06.827883 +0530,
-150,z,63,3,15,z,1,0.2565766000188887,None,15,3,63,3,,,,,116.09485280001536,,116.08019279991277,116.09485280001536,117.09576719999313,117.09576719999313,117.09576719999313,117.09576719999313,117.09576719999313,117.57887810003012,117.57887810003012,117.84644229989499,z,1,0.2565766000188887,None,,,,,005,001,2025-09-29_21h18.00.165,Motor Sequence Learning,,2025.1.1,59.934000706140935,2025-09-29 21h18.06.827883 +0530,
-50,x,64,0,16,x,1,0.1910768998786807,None,16,0,64,0,,,,,117.86207479983568,,117.84704010002315,117.86207479983568,118.84613860002719,118.84613860002719,118.84613860002719,118.84613860002719,118.86247069993988,119.36219439981505,119.36219439981505,119.56211619987153,x,1,0.1910768998786807,None,,,,,005,001,2025-09-29_21h18.00.165,Motor Sequence Learning,,2025.1.1,59.934000706140935,2025-09-29 21h18.06.827883 +0530,
150,v,65,1,16,v,1,0.28809399995952845,None,16,1,65,1,,,,,119.5784056999255,,119.5624080998823,119.5784056999255,120.5627917998936,120.5627917998936,120.5627917998936,120.5627917998936,120.57884630002081,121.06233259988949,121.06233259988949,121.36451589991339,v,1,0.28809399995952845,None,,,,,005,001,2025-09-29_21h18.00.165,Motor Sequence Learning,,2025.1.1,59.934000706140935,2025-09-29 21h18.06.827883 +0530,
50,c,66,2,16,c,1,0.28793540014885366,None,16,2,66,2,,,,,121.37885309988633,,121.36524349986576,121.37885309988633,122.37934429990128,122.37934429990128,122.37934429990128,122.37934429990128,122.37934429990128,122.87857609987259,122.87857609987259,123.1793112999294,c,1,0.28793540014885366,None,,,,,005,001,2025-09-29_21h18.00.165,Motor Sequence Learning,,2025.1.1,59.934000706140935,2025-09-29 21h18.06.827883 +0530,
-150,z,67,3,16,z,1,0.10581970005296171,None,16,3,67,3,,,,,123.19520629988983,,123.17974379984662,123.19520629988983,124.17959349998273,124.17959349998273,124.17959349998273,124.17959349998273,124.19581769988872,124.67933139996603,124.67933139996603,124.7968961999286,z,1,0.10581970005296171,None,,,,,005,001,2025-09-29_21h18.00.165,Motor Sequence Learning,,2025.1.1,59.934000706140935,2025-09-29 21h18.06.827883 +0530,
-50,x,68,0,17,x,1,0.27815179992467165,None,17,0,68,0,,,,,124.81154669984244,,124.79760509985499,124.81154669984244,125.81219189986587,125.81219189986587,125.81219189986587,125.81219189986587,125.81219189986587,126.31217319983989,126.31217319983989,126.59700489998795,x,1,0.27815179992467165,None,,,,,005,001,2025-09-29_21h18.00.165,Motor Sequence Learning,,2025.1.1,59.934000706140935,2025-09-29 21h18.06.827883 +0530,
150,v,69,1,17,v,1,0.3153743001166731,None,17,1,69,1,,,,,126.61221119994298,,126.59760879981332,126.61221119994298,127.61169589986093,127.61169589986093,127.61169589986093,127.61169589986093,127.61169589986093,128.09602819988504,128.09602819988504,128.41436449997127,v,1,0.3153743001166731,None,,,,,005,001,2025-09-29_21h18.00.165,Motor Sequence Learning,,2025.1.1,59.934000706140935,2025-09-29 21h18.06.827883 +0530,
50,c,70,2,17,c,1,0.24893009988591075,None,17,2,70,2,,,,,128.42888259980828,,128.41493949992582,128.42888259980828,129.42999450000934,129.42999450000934,129.42999450000934,129.42999450000934,129.42999450000934,129.92931779986247,129.92931779986247,130.17959219985642,c,1,0.24893009988591075,None,,,,,005,001,2025-09-29_21h18.00.165,Motor Sequence Learning,,2025.1.1,59.934000706140935,2025-09-29 21h18.06.827883 +0530,
-150,z,71,3,17,z,1,0.2948543999809772,None,17,3,71,3,,,,,130.19522099988535,,130.18015569983982,130.19522099988535,131.17914369981736,131.17914369981736,131.17914369981736,131.17914369981736,131.19626239989884,131.6954583998304,131.6954583998304,131.99624489992857,z,1,0.2948543999809772,None,,,,,005,001,2025-09-29_21h18.00.165,Motor Sequence Learning,,2025.1.1,59.934000706140935,2025-09-29 21h18.06.827883 +0530,
-50,x,72,0,18,x,1,0.24069010000675917,None,18,0,72,0,,,,,132.01221149996854,,131.99660379998386,132.01221149996854,132.9961715999525,132.9961715999525,132.9961715999525,132.9961715999525,133.01272909995168,133.4951133998111,133.4951133998111,133.74708159989677,x,1,0.24069010000675917,None,,,,,005,001,2025-09-29_21h18.00.165,Motor Sequence Learning,,2025.1.1,59.934000706140935,2025-09-29 21h18.06.827883 +0530,
150,v,73,1,18,v,1,0.31700589996762574,None,18,1,73,1,,,,,133.76188599993475,,133.74756979988888,133.76188599993475,134.7625947999768,134.7625947999768,134.7625947999768,134.7625947999768,134.7625947999768,135.26130769983865,135.26130769983865,135.5813876998145,v,1,0.31700589996762574,None,,,,,005,001,2025-09-29_21h18.00.165,Motor Sequence Learning,,2025.1.1,59.934000706140935,2025-09-29 21h18.06.827883 +0530,
50,c,74,2,18,c,1,0.2712278999388218,None,18,2,74,2,,,,,135.595498399809,,135.5819631998893,135.595498399809,136.5954308998771,136.5954308998771,136.5954308998771,136.5954308998771,136.5954308998771,137.0960639999248,137.0960639999248,137.38050640001893,c,1,0.2712278999388218,None,,,,,005,001,2025-09-29_21h18.00.165,Motor Sequence Learning,,2025.1.1,59.934000706140935,2025-09-29 21h18.06.827883 +0530,
-150,z,75,3,18,z,1,0.199642299907282,None,18,3,75,3,,,,,137.39487139997073,,137.3810344999656,137.39487139997073,138.395158899948,138.395158899948,138.395158899948,138.395158899948,138.395158899948,138.89524489990436,138.89524489990436,139.09683669987135,z,1,0.199642299907282,None,,,,,005,001,2025-09-29_21h18.00.165,Motor Sequence Learning,,2025.1.1,59.934000706140935,2025-09-29 21h18.06.827883 +0530,
-50,x,76,0,19,x,1,0.28685400006361306,None,19,0,76,0,,,,,139.1123365999665,,139.09750909986906,139.1123365999665,140.1118046999909,140.1118046999909,140.1118046999909,140.1118046999909,140.1118046999909,140.6120413998142,140.6120413998142,140.9125131999608,x,1,0.28685400006361306,None,,,,,005,001,2025-09-29_21h18.00.165,Motor Sequence Learning,,2025.1.1,59.934000706140935,2025-09-29 21h18.06.827883 +0530,
150,v,77,1,19,v,1,0.3228825000114739,None,19,1,77,1,,,,,140.92802500003017,,140.91300179995596,140.92802500003017,141.912999099819,141.912999099819,141.912999099819,141.912999099819,141.92933589988388,142.41180659993552,142.41180659993552,142.747085099807,v,1,0.3228825000114739,None,,,,,005,001,2025-09-29_21h18.00.165,Motor Sequence Learning,,2025.1.1,59.934000706140935,2025-09-29 21h18.06.827883 +0530,
50,c,78,2,19,c,1,0.24516839999705553,None,19,2,78,2,,,,,142.76158849988133,,142.7476619000081,142.76158849988133,143.74560469994321,143.74560469994321,143.74560469994321,143.74560469994321,143.76260389992967,144.24720139987767,144.24720139987767,144.49608809989877,c,1,0.24516839999705553,None,,,,,005,001,2025-09-29_21h18.00.165,Motor Sequence Learning,,2025.1.1,59.934000706140935,2025-09-29 21h18.06.827883 +0530,
-150,z,79,3,19,z,1,0.2888501000124961,None,19,3,79,3,,,,,144.51151209999807,,144.49651379999705,144.51151209999807,145.49550780002028,145.49550780002028,145.49550780002028,145.49550780002028,145.512552900007,146.0120423999615,146.0120423999615,146.31299739982933,z,1,0.2888501000124961,None,,,,,005,001,2025-09-29_21h18.00.165,Motor Sequence Learning,,2025.1.1,59.934000706140935,2025-09-29 21h18.06.827883 +0530,
-50,x,80,0,20,x,1,0.29964100010693073,None,20,0,80,0,,,,,146.32791249989532,,146.31355129997246,146.32791249989532,147.31236999994144,147.31236999994144,147.31236999994144,147.31236999994144,147.329003599938,147.8121533000376,147.8121533000376,148.11363689997233,x,1,0.29964100010693073,None,,,,,005,001,2025-09-29_21h18.00.165,Motor Sequence Learning,,2025.1.1,59.934000706140935,2025-09-29 21h18.06.827883 +0530,
150,v,81,1,20,v,1,0.13686159998178482,None,20,1,81,1,,,,,148.12923209997825,,148.11441789986566,148.12923209997825,149.12838150002062,149.12838150002062,149.12838150002062,149.12838150002062,149.12838150002062,149.62912519997917,149.62912519997917,149.77958899992518,v,1,0.13686159998178482,None,,,,,005,001,2025-09-29_21h18.00.165,Motor Sequence Learning,,2025.1.1,59.934000706140935,2025-09-29 21h18.06.827883 +0530,
50,c,82,2,20,c,1,0.21394259994849563,None,20,2,82,2,,,,,149.79522999981418,,149.78006839985028,149.79522999981418,150.79514759988524,150.79514759988524,150.79514759988524,150.79514759988524,150.79514759988524,151.29502159985714,151.29502159985714,151.51295410003513,c,1,0.21394259994849563,None,,,,,005,001,2025-09-29_21h18.00.165,Motor Sequence Learning,,2025.1.1,59.934000706140935,2025-09-29 21h18.06.827883 +0530,
-150,z,83,3,20,z,1,0.23075799993239343,None,20,3,83,3,,,,,151.5275328999851,,151.51351669989526,151.5275328999851,152.52735290001146,152.52735290001146,152.52735290001146,152.52735290001146,152.52735290001146,153.01239119982347,153.01239119982347,153.24588319985196,z,1,0.23075799993239343,None,,,,,005,001,2025-09-29_21h18.00.165,Motor Sequence Learning,,2025.1.1,59.934000706140935,2025-09-29 21h18.06.827883 +0530,
-50,x,84,0,21,x,1,0.14187069982290268,None,21,0,84,0,,,,,153.2612954999786,,153.246267599985,153.2612954999786,154.2452771998942,154.2452771998942,154.2452771998942,154.2452771998942,154.2618454999756,154.76237299991772,154.76237299991772,154.91201599990018,x,1,0.14187069982290268,None,,,,,005,001,2025-09-29_21h18.00.165,Motor Sequence Learning,,2025.1.1,59.934000706140935,2025-09-29 21h18.06.827883 +0530,
150,v,85,1,21,v,1,0.29157550004310906,None,21,1,85,1,,,,,154.927560799988,,154.91254960000515,154.927560799988,155.9113936999347,155.9113936999347,155.9113936999347,155.9113936999347,155.92795169982128,156.410759099992,156.410759099992,156.71128319995478,v,1,0.29157550004310906,None,,,,,005,001,2025-09-29_21h18.00.165,Motor Sequence Learning,,2025.1.1,59.934000706140935,2025-09-29 21h18.06.827883 +0530,
50,c,86,2,21,c,1,0.24574419995769858,None,21,2,86,2,,,,,156.72725129988976,,156.71161450003274,156.72725129988976,157.71209229994565,157.71209229994565,157.71209229994565,157.71209229994565,157.72878120001405,158.21244129980914,158.21244129980914,158.46175229991786,c,1,0.24574419995769858,None,,,,,005,001,2025-09-29_21h18.00.165,Motor Sequence Learning,,2025.1.1,59.934000706140935,2025-09-29 21h18.06.827883 +0530,
-150,z,87,3,21,z,1,0.38059750013053417,None,21,3,87,3,,,,,158.47788649983704,,158.4621686998289,158.47788649983704,159.46201199991629,159.46201199991629,159.46201199991629,159.46201199991629,159.47898949985392,159.96138799982145,159.96138799982145,160.34589029988274,z,1,0.38059750013053417,None,,,,,005,001,2025-09-29_21h18.00.165,Motor Sequence Learning,,2025.1.1,59.934000706140935,2025-09-29 21h18.06.827883 +0530,
-50,x,88,0,22,x,1,0.2726524001918733,None,22,0,88,0,,,,,160.36113209999166,,160.3463840999175,160.36113209999166,161.36165699991398,161.36165699991398,161.36165699991398,161.36165699991398,161.36165699991398,161.84514639992267,161.84514639992267,162.12940700002946,x,1,0.2726524001918733,None,,,,,005,001,2025-09-29_21h18.00.165,Motor Sequence Learning,,2025.1.1,59.934000706140935,2025-09-29 21h18.06.827883 +0530,
150,v,89,1,22,v,1,0.2808119000401348,None,22,1,89,1,,,,,162.14440689980984,,162.13001049985178,162.14440689980984,163.14377039996907,163.14377039996907,163.14377039996907,163.14377039996907,163.14377039996907,163.62777459993958,163.62777459993958,163.9124637998175,v,1,0.2808119000401348,None,,,,,005,001,2025-09-29_21h18.00.165,Motor Sequence Learning,,2025.1.1,59.934000706140935,2025-09-29 21h18.06.827883 +0530,
50,c,90,2,22,c,1,0.2306095000822097,None,22,2,90,2,,,,,163.92711099982262,,163.9129871998448,163.92711099982262,164.91203160001896,164.91203160001896,164.91203160001896,164.91203160001896,164.92808549990878,165.41156749986112,165.41156749986112,165.64629279985093,c,1,0.2306095000822097,None,,,,,005,001,2025-09-29_21h18.00.165,Motor Sequence Learning,,2025.1.1,59.934000706140935,2025-09-29 21h18.06.827883 +0530,
-150,z,91,3,22,z,1,0.24161999998614192,None,22,3,91,3,,,,,165.66127419983968,,165.64667159994133,165.66127419983968,166.64568039984442,166.64568039984442,166.64568039984442,166.64568039984442,166.66273219999857,167.14551860000938,167.14551860000938,167.39497049991041,z,1,0.24161999998614192,None,,,,,005,001,2025-09-29_21h18.00.165,Motor Sequence Learning,,2025.1.1,59.934000706140935,2025-09-29 21h18.06.827883 +0530,
-50,x,92,0,23,x,1,0.225281200138852,None,23,0,92,0,,,,,167.41062109987251,,167.39547149999999,167.41062109987251,168.39469389989972,168.39469389989972,168.39469389989972,168.39469389989972,168.41134490002878,168.89600549987517,168.89600549987517,169.12960550002754,x,1,0.225281200138852,None,,,,,005,001,2025-09-29_21h18.00.165,Motor Sequence Learning,,2025.1.1,59.934000706140935,2025-09-29 21h18.06.827883 +0530,
150,v,93,1,23,v,1,0.4977414000313729,None,23,1,93,1,,,,,169.14529050001875,,169.13026149990037,169.14529050001875,170.14498969982378,170.14498969982378,170.14498969982378,170.14498969982378,170.14498969982378,170.62770639988594,170.62770639988594,171.12893119989894,v,1,0.4977414000313729,None,,,,,005,001,2025-09-29_21h18.00.165,Motor Sequence Learning,,2025.1.1,59.934000706140935,2025-09-29 21h18.06.827883 +0530,
50,c,94,2,23,c,1,0.2331008999608457,None,23,2,94,2,,,,,171.14540019980632,,171.12932499987073,171.14540019980632,172.13054299983196,172.13054299983196,172.13054299983196,172.13054299983196,172.1455544999335,172.6292818998918,172.6292818998918,172.87930659996346,c,1,0.2331008999608457,None,,,,,005,001,2025-09-29_21h18.00.165,Motor Sequence Learning,,2025.1.1,59.934000706140935,2025-09-29 21h18.06.827883 +0530,
-150,z,95,3,23,z,1,0.3753746000584215,None,23,3,95,3,,,,,172.89502189983614,,172.87978790001944,172.89502189983614,173.87881119991653,173.87881119991653,173.87881119991653,173.87881119991653,173.8944719999563,174.37754369992763,174.37754369992763,174.76170059992,z,1,0.3753746000584215,None,,,,,005,001,2025-09-29_21h18.00.165,Motor Sequence Learning,,2025.1.1,59.934000706140935,2025-09-29 21h18.06.827883 +0530,
-50,x,96,0,24,x,1,0.1802550998982042,None,24,0,96,0,,,,,174.77798459981568,,174.7620576999616,174.77798459981568,175.7600250998512,175.7600250998512,175.7600250998512,175.7600250998512,175.79361279984005,176.26128320000134,176.26128320000134,176.44580829981714,x,1,0.1802550998982042,None,,,,,005,001,2025-09-29_21h18.00.165,Motor Sequence Learning,,2025.1.1,59.934000706140935,2025-09-29 21h18.06.827883 +0530,
150,v,97,1,24,v,1,0.1575013999827206,None,24,1,97,1,,,,,176.46153580001555,,176.44634409993887,176.46153580001555,177.44452919997275,177.44452919997275,177.44452919997275,177.44452919997275,177.46148890000768,177.96102369995788,177.96102369995788,178.1286808999721,v,1,0.1575013999827206,None,,,,,005,001,2025-09-29_21h18.00.165,Motor Sequence Learning,,2025.1.1,59.934000706140935,2025-09-29 21h18.06.827883 +0530,
50,c,98,2,24,c,1,0.26882300013676286,None,24,2,98,2,,,,,178.14442319981754,,178.12924739997834,178.14442319981754,179.12949449988082,179.12949449988082,179.12949449988082,179.12949449988082,179.1451526999008,179.6280247999821,179.6280247999821,179.91310679982416,c,1,0.26882300013676286,None,,,,,005,001,2025-09-29_21h18.00.165,Motor Sequence Learning,,2025.1.1,59.934000706140935,2025-09-29 21h18.06.827883 +0530,
-150,z,99,3,24,z,1,0.41653970000334084,None,24,3,99,3,,,,,179.9285679999739,,179.913732299814,179.9285679999739,180.92776839993894,180.92776839993894,180.92776839993894,180.92776839993894,180.92776839993894,181.42800229997374,181.42800229997374,181.8470060999971,z,1,0.41653970000334084,None,,,,,005,001,2025-09-29_21h18.00.165,Motor Sequence Learning,,2025.1.1,59.934000706140935,2025-09-29 21h18.06.827883 +0530,
-50,x,100,0,25,x,1,0.28368090000003576,None,25,0,100,0,,,,,181.86078520002775,,181.84751019999385,181.86078520002775,182.86138429981656,182.86138429981656,182.86138429981656,182.86138429981656,182.86138429981656,183.3613497999031,183.3613497999031,183.64801969984546,x,1,0.28368090000003576,None,,,,,005,001,2025-09-29_21h18.00.165,Motor Sequence Learning,,2025.1.1,59.934000706140935,2025-09-29 21h18.06.827883 +0530,
150,v,101,1,25,v,1,0.17324819997884333,None,25,1,101,1,,,,,183.66137009998783,,183.64849379984662,183.66137009998783,184.66121489997022,184.66121489997022,184.66121489997022,184.66121489997022,184.66121489997022,185.1615712000057,185.1615712000057,185.34712549997494,v,1,0.17324819997884333,None,,,,,005,001,2025-09-29_21h18.00.165,Motor Sequence Learning,,2025.1.1,59.934000706140935,2025-09-29 21h18.06.827883 +0530,
50,c,102,2,25,c,1,0.2321737001184374,None,25,2,102,2,,,,,185.36160009982996,,185.34787920000963,185.36160009982996,186.36092099989764,186.36092099989764,186.36092099989764,186.36092099989764,186.3772547999397,186.86142369988374,186.86142369988374,187.09516979986802,c,1,0.2321737001184374,None,,,,,005,001,2025-09-29_21h18.00.165,Motor Sequence Learning,,2025.1.1,59.934000706140935,2025-09-29 21h18.06.827883 +0530,
-150,z,103,3,25,z,1,0.27424179995432496,None,25,3,103,3,,,,,187.11116830003448,,187.09552700002678,187.11116830003448,188.09484719997272,188.09484719997272,188.09484719997272,188.09484719997272,188.11164080002345,188.5942937999498,188.5942937999498,188.878479299834,z,1,0.27424179995432496,None,,,,,005,001,2025-09-29_21h18.00.165,Motor Sequence Learning,,2025.1.1,59.934000706140935,2025-09-29 21h18.06.827883 +0530,
-50,x,104,0,26,x,1,0.28883650014176965,None,26,0,104,0,,,,,188.89392789988779,,188.87900319998153,188.89392789988779,189.87879269989207,189.87879269989207,189.87879269989207,189.87879269989207,189.8943888999056,190.37829210003838,190.37829210003838,190.67877039988525,x,1,0.28883650014176965,None,,,,,005,001,2025-09-29_21h18.00.165,Motor Sequence Learning,,2025.1.1,59.934000706140935,2025-09-29 21h18.06.827883 +0530,
150,v,105,1,26,v,1,0.115451900055632,None,26,1,105,1,,,,,190.69562569982372,,190.679335599998,190.69562569982372,191.6783503999468,191.6783503999468,191.6783503999468,191.6783503999468,191.69487899984233,192.17834139987826,192.17834139987826,192.2949864999391,v,1,0.115451900055632,None,,,,,005,001,2025-09-29_21h18.00.165,Motor Sequence Learning,,2025.1.1,59.934000706140935,2025-09-29 21h18.06.827883 +0530,
50,c,106,2,26,c,1,0.2803049001377076,None,26,2,106,2,,,,,192.3116194999311,,192.29533359990455,192.3116194999311,193.29455899982713,193.29455899982713,193.29455899982713,193.29455899982713,193.31184390001,193.79516899981536,193.79516899981536,194.07810899987817,c,1,0.2803049001377076,None,,,,,005,001,2025-09-29_21h18.00.165,Motor Sequence Learning,,2025.1.1,59.934000706140935,2025-09-29 21h18.06.827883 +0530,
-150,z,107,3,26,z,1,0.2632064002100378,None,26,3,107,3,,,,,194.09375949995592,,194.0785295998212,194.09375949995592,195.07838199986145,195.07838199986145,195.07838199986145,195.07838199986145,195.09577289992012,195.5789613998495,195.5789613998495,195.84681569994427,z,1,0.2632064002100378,None,,,,,005,001,2025-09-29_21h18.00.165,Motor Sequence Learning,,2025.1.1,59.934000706140935,2025-09-29 21h18.06.827883 +0530,
-50,x,108,0,27,x,1,0.27922119991853833,None,27,0,108,0,,,,,195.86163559998386,,195.84734979993664,195.86163559998386,196.86212459998205,196.86212459998205,196.86212459998205,196.86212459998205,196.86212459998205,197.36229379987344,197.36229379987344,197.64526929985732,x,1,0.27922119991853833,None,,,,,005,001,2025-09-29_21h18.00.165,Motor Sequence Learning,,2025.1.1,59.934000706140935,2025-09-29 21h18.06.827883 +0530,
150,v,109,1,27,v,1,0.10454139998182654,None,27,1,109,1,,,,,197.66113050002605,,197.6456620998215,197.66113050002605,198.64471609983593,198.64471609983593,198.64471609983593,198.64471609983593,198.6609978999477,199.14535410003737,199.14535410003737,199.2638575998135,v,1,0.10454139998182654,None,,,,,005,001,2025-09-29_21h18.00.165,Motor Sequence Learning,,2025.1.1,59.934000706140935,2025-09-29 21h18.06.827883 +0530,
50,c,110,2,27,c,1,0.6315715000964701,None,27,2,110,2,,,,,199.27813679981045,,199.26446999982,199.27813679981045,200.27707589999773,200.27707589999773,200.27707589999773,200.27707589999773,200.27707589999773,200.77743619983084,200.77743619983084,201.41180549981073,c,1,0.6315715000964701,None,,,,,005,001,2025-09-29_21h18.00.165,Motor Sequence Learning,,2025.1.1,59.934000706140935,2025-09-29 21h18.06.827883 +0530,
-150,z,111,3,27,z,1,0.10562420007772744,None,27,3,111,3,,,,,201.42711049993522,,201.41215129988268,201.42711049993522,202.41113889985718,202.41113889985718,202.41113889985718,202.41113889985718,202.42842549993657,202.91139029990882,202.91139029990882,203.02878899988718,z,1,0.10562420007772744,None,,,,,005,001,2025-09-29_21h18.00.165,Motor Sequence Learning,,2025.1.1,59.934000706140935,2025-09-29 21h18.06.827883 +0530,
-50,x,112,0,28,x,1,0.3273566998541355,None,28,0,112,0,,,,,203.04442209983245,,203.02943110000342,203.04442209983245,204.02880999981426,204.02880999981426,204.02880999981426,204.02880999981426,204.04566999990493,204.52837529988028,204.52837529988028,204.86248299991712,x,1,0.3273566998541355,None,,,,,005,001,2025-09-29_21h18.00.165,Motor Sequence Learning,,2025.1.1,59.934000706140935,2025-09-29 21h18.06.827883 +0530,
150,v,113,1,28,v,1,0.28992450004443526,None,28,1,113,1,,,,,204.87731499993242,,204.86312809982337,204.87731499993242,205.8611733999569,205.8611733999569,205.8611733999569,205.8611733999569,205.87741539999843,206.37704429985024,206.37704429985024,206.67759109986946,v,1,0.28992450004443526,None,,,,,005,001,2025-09-29_21h18.00.165,Motor Sequence Learning,,2025.1.1,59.934000706140935,2025-09-29 21h18.06.827883 +0530,
50,c,114,2,28,c,1,0.2828216999769211,None,28,2,114,2,,,,,206.69403739995323,,206.67798199993558,206.69403739995323,207.6781115999911,207.6781115999911,207.6781115999911,207.6781115999911,207.69397409982048,208.17788499989547,208.17788499989547,208.46184619981796,c,1,0.2828216999769211,None,,,,,005,001,2025-09-29_21h18.00.165,Motor Sequence Learning,,2025.1.1,59.934000706140935,2025-09-29 21h18.06.827883 +0530,
-150,z,115,3,28,z,1,0.3995741999242455,None,28,3,115,3,,,,,208.47812219988555,,208.46246259985492,208.47812219988555,209.4618954998441,209.4618954998441,209.4618954998441,209.4618954998441,209.47833409998566,209.97735679987818,209.97735679987818,210.3788122998085,z,1,0.3995741999242455,None,,,,,005,001,2025-09-29_21h18.00.165,Motor Sequence Learning,,2025.1.1,59.934000706140935,2025-09-29 21h18.06.827883 +0530,
-50,x,116,0,29,x,1,0.4059761001262814,None,29,0,116,0,,,,,210.39383980003186,,210.379427799955,210.39383980003186,211.39504590001889,211.39504590001889,211.39504590001889,211.39504590001889,211.39504590001889,211.8944979000371,211.8944979000371,212.31143160001375,x,1,0.4059761001262814,None,,,,,005,001,2025-09-29_21h18.00.165,Motor Sequence Learning,,2025.1.1,59.934000706140935,2025-09-29 21h18.06.827883 +0530,
150,v,117,1,29,v,1,0.3391249000560492,None,29,1,117,1,,,,,212.32821119995788,,212.31182229984552,212.32821119995788,213.3116307000164,213.3116307000164,213.3116307000164,213.3116307000164,213.32759470003657,213.81058609997854,213.81058609997854,214.16113229980692,v,1,0.3391249000560492,None,,,,,005,001,2025-09-29_21h18.00.165,Motor Sequence Learning,,2025.1.1,59.934000706140935,2025-09-29 21h18.06.827883 +0530,
50,c,118,2,29,c,1,0.6569890999235213,None,29,2,118,2,,,,,214.17752979998477,,214.1616777998861,214.17752979998477,215.16150879999623,215.16150879999623,215.16150879999623,215.16150879999623,215.178932499839,215.6611990998499,215.6611990998499,216.327857399825,c,1,0.6569890999235213,None,,,,,005,001,2025-09-29_21h18.00.165,Motor Sequence Learning,,2025.1.1,59.934000706140935,2025-09-29 21h18.06.827883 +0530,
-150,z,119,3,29,z,1,0.3150677001103759,None,29,3,119,3,,,,,216.34345649997704,,216.32824940001592,216.34345649997704,217.32820339989848,217.32820339989848,217.32820339989848,217.32820339989848,217.3445600999985,217.8277928000316,217.8277928000316,218.14659229991958,z,1,0.3150677001103759,None,,,,,005,001,2025-09-29_21h18.00.165,Motor Sequence Learning,,2025.1.1,59.934000706140935,2025-09-29 21h18.06.827883 +0530,
-50,x,120,0,30,x,1,0.29824659996666014,None,30,0,120,0,,,,,218.16166349989362,,218.14710319996811,218.16166349989362,219.161822399823,219.161822399823,219.161822399823,219.161822399823,219.161822399823,219.6613209999632,219.6613209999632,219.96253919997253,x,1,0.29824659996666014,None,,,,,005,001,2025-09-29_21h18.00.165,Motor Sequence Learning,,2025.1.1,59.934000706140935,2025-09-29 21h18.06.827883 +0530,
150,v,121,1,30,v,1,0.33560680015943944,None,30,1,121,1,,,,,219.9777565000113,,219.9631246998906,219.9777565000113,220.97730649984442,220.97730649984442,220.97730649984442,220.97730649984442,220.97730649984442,221.47707689995877,221.47707689995877,221.8266359998379,v,1,0.33560680015943944,None,,,,,005,001,2025-09-29_21h18.00.165,Motor Sequence Learning,,2025.1.1,59.934000706140935,2025-09-29 21h18.06.827883 +0530,
50,c,122,2,30,c,1,0.23578440002165735,None,30,2,122,2,,,,,221.84294419991784,,221.82692030002363,221.84294419991784,222.82759709982201,222.82759709982201,222.82759709982201,222.82759709982201,222.84417029982433,223.32744609983638,223.32744609983638,223.57789229997434,c,1,0.23578440002165735,None,,,,,005,001,2025-09-29_21h18.00.165,Motor Sequence Learning,,2025.1.1,59.934000706140935,2025-09-29 21h18.06.827883 +0530,
-150,z,123,3,30,z,1,0.27049630018882453,None,30,3,123,3,,,,,223.59347169985995,,223.57830319995992,223.59347169985995,224.59384180000052,224.59384180000052,224.59384180000052,224.59384180000052,224.59384180000052,225.0772196999751,225.0772196999751,225.36114429985173,z,1,0.27049630018882453,None,,,,,005,001,2025-09-29_21h18.00.165,Motor Sequence Learning,,2025.1.1,59.934000706140935,2025-09-29 21h18.06.827883 +0530,
-50,x,124,0,31,x,1,0.3139168000780046,None,31,0,124,0,,,,,225.37716339994222,,225.36165239987895,225.37716339994222,226.3610733000096,226.3610733000096,226.3610733000096,226.3610733000096,226.37793509988114,226.86020829994231,226.86020829994231,227.17798569984734,x,1,0.3139168000780046,None,,,,,005,001,2025-09-29_21h18.00.165,Motor Sequence Learning,,2025.1.1,59.934000706140935,2025-09-29 21h18.06.827883 +0530,
150,v,125,1,31,v,1,0.271148799918592,None,31,1,125,1,,,,,227.19394319993444,,227.17838199995458,227.19394319993444,228.17799140000716,228.17799140000716,228.17799140000716,228.17799140000716,228.19428920000792,228.69414449995384,228.69414449995384,228.97876019985415,v,1,0.271148799918592,None,,,,,005,001,2025-09-29_21h18.00.165,Motor Sequence Learning,,2025.1.1,59.934000706140935,2025-09-29 21h18.06.827883 +0530,
50,c,126,2,31,c,1,0.2852847999893129,None,31,2,126,2,,,,,228.99448170000687,,228.97931650001556,228.99448170000687,229.99357069982216,229.99357069982216,229.99357069982216,229.99357069982216,229.99357069982216,230.49460229999386,230.49460229999386,230.7939308998175,c,1,0.2852847999893129,None,,,,,005,001,2025-09-29_21h18.00.165,Motor Sequence Learning,,2025.1.1,59.934000706140935,2025-09-29 21h18.06.827883 +0530,
-150,z,127,3,31,z,1,0.28931660018861294,None,31,3,127,3,,,,,230.81075829989277,,230.79432999994606,230.81075829989277,231.7936305999756,231.7936305999756,231.7936305999756,231.7936305999756,231.81008440000005,232.29324909998104,232.29324909998104,232.59392829984426,z,1,0.28931660018861294,None,,,,,005,001,2025-09-29_21h18.00.165,Motor Sequence Learning,,2025.1.1,59.934000706140935,2025-09-29 21h18.06.827883 +0530,
-50,x,128,0,32,x,1,0.29314319998957217,None,32,0,128,0,,,,,232.610189500032,,232.5942293999251,232.610189500032,233.5956321998965,233.5956321998965,233.5956321998965,233.5956321998965,233.60992880002595,234.09509389987215,234.09509389987215,234.3950970999431,x,1,0.29314319998957217,None,,,,,005,001,2025-09-29_21h18.00.165,Motor Sequence Learning,,2025.1.1,59.934000706140935,2025-09-29 21h18.06.827883 +0530,
150,v,129,1,32,v,1,0.36548519995994866,None,32,1,129,1,,,,,234.41087499982677,,234.3956783998292,234.41087499982677,235.40965469996445,235.40965469996445,235.40965469996445,235.40965469996445,235.40965469996445,235.91009269980714,235.91009269980714,236.277177099837,v,1,0.36548519995994866,None,,,,,005,001,2025-09-29_21h18.00.165,Motor Sequence Learning,,2025.1.1,59.934000706140935,2025-09-29 21h18.06.827883 +0530,
50,c,130,2,32,c,1,0.2505006000865251,None,32,2,130,2,,,,,236.29313489980996,,236.27770389989018,236.29313489980996,237.27782199997455,237.27782199997455,237.27782199997455,237.27782199997455,237.29426769982092,237.77821439993568,237.77821439993568,238.02950399997644,c,1,0.2505006000865251,None,,,,,005,001,2025-09-29_21h18.00.165,Motor Sequence Learning,,2025.1.1,59.934000706140935,2025-09-29 21h18.06.827883 +0530,
-150,z,131,3,32,z,1,0.30243049981072545,None,32,3,131,3,,,,,238.04434919985943,,238.03012549993582,238.04434919985943,239.04442940000445,239.04442940000445,239.04442940000445,239.04442940000445,239.04442940000445,239.54356909985654,239.54356909985654,239.86122939991765,z,1,0.30243049981072545,None,,,,,005,001,2025-09-29_21h18.00.165,Motor Sequence Learning,,2025.1.1,59.934000706140935,2025-09-29 21h18.06.827883 +0530,
-50,x,132,0,33,x,1,0.34120550006628036,None,33,0,132,0,,,,,239.8763145999983,,239.86166739999317,239.8763145999983,240.86124599981122,240.86124599981122,240.86124599981122,240.86124599981122,240.87721429998055,241.37658609985374,241.37658609985374,241.72723509999923,x,1,0.34120550006628036,None,,,,,005,001,2025-09-29_21h18.00.165,Motor Sequence Learning,,2025.1.1,59.934000706140935,2025-09-29 21h18.06.827883 +0530,
150,v,133,1,33,v,1,0.3306315001100302,None,33,1,133,1,,,,,241.7437550998293,,241.72763519990258,241.7437550998293,242.7274451998528,242.7274451998528,242.7274451998528,242.7274451998528,242.7449537999928,243.2270666998811,243.2270666998811,243.56155600002967,v,1,0.3306315001100302,None,,,,,005,001,2025-09-29_21h18.00.165,Motor Sequence Learning,,2025.1.1,59.934000706140935,2025-09-29 21h18.06.827883 +0530,
50,c,134,2,33,c,1,0.3294766000472009,None,33,2,134,2,,,,,243.57860909984447,,243.56198449991643,243.57860909984447,244.5604469999671,244.5604469999671,244.5604469999671,244.5604469999671,244.59418329992332,245.06103260000236,245.06103260000236,245.3953664000146,c,1,0.3294766000472009,None,,,,,005,001,2025-09-29_21h18.00.165,Motor Sequence Learning,,2025.1.1,59.934000706140935,2025-09-29 21h18.06.827883 +0530,
-150,z,135,3,33,z,1,0.322607500012964,None,33,3,135,3,,,,,245.41042699990794,,245.39583459985442,245.41042699990794,246.41083840001374,246.41083840001374,246.41083840001374,246.41083840001374,246.41083840001374,246.91028800001368,246.91028800001368,247.2439629000146,z,1,0.322607500012964,None,,,,,005,001,2025-09-29_21h18.00.165,Motor Sequence Learning,,2025.1.1,59.934000706140935,2025-09-29 21h18.06.827883 +0530,
-50,x,136,0,34,x,1,0.3298986000008881,None,34,0,136,0,,,,,247.26131609990261,,247.2442815999966,247.26131609990261,248.24440019996837,248.24440019996837,248.24440019996837,248.24440019996837,248.26255979994312,248.7440911999438,248.7440911999438,249.0791789998766,x,1,0.3298986000008881,None,,,,,005,001,2025-09-29_21h18.00.165,Motor Sequence Learning,,2025.1.1,59.934000706140935,2025-09-29 21h18.06.827883 +0530,
150,v,137,1,34,v,1,0.22128719999454916,None,34,1,137,1,,,,,249.0935064998921,,249.07970599993132,249.0935064998921,250.0939531000331,250.0939531000331,250.0939531000331,250.0939531000331,250.0939531000331,250.59384549991228,250.59384549991228,250.828334499849,v,1,0.22128719999454916,None,,,,,005,001,2025-09-29_21h18.00.165,Motor Sequence Learning,,2025.1.1,59.934000706140935,2025-09-29 21h18.06.827883 +0530,
50,c,138,2,34,c,1,0.2623858000151813,None,34,2,138,2,,,,,250.8435160999652,,250.82881179987453,250.8435160999652,251.8430231998209,251.8430231998209,251.8430231998209,251.8430231998209,251.8430231998209,252.32767649996094,252.32767649996094,252.594475899823,c,1,0.2623858000151813,None,,,,,005,001,2025-09-29_21h18.00.165,Motor Sequence Learning,,2025.1.1,59.934000706140935,2025-09-29 21h18.06.827883 +0530,
-150,z,139,3,34,z,1,0.20902419998310506,None,34,3,139,3,,,,,252.61066899984144,,252.59503369987942,252.61066899984144,253.59422309999354,253.59422309999354,253.59422309999354,253.59422309999354,253.61137749999762,254.0948505999986,254.0948505999986,254.31177739985287,z,1,0.20902419998310506,None,,,,,005,001,2025-09-29_21h18.00.165,Motor Sequence Learning,,2025.1.1,59.934000706140935,2025-09-29 21h18.06.827883 +0530,
-50,x,140,0,35,x,1,0.3334134998731315,None,35,0,140,0,,,,,254.32766820001416,,254.3123516999185,254.32766820001416,255.3266385998577,255.3266385998577,255.3266385998577,255.3266385998577,255.3266385998577,255.8270832998678,255.8270832998678,256.1775978000369,x,1,0.3334134998731315,None,,,,,005,001,2025-09-29_21h18.00.165,Motor Sequence Learning,,2025.1.1,59.934000706140935,2025-09-29 21h18.06.827883 +0530,
150,v,141,1,35,v,1,0.22167019988410175,None,35,1,141,1,,,,,256.19440209981985,,256.1780429999344,256.19440209981985,257.17749979998916,257.17749979998916,257.17749979998916,257.17749979998916,257.1935621998273,257.67731869989075,257.67731869989075,257.911819400033,v,1,0.22167019988410175,None,,,,,005,001,2025-09-29_21h18.00.165,Motor Sequence Learning,,2025.1.1,59.934000706140935,2025-09-29 21h18.06.827883 +0530,
50,c,142,2,35,c,1,0.2798291000071913,None,35,2,142,2,,,,,257.92702919989824,,257.91233969992027,257.92702919989824,258.910610999912,258.910610999912,258.910610999912,258.910610999912,258.92741389991716,259.42663689982146,259.42663689982146,259.7114130000118,c,1,0.2798291000071913,None,,,,,005,001,2025-09-29_21h18.00.165,Motor Sequence Learning,,2025.1.1,59.934000706140935,2025-09-29 21h18.06.827883 +0530,
-150,z,143,3,35,z,1,0.2646095999516547,None,35,3,143,3,,,,,259.72793309995905,,259.71188610000536,259.72793309995905,260.7261171999853,260.7261171999853,260.7261171999853,260.7261171999853,260.74323649983853,261.2266273999121,261.2266273999121,261.4942534000147,z,1,0.2646095999516547,None,,,,,005,001,2025-09-29_21h18.00.165,Motor Sequence Learning,,2025.1.1,59.934000706140935,2025-09-29 21h18.06.827883 +0530,
-50,x,144,0,36,x,1,0.6264573000371456,None,36,0,144,0,,,,,261.50925909983926,,261.49467499996535,261.50925909983926,262.50917019997723,262.50917019997723,262.50917019997723,262.50917019997723,262.50917019997723,263.01075509982184,263.01075509982184,263.64377429988235,x,1,0.6264573000371456,None,,,,,005,001,2025-09-29_21h18.00.165,Motor Sequence Learning,,2025.1.1,59.934000706140935,2025-09-29 21h18.06.827883 +0530,
150,v,145,1,36,v,1,0.3722334001213312,None,36,1,145,1,,,,,263.6593031999655,,263.64426700002514,263.6593031999655,264.6434978998732,264.6434978998732,264.6434978998732,264.6434978998732,264.66073070000857,265.1435850998387,265.1435850998387,265.52737899986096,v,1,0.3722334001213312,None,,,,,005,001,2025-09-29_21h18.00.165,Motor Sequence Learning,,2025.1.1,59.934000706140935,2025-09-29 21h18.06.827883 +0530,
50,c,146,2,36,c,1,0.36073990003205836,None,36,2,146,2,,,,,265.54294590000063,,265.52780799986795,265.54294590000063,266.5258106999099,266.5258106999099,266.5258106999099,266.5258106999099,266.5438765999861,267.0265795998275,267.0265795998275,267.3938749998342,c,1,0.36073990003205836,None,,,,,005,001,2025-09-29_21h18.00.165,Motor Sequence Learning,,2025.1.1,59.934000706140935,2025-09-29 21h18.06.827883 +0530,
-150,z,147,3,36,z,1,0.5265583000145853,None,36,3,147,3,,,,,267.4098852998577,,267.3942995998077,267.4098852998577,268.39358519995585,268.39358519995585,268.39358519995585,268.39358519995585,268.4100953999441,268.8932180998381,268.8932180998381,269.425896700006,z,1,0.5265583000145853,None,,,,,005,001,2025-09-29_21h18.00.165,Motor Sequence Learning,,2025.1.1,59.934000706140935,2025-09-29 21h18.06.827883 +0530,
-50,x,148,0,37,x,1,0.42079510004259646,None,37,0,148,0,,,,,269.44227409991436,,269.42614819994196,269.44227409991436,270.42618749989197,270.42618749989197,270.42618749989197,270.42618749989197,270.4433005999308,270.9260535999201,270.9260535999201,271.3592552000191,x,1,0.42079510004259646,None,,,,,005,001,2025-09-29_21h18.00.165,Motor Sequence Learning,,2025.1.1,59.934000706140935,2025-09-29 21h18.06.827883 +0530,
150,v,149,1,37,v,1,0.460459099849686,None,37,1,149,1,,,,,271.3759359999094,,271.3595412999857,271.3759359999094,272.3600343998987,272.3600343998987,272.3600343998987,272.3600343998987,272.377561399946,272.8603006999474,272.8603006999474,273.3268289999105,v,1,0.460459099849686,None,,,,,005,001,2025-09-29_21h18.00.165,Motor Sequence Learning,,2025.1.1,59.934000706140935,2025-09-29 21h18.06.827883 +0530,
50,c,150,2,37,c,1,0.33106280001811683,None,37,2,150,2,,,,,273.3427674998529,,273.3271836999338,273.3427674998529,274.32694529998116,274.32694529998116,274.32694529998116,274.32694529998116,274.34448460000567,274.827301699901,274.827301699901,275.16147009981796,c,1,0.33106280001811683,None,,,,,005,001,2025-09-29_21h18.00.165,Motor Sequence Learning,,2025.1.1,59.934000706140935,2025-09-29 21h18.06.827883 +0530,
-150,z,151,3,37,z,1,0.2888287999667227,None,37,3,151,3,,,,,275.17742419987917,,275.1620338000357,275.17742419987917,276.17583049996756,276.17583049996756,276.17583049996756,276.17583049996756,276.17583049996756,276.67596789984964,276.67596789984964,276.97621049988084,z,1,0.2888287999667227,None,,,,,005,001,2025-09-29_21h18.00.165,Motor Sequence Learning,,2025.1.1,59.934000706140935,2025-09-29 21h18.06.827883 +0530,
-50,x,152,0,38,x,1,0.41948199993930757,None,38,0,152,0,,,,,276.9924469999969,,276.9766404000111,276.9924469999969,277.97745210002176,277.97745210002176,277.97745210002176,277.97745210002176,277.9938540000003,278.47671529999934,278.47671529999934,278.9111462000292,x,1,0.41948199993930757,None,,,,,005,001,2025-09-29_21h18.00.165,Motor Sequence Learning,,2025.1.1,59.934000706140935,2025-09-29 21h18.06.827883 +0530,
150,v,153,1,38,v,1,0.3000302000436932,None,38,1,153,1,,,,,278.9266288999934,,278.91162439994514,278.9266288999934,279.9107595998794,279.9107595998794,279.9107595998794,279.9107595998794,279.9271762999706,280.4100301999133,280.4100301999133,280.71231499989517,v,1,0.3000302000436932,None,,,,,005,001,2025-09-29_21h18.00.165,Motor Sequence Learning,,2025.1.1,59.934000706140935,2025-09-29 21h18.06.827883 +0530,
50,c,154,2,38,c,1,0.29410080006346107,None,38,2,154,2,,,,,280.7269245998468,,280.71288269991055,280.7269245998468,281.7259321999736,281.7259321999736,281.7259321999736,281.7259321999736,281.7259321999736,282.22603939985856,282.22603939985856,282.5267949998379,c,1,0.29410080006346107,None,,,,,005,001,2025-09-29_21h18.00.165,Motor Sequence Learning,,2025.1.1,59.934000706140935,2025-09-29 21h18.06.827883 +0530,
-150,z,155,3,38,z,1,0.3246993999928236,None,38,3,155,3,,,,,282.5426343998406,,282.52723359991796,282.5426343998406,283.5420591000002,283.5420591000002,283.5420591000002,283.5420591000002,283.5420591000002,284.0268468998838,284.0268468998838,284.36164909997024,z,1,0.3246993999928236,None,,,,,005,001,2025-09-29_21h18.00.165,Motor Sequence Learning,,2025.1.1,59.934000706140935,2025-09-29 21h18.06.827883 +0530,
-50,x,156,0,39,x,1,0.30793739994987845,None,39,0,156,0,,,,,284.37659100000747,,284.3622035998851,284.37659100000747,285.3763621998951,285.3763621998951,285.3763621998951,285.3763621998951,285.3763621998951,285.861260100035,285.861260100035,286.1770291000139,x,1,0.30793739994987845,None,,,,,005,001,2025-09-29_21h18.00.165,Motor Sequence Learning,,2025.1.1,59.934000706140935,2025-09-29 21h18.06.827883 +0530,
150,v,157,1,39,v,1,0.23420879989862442,None,39,1,157,1,,,,,286.19244429981336,,286.17753699980676,286.19244429981336,287.1770629999228,287.1770629999228,287.1770629999228,287.1770629999228,287.1936510000378,287.6769512000028,287.6769512000028,287.9117946999613,v,1,0.23420879989862442,None,,,,,005,001,2025-09-29_21h18.00.165,Motor Sequence Learning,,2025.1.1,59.934000706140935,2025-09-29 21h18.06.827883 +0530,
50,c,158,2,39,c,1,0.10976560018025339,None,39,2,158,2,,,,,287.92694849986583,,287.91244799993,287.92694849986583,288.9276139999274,288.9276139999274,288.9276139999274,288.9276139999274,288.9276139999274,289.4272018999327,289.4272018999327,289.5444826998282,c,1,0.10976560018025339,None,,,,,005,001,2025-09-29_21h18.00.165,Motor Sequence Learning,,2025.1.1,59.934000706140935,2025-09-29 21h18.06.827883 +0530,
-150,z,159,3,39,z,1,0.35424979985691607,None,39,3,159,3,,,,,289.56057469989173,,289.54506189981475,289.56057469989173,290.5439373999834,290.5439373999834,290.5439373999834,290.5439373999834,290.5600166998338,291.0602454999462,291.0602454999462,291.42784829996526,z,1,0.35424979985691607,None,,,,,005,001,2025-09-29_21h18.00.165,Motor Sequence Learning,,2025.1.1,59.934000706140935,2025-09-29 21h18.06.827883 +0530,
-50,x,160,0,40,x,1,0.3764458999503404,None,40,0,160,0,,,,,291.4426819998771,,291.42849750001915,291.4426819998771,292.4271136999596,292.4271136999596,292.4271136999596,292.4271136999596,292.4444301999174,292.9265483999625,292.9265483999625,293.3113977999892,x,1,0.3764458999503404,None,,,,,005,001,2025-09-29_21h18.00.165,Motor Sequence Learning,,2025.1.1,59.934000706140935,2025-09-29 21h18.06.827883 +0530,
150,v,161,1,40,v,1,0.3305858999956399,None,40,1,161,1,,,,,293.32735849986784,,293.31222980003804,293.32735849986784,294.3261052998714,294.3261052998714,294.3261052998714,294.3261052998714,294.3423341999296,294.82605889998376,294.82605889998376,295.1610667000059,v,1,0.3305858999956399,None,,,,,005,001,2025-09-29_21h18.00.165,Motor Sequence Learning,,2025.1.1,59.934000706140935,2025-09-29 21h18.06.827883 +0530,
50,c,162,2,40,c,1,0.30198030010797083,None,40,2,162,2,,,,,295.1751812999137,,295.1614757999778,295.1751812999137,296.1598298999015,296.1598298999015,296.1598298999015,296.1598298999015,296.17570499982685,296.6595544000156,296.6595544000156,296.97743789991364,c,1,0.30198030010797083,None,,,,,005,001,2025-09-29_21h18.00.165,Motor Sequence Learning,,2025.1.1,59.934000706140935,2025-09-29 21h18.06.827883 +0530,
-150,z,163,3,40,z,1,0.2872974001802504,None,40,3,163,3,,,,,296.9926171998959,,296.978000999894,296.9926171998959,297.9765780000016,297.9765780000016,297.9765780000016,297.9765780000016,297.9931734998245,298.4774211999029,298.4774211999029,298.7768569998443,z,1,0.2872974001802504,None,,,,,005,001,2025-09-29_21h18.00.165,Motor Sequence Learning,,2025.1.1,59.934000706140935,2025-09-29 21h18.06.827883 +0530,
-50,x,164,0,41,x,1,0.3588298000395298,None,41,0,164,0,,,,,298.79256660002284,,298.77725119981915,298.79256660002284,299.7759604998864,299.7759604998864,299.7759604998864,299.7759604998864,299.793429199839,300.27601349982433,300.27601349982433,300.64430439984426,x,1,0.3588298000395298,None,,,,,005,001,2025-09-29_21h18.00.165,Motor Sequence Learning,,2025.1.1,59.934000706140935,2025-09-29 21h18.06.827883 +0530,
150,v,165,1,41,v,1,0.369961200049147,None,41,1,165,1,,,,,300.6604051999748,,300.6447161999531,300.6604051999748,301.660491499817,301.660491499817,301.660491499817,301.660491499817,301.6772695998661,302.1593398998957,302.1593398998957,302.5429407998454,v,1,0.369961200049147,None,,,,,005,001,2025-09-29_21h18.00.165,Motor Sequence Learning,,2025.1.1,59.934000706140935,2025-09-29 21h18.06.827883 +0530,
50,c,166,2,41,c,1,0.3045665000099689,None,41,2,166,2,,,,,302.55858889990486,,302.5433451998979,302.55858889990486,303.5431943999138,303.5431943999138,303.5431943999138,303.5431943999138,303.55951649998315,304.0434633998666,304.0434633998666,304.3613837999292,c,1,0.3045665000099689,None,,,,,005,001,2025-09-29_21h18.00.165,Motor Sequence Learning,,2025.1.1,59.934000706140935,2025-09-29 21h18.06.827883 +0530,
-150,z,167,3,41,z,1,0.27992080012336373,None,41,3,167,3,,,,,304.37574519985355,,304.36187799996696,304.37574519985355,305.3763649999164,305.3763649999164,305.3763649999164,305.3763649999164,305.3763649999164,305.8764614998363,305.8764614998363,306.16046039992943,z,1,0.27992080012336373,None,,,,,005,001,2025-09-29_21h18.00.165,Motor Sequence Learning,,2025.1.1,59.934000706140935,2025-09-29 21h18.06.827883 +0530,
-50,x,168,0,42,x,1,0.28359080012887716,None,42,0,168,0,,,,,306.1758671000134,,306.16080469987355,306.1758671000134,307.15986679983325,307.15986679983325,307.15986679983325,307.15986679983325,307.17712719994597,307.65984039986506,307.65984039986506,307.944391899975,x,1,0.28359080012887716,None,,,,,005,001,2025-09-29_21h18.00.165,Motor Sequence Learning,,2025.1.1,59.934000706140935,2025-09-29 21h18.06.827883 +0530,
150,v,169,1,42,v,1,0.30168139981105924,None,42,1,169,1,,,,,307.9598277998157,,307.9449469000101,307.9598277998157,308.95834929984994,308.95834929984994,308.95834929984994,308.95834929984994,308.95834929984994,309.44280870002694,309.44280870002694,309.7612444998231,v,1,0.30168139981105924,None,,,,,005,001,2025-09-29_21h18.00.165,Motor Sequence Learning,,2025.1.1,59.934000706140935,2025-09-29 21h18.06.827883 +0530,
50,c,170,2,42,c,1,0.3055432999972254,None,42,2,170,2,,,,,309.7762173998635,,309.7618542998098,309.7762173998635,310.77671459992416,310.77671459992416,310.77671459992416,310.77671459992416,310.77671459992416,311.2766662999056,311.2766662999056,311.59430789994076,c,1,0.3055432999972254,None,,,,,005,001,2025-09-29_21h18.00.165,Motor Sequence Learning,,2025.1.1,59.934000706140935,2025-09-29 21h18.06.827883 +0530,
-150,z,171,3,42,z,1,0.31549550010822713,None,42,3,171,3,,,,,311.6095972999465,,311.59480779990554,311.6095972999465,312.59274699981324,312.59274699981324,312.59274699981324,312.59274699981324,312.6101326998323,313.10875699995086,313.10875699995086,313.42695749993436,z,1,0.31549550010822713,None,,,,,005,001,2025-09-29_21h18.00.165,Motor Sequence Learning,,2025.1.1,59.934000706140935,2025-09-29 21h18.06.827883 +0530,
-50,x,172,0,43,x,1,0.2816333998925984,None,43,0,172,0,,,,,313.44192509981804,,313.42742169997655,313.44192509981804,314.42594819981605,314.42594819981605,314.42594819981605,314.42594819981605,314.4425714998506,314.9265788998455,314.9265788998455,315.2107235000003,x,1,0.2816333998925984,None,,,,,005,001,2025-09-29_21h18.00.165,Motor Sequence Learning,,2025.1.1,59.934000706140935,2025-09-29 21h18.06.827883 +0530,
150,v,173,1,43,v,1,0.27877199999056756,None,43,1,173,1,,,,,315.2251380998641,,315.2111239999067,315.2251380998641,316.2265311998781,316.2265311998781,316.2265311998781,316.2265311998781,316.2265311998781,316.7098789999727,316.7098789999727,316.9936844999902,v,1,0.27877199999056756,None,,,,,005,001,2025-09-29_21h18.00.165,Motor Sequence Learning,,2025.1.1,59.934000706140935,2025-09-29 21h18.06.827883 +0530,
50,c,174,2,43,c,1,0.29918959992937744,None,43,2,174,2,,,,,317.0090141999535,,316.9942991998978,317.0090141999535,317.9931172998622,317.9931172998622,317.9931172998622,317.9931172998622,318.00996309984475,318.4930103998631,318.4930103998631,318.7943302998319,c,1,0.29918959992937744,None,,,,,005,001,2025-09-29_21h18.00.165,Motor Sequence Learning,,2025.1.1,59.934000706140935,2025-09-29 21h18.06.827883 +0530,
-150,z,175,3,43,z,1,0.3353953999467194,None,43,3,175,3,,,,,318.80985019984655,,318.79479079996236,318.80985019984655,319.79317399999127,319.79317399999127,319.79317399999127,319.79317399999127,319.8100974999834,320.2928644998465,320.2928644998465,320.64412389998324,z,1,0.3353953999467194,None,,,,,005,001,2025-09-29_21h18.00.165,Motor Sequence Learning,,2025.1.1,59.934000706140935,2025-09-29 21h18.06.827883 +0530,
-50,x,176,0,44,x,1,0.26753400010056794,None,44,0,176,0,,,,,320.66017159982584,,320.6448454998899,320.66017159982584,321.6587352999486,321.6587352999486,321.6587352999486,321.6587352999486,321.67600899981335,322.1597186999861,322.1597186999861,322.4435351998545,x,1,0.26753400010056794,None,,,,,005,001,2025-09-29_21h18.00.165,Motor Sequence Learning,,2025.1.1,59.934000706140935,2025-09-29 21h18.06.827883 +0530,
150,v,177,1,44,v,1,0.3816670998930931,None,44,1,177,1,,,,,322.4589980999008,,322.44402549997903,322.4589980999008,323.459260399919,323.459260399919,323.459260399919,323.459260399919,323.459260399919,323.95961289992556,323.95961289992556,324.3444097000174,v,1,0.3816670998930931,None,,,,,005,001,2025-09-29_21h18.00.165,Motor Sequence Learning,,2025.1.1,59.934000706140935,2025-09-29 21h18.06.827883 +0530,
50,c,178,2,44,c,1,0.14153529983013868,None,44,2,178,2,,,,,324.35992279998027,,324.3448735999409,324.35992279998027,325.34297569980845,325.34297569980845,325.34297569980845,325.34297569980845,325.35921939997934,325.8584484998137,325.8584484998137,326.0103489998728,c,1,0.14153529983013868,None,,,,,005,001,2025-09-29_21h18.00.165,Motor Sequence Learning,,2025.1.1,59.934000706140935,2025-09-29 21h18.06.827883 +0530,
-150,z,179,3,44,z,1,0.24841540004126728,None,44,3,179,3,,,,,326.0273504999932,,326.0108423999045,326.0273504999932,327.0262311999686,327.0262311999686,327.0262311999686,327.0262311999686,327.0262311999686,327.52629729988985,327.52629729988985,327.77776949992403,z,1,0.24841540004126728,None,,,,,005,001,2025-09-29_21h18.00.165,Motor Sequence Learning,,2025.1.1,59.934000706140935,2025-09-29 21h18.06.827883 +0530,
-50,x,180,0,45,x,1,0.26107230014167726,None,45,0,180,0,,,,,327.7931341000367,,327.7782308999449,327.7931341000367,328.7921352998819,328.7921352998819,328.7921352998819,328.7921352998819,328.7921352998819,329.29170940001495,329.29170940001495,329.5600049998611,x,1,0.26107230014167726,None,,,,,005,001,2025-09-29_21h18.00.165,Motor Sequence Learning,,2025.1.1,59.934000706140935,2025-09-29 21h18.06.827883 +0530,
150,v,181,1,45,v,1,0.2737962999381125,None,45,1,181,1,,,,,329.57556839985773,,329.56052790000103,329.57556839985773,330.5755526998546,330.5755526998546,330.5755526998546,330.5755526998546,330.5755526998546,331.07549359998666,331.07549359998666,331.35911739990115,v,1,0.2737962999381125,None,,,,,005,001,2025-09-29_21h18.00.165,Motor Sequence Learning,,2025.1.1,59.934000706140935,2025-09-29 21h18.06.827883 +0530,
50,c,182,2,45,c,1,0.20776330004446208,None,45,2,182,2,,,,,331.37563999998383,,331.359434499871,331.37563999998383,332.3591016000137,332.3591016000137,332.3591016000137,332.3591016000137,332.3764406000264,332.8593029999174,332.8593029999174,333.07671089982614,c,1,0.20776330004446208,None,,,,,005,001,2025-09-29_21h18.00.165,Motor Sequence Learning,,2025.1.1,59.934000706140935,2025-09-29 21h18.06.827883 +0530,
-150,z,183,3,45,z,1,0.22083489992655814,None,45,3,183,3,,,,,333.0923492999282,,333.0772151998244,333.0923492999282,334.0762961998116,334.0762961998116,334.0762961998116,334.0762961998116,334.09260679990984,334.57636679988354,334.57636679988354,334.8102585999295,z,1,0.22083489992655814,None,,,,,005,001,2025-09-29_21h18.00.165,Motor Sequence Learning,,2025.1.1,59.934000706140935,2025-09-29 21h18.06.827883 +0530,
-50,x,184,0,46,x,1,0.39128330000676215,None,46,0,184,0,,,,,334.82571969996206,,334.8107677998487,334.82571969996206,335.80927119986154,335.80927119986154,335.80927119986154,335.80927119986154,335.8263699999079,336.30894599994645,336.30894599994645,336.7110654998105,x,1,0.39128330000676215,None,,,,,005,001,2025-09-29_21h18.00.165,Motor Sequence Learning,,2025.1.1,59.934000706140935,2025-09-29 21h18.06.827883 +0530,
150,v,185,1,46,v,1,0.3119241998065263,None,46,1,185,1,,,,,336.7247619999107,,336.7116528998595,336.7247619999107,337.72500639990903,337.72500639990903,337.72500639990903,337.72500639990903,337.72500639990903,338.2259146999568,338.2259146999568,338.5420493998099,v,1,0.3119241998065263,None,,,,,005,001,2025-09-29_21h18.00.165,Motor Sequence Learning,,2025.1.1,59.934000706140935,2025-09-29 21h18.06.827883 +0530,
50,c,186,2,46,c,1,0.2880736000370234,None,46,2,186,2,,,,,338.558802699903,,338.54239189997315,338.558802699903,339.54267550003715,339.54267550003715,339.54267550003715,339.54267550003715,339.5592477999162,340.0435551998671,340.0435551998671,340.3427106998861,c,1,0.2880736000370234,None,,,,,005,001,2025-09-29_21h18.00.165,Motor Sequence Learning,,2025.1.1,59.934000706140935,2025-09-29 21h18.06.827883 +0530,
-150,z,187,3,46,z,1,0.31154810008592904,None,46,3,187,3,,,,,340.35984209994785,,340.34319019992836,340.35984209994785,341.3429361998569,341.3429361998569,341.3429361998569,341.3429361998569,341.35903689987026,341.84224459994584,341.84224459994584,342.15803169994615,z,1,0.31154810008592904,None,,,,,005,001,2025-09-29_21h18.00.165,Motor Sequence Learning,,2025.1.1,59.934000706140935,2025-09-29 21h18.06.827883 +0530,
-50,x,188,0,47,x,1,0.25131910014897585,None,47,0,188,0,,,,,342.1744717999827,,342.1582915999461,342.1744717999827,343.1583249999676,343.1583249999676,343.1583249999676,343.1583249999676,343.17544319992885,343.65888289990835,343.65888289990835,343.92568279989064,x,1,0.25131910014897585,None,,,,,005,001,2025-09-29_21h18.00.165,Motor Sequence Learning,,2025.1.1,59.934000706140935,2025-09-29 21h18.06.827883 +0530,
150,v,189,1,47,v,1,0.1899864999577403,None,47,1,189,1,,,,,343.9424371998757,,343.9260856998153,343.9424371998757,344.9409531999845,344.9409531999845,344.9409531999845,344.9409531999845,344.95759719982743,345.4248184999451,345.4248184999451,345.62586889998056,v,1,0.1899864999577403,None,,,,,005,001,2025-09-29_21h18.00.165,Motor Sequence Learning,,2025.1.1,59.934000706140935,2025-09-29 21h18.06.827883 +0530,
50,c,190,2,47,c,1,0.23199480003677309,None,47,2,190,2,,,,,345.64178659999743,,345.62625520001166,345.64178659999743,346.6418408998288,346.6418408998288,346.6418408998288,346.6418408998288,346.6418408998288,347.12544539989904,347.12544539989904,347.35911329998635,c,1,0.23199480003677309,None,,,,,005,001,2025-09-29_21h18.00.165,Motor Sequence Learning,,2025.1.1,59.934000706140935,2025-09-29 21h18.06.827883 +0530,
-150,z,191,3,47,z,1,0.21028040000237525,None,47,3,191,3,,,,,347.37533489987254,,347.3595135998912,347.37533489987254,348.35856429999694,348.35856429999694,348.35856429999694,348.35856429999694,348.3752923000138,348.85806699981913,348.85806699981913,349.07585739996284,z,1,0.21028040000237525,None,,,,,005,001,2025-09-29_21h18.00.165,Motor Sequence Learning,,2025.1.1,59.934000706140935,2025-09-29 21h18.06.827883 +0530,
-50,x,192,0,48,x,1,0.2654526000842452,None,48,0,192,0,,,,,349.09128129994497,,349.07634139992297,349.09128129994497,350.0919135999866,350.0919135999866,350.0919135999866,350.0919135999866,350.0919135999866,350.57515049981885,350.57515049981885,350.84366499981843,x,1,0.2654526000842452,None,,,,,005,001,2025-09-29_21h18.00.165,Motor Sequence Learning,,2025.1.1,59.934000706140935,2025-09-29 21h18.06.827883 +0530,
150,v,193,1,48,v,1,0.49641080014407635,None,48,1,193,1,,,,,350.85954139987007,,350.84417599998415,350.85954139987007,351.85907799983397,351.85907799983397,351.85907799983397,351.85907799983397,351.85907799983397,352.3428100999445,352.3428100999445,352.8440753000323,v,1,0.49641080014407635,None,,,,,005,001,2025-09-29_21h18.00.165,Motor Sequence Learning,,2025.1.1,59.934000706140935,2025-09-29 21h18.06.827883 +0530,
50,c,194,2,48,c,1,0.29737209994345903,None,48,2,194,2,,,,,352.85870959982276,,352.8446885999292,352.85870959982276,353.858599799918,353.858599799918,353.858599799918,353.858599799918,353.858599799918,354.35818569990806,354.35818569990806,354.65938039985485,c,1,0.29737209994345903,None,,,,,005,001,2025-09-29_21h18.00.165,Motor Sequence Learning,,2025.1.1,59.934000706140935,2025-09-29 21h18.06.827883 +0530,
-150,z,195,3,48,z,1,0.2921082000248134,None,48,3,195,3,,,,,354.67484629992396,,354.659773199819,354.67484629992396,355.6598068999592,355.6598068999592,355.6598068999592,355.6598068999592,355.6762143999804,356.1587510998361,356.1587510998361,356.46088199992664,z,1,0.2921082000248134,None,,,,,005,001,2025-09-29_21h18.00.165,Motor Sequence Learning,,2025.1.1,59.934000706140935,2025-09-29 21h18.06.827883 +0530,
-50,x,196,0,49,x,1,0.26157460012473166,None,49,0,196,0,,,,,356.4762710998766,,356.46142509998754,356.4762710998766,357.47621520003304,357.47621520003304,357.47621520003304,357.47621520003304,357.47621520003304,357.976051799953,357.976051799953,358.2432546999771,x,1,0.26157460012473166,None,,,,,005,001,2025-09-29_21h18.00.165,Motor Sequence Learning,,2025.1.1,59.934000706140935,2025-09-29 21h18.06.827883 +0530,
150,v,197,1,49,v,1,0.34357380005531013,None,49,1,197,1,,,,,358.2589262998663,,358.2438026999589,358.2589262998663,359.26007199985906,359.26007199985906,359.26007199985906,359.26007199985906,359.26007199985906,359.75789949996397,359.75789949996397,360.10900880000554,v,1,0.34357380005531013,None,,,,,005,001,2025-09-29_21h18.00.165,Motor Sequence Learning,,2025.1.1,59.934000706140935,2025-09-29 21h18.06.827883 +0530,
50,c,198,2,49,c,1,0.3122135999146849,None,49,2,198,2,,,,,360.1255661000032,,360.1093939000275,360.1255661000032,361.10833349986933,361.10833349986933,361.10833349986933,361.10833349986933,361.1254459999036,361.60876039997675,361.60876039997675,361.9265089998953,c,1,0.3122135999146849,None,,,,,005,001,2025-09-29_21h18.00.165,Motor Sequence Learning,,2025.1.1,59.934000706140935,2025-09-29 21h18.06.827883 +0530,
-150,z,199,3,49,z,1,0.3034924999810755,None,49,3,199,3,,,,,361.9413723000325,,361.9270424998831,361.9413723000325,362.9261177999433,362.9261177999433,362.9261177999433,362.9261177999433,362.9423702999484,363.441922100028,363.441922100028,363.76032199990004,z,1,0.3034924999810755,None,,,,,005,001,2025-09-29_21h18.00.165,Motor Sequence Learning,,2025.1.1,59.934000706140935,2025-09-29 21h18.06.827883 +0530,
-50,x,0,0,0,x,1,0.29711839999072254,None,,,,,0,0,0,0,363.77445419994183,,363.76952539989725,363.77445419994183,364.77671639993787,364.77671639993787,364.77671639993787,364.77671639993787,364.77671639993787,365.27521230001,365.27521230001,365.5768323999364,,,,,x,1,0.29711839999072254,None,005,001,2025-09-29_21h18.00.165,Motor Sequence Learning,,2025.1.1,59.934000706140935,2025-09-29 21h18.06.827883 +0530,
-150,z,1,1,0,z,1,0.5487472000531852,None,,,,,0,1,1,3,365.59270949987695,,365.57734399987385,365.59270949987695,366.591606099857,366.591606099857,366.591606099857,366.591606099857,366.591606099857,367.09255379997194,367.09255379997194,367.64292569993995,,,,,z,1,0.5487472000531852,None,005,001,2025-09-29_21h18.00.165,Motor Sequence Learning,,2025.1.1,59.934000706140935,2025-09-29 21h18.06.827883 +0530,
150,v,2,2,0,v,1,0.5380687001161277,None,,,,,0,2,2,1,367.65902179991826,,367.6435165000148,367.65902179991826,368.6415603000205,368.6415603000205,368.6415603000205,368.6415603000205,368.6587169999257,369.15808969992213,369.15808969992213,369.70894309994765,,,,,v,1,0.5380687001161277,None,005,001,2025-09-29_21h18.00.165,Motor Sequence Learning,,2025.1.1,59.934000706140935,2025-09-29 21h18.06.827883 +0530,
-150,z,3,3,1,z,1,0.4320276998914778,None,,,,,1,3,3,3,369.7254359999206,,369.7093654999044,369.7254359999206,370.7086376999505,370.7086376999505,370.7086376999505,370.7086376999505,370.7254605998751,371.20868949987926,371.20868949987926,371.642546299845,,,,,z,1,0.4320276998914778,None,005,001,2025-09-29_21h18.00.165,Motor Sequence Learning,,2025.1.1,59.934000706140935,2025-09-29 21h18.06.827883 +0530,
150,v,4,4,1,v,1,0.3643275999929756,None,,,,,1,4,4,1,371.65867179981433,,371.64310809993185,371.65867179981433,372.6424630000256,372.6424630000256,372.6424630000256,372.6424630000256,372.6594216998201,373.1417417000048,373.1417417000048,373.51048829988576,,,,,v,1,0.3643275999929756,None,005,001,2025-09-29_21h18.00.165,Motor Sequence Learning,,2025.1.1,59.934000706140935,2025-09-29 21h18.06.827883 +0530,
-50,x,5,5,1,x,1,0.3666731999255717,None,,,,,1,5,5,0,373.5248008999042,,373.51115429983474,373.5248008999042,374.52434809994884,374.52434809994884,374.52434809994884,374.52434809994884,374.52434809994884,375.0099068998825,375.0099068998825,375.3921024999581,,,,,x,1,0.3666731999255717,None,005,001,2025-09-29_21h18.00.165,Motor Sequence Learning,,2025.1.1,59.934000706140935,2025-09-29 21h18.06.827883 +0530,
-50,x,6,6,2,x,1,0.48541269986890256,None,,,,,2,6,6,0,375.4084858999122,,375.39254149980843,375.4084858999122,376.3919456999283,376.3919456999283,376.3919456999283,376.3919456999283,376.40840509999543,376.8915158000309,376.8915158000309,377.39213479985483,,,,,x,1,0.48541269986890256,None,005,001,2025-09-29_21h18.00.165,Motor Sequence Learning,,2025.1.1,59.934000706140935,2025-09-29 21h18.06.827883 +0530,
-150,z,7,7,2,z,1,0.5007911999709904,None,,,,,2,7,7,3,377.4090115998406,,377.39263799996115,377.4090115998406,378.39210089994594,378.39210089994594,378.39210089994594,378.39210089994594,378.40911370003596,378.89277329994366,378.89277329994366,379.3943456998095,,,,,z,1,0.5007911999709904,None,005,001,2025-09-29_21h18.00.165,Motor Sequence Learning,,2025.1.1,59.934000706140935,2025-09-29 21h18.06.827883 +0530,
-150,z,8,8,3,z,1,0.3956936001777649,None,,,,,3,8,8,3,379.40807030000724,,379.39495699992403,379.40807030000724,380.4086612998508,380.4086612998508,380.4086612998508,380.4086612998508,380.4086612998508,380.90757089992985,380.90757089992985,381.30932889995165,,,,,z,1,0.3956936001777649,None,005,001,2025-09-29_21h18.00.165,Motor Sequence Learning,,2025.1.1,59.934000706140935,2025-09-29 21h18.06.827883 +0530,
-150,z,9,9,4,z,1,0.4533400998916477,None,,,,,4,9,9,3,381.3258215999231,,381.3098947999533,381.3258215999231,382.32582449982874,382.32582449982874,382.32582449982874,382.32582449982874,382.32582449982874,382.82518419995904,382.82518419995904,383.2914851999376,,,,,z,1,0.4533400998916477,None,005,001,2025-09-29_21h18.00.165,Motor Sequence Learning,,2025.1.1,59.934000706140935,2025-09-29 21h18.06.827883 +0530,
150,v,10,10,2,v,1,0.4493582001887262,None,,,,,2,10,10,1,383.30811619991437,,383.2918801999185,383.30811619991437,384.2911681998521,384.2911681998521,384.2911681998521,384.2911681998521,384.308817199897,384.791895999806,384.791895999806,385.2440547000151,,,,,v,1,0.4493582001887262,None,005,001,2025-09-29_21h18.00.165,Motor Sequence Learning,,2025.1.1,59.934000706140935,2025-09-29 21h18.06.827883 +0530,
50,c,11,11,0,c,1,0.6266797999851406,None,,,,,0,11,11,2,385.25809050002135,,385.244586299872,385.25809050002135,386.25942909996957,386.25942909996957,386.25942909996957,386.25942909996957,386.25942909996957,386.7584675999824,386.7584675999824,387.39144319994375,,,,,c,1,0.6266797999851406,None,005,001,2025-09-29_21h18.00.165,Motor Sequence Learning,,2025.1.1,59.934000706140935,2025-09-29 21h18.06.827883 +0530,
50,c,12,12,1,c,1,0.451848299941048,None,,,,,1,12,12,2,387.4072286998853,,387.3918735999614,387.4072286998853,388.39230029983446,388.39230029983446,388.39230029983446,388.39230029983446,388.4083566998597,388.89191020000726,388.89191020000726,389.3581679998897,,,,,c,1,0.451848299941048,None,005,001,2025-09-29_21h18.00.165,Motor Sequence Learning,,2025.1.1,59.934000706140935,2025-09-29 21h18.06.827883 +0530,
-150,z,13,13,5,z,1,0.4490936999209225,None,,,,,5,13,13,3,389.37413509981707,,389.35859590000473,389.37413509981707,390.358468899969,390.358468899969,390.358468899969,390.358468899969,390.37495329999365,390.8573495999444,390.8573495999444,391.309471399989,,,,,z,1,0.4490936999209225,None,005,001,2025-09-29_21h18.00.165,Motor Sequence Learning,,2025.1.1,59.934000706140935,2025-09-29 21h18.06.827883 +0530,
150,v,14,14,3,v,1,0.36630110000260174,None,,,,,3,14,14,1,391.323748299852,,391.30985559988767,391.323748299852,392.3249526999425,392.3249526999425,392.3249526999425,392.3249526999425,392.3249526999425,392.82509339996614,392.82509339996614,393.1932755999733,,,,,v,1,0.36630110000260174,None,005,001,2025-09-29_21h18.00.165,Motor Sequence Learning,,2025.1.1,59.934000706140935,2025-09-29 21h18.06.827883 +0530,
150,v,15,15,4,v,1,0.39656889997422695,None,,,,,4,15,15,1,393.20774309989065,,393.1939760998357,393.20774309989065,394.208202800015,394.208202800015,394.208202800015,394.208202800015,394.208202800015,394.70796120003797,394.70796120003797,395.1092762998305,,,,,v,1,0.39656889997422695,None,005,001,2025-09-29_21h18.00.165,Motor Sequence Learning,,2025.1.1,59.934000706140935,2025-09-29 21h18.06.827883 +0530,
50,c,16,16,2,c,1,0.500182299874723,None,,,,,2,16,16,2,395.1248566999566,,395.10996189992875,395.1248566999566,396.10814439994283,396.10814439994283,396.10814439994283,396.10814439994283,396.1258467999287,396.62442799983546,396.62442799983546,397.12629599985667,,,,,c,1,0.500182299874723,None,005,001,2025-09-29_21h18.00.165,Motor Sequence Learning,,2025.1.1,59.934000706140935,2025-09-29 21h18.06.827883 +0530,
-50,x,17,17,3,x,1,0.5697999000549316,None,,,,,3,17,17,0,397.1408945999574,,397.12691859994084,397.1408945999574,398.1418852999341,398.1418852999341,398.1418852999341,398.1418852999341,398.1418852999341,398.62572839995846,398.62572839995846,399.2096942998469,,,,,x,1,0.5697999000549316,None,005,001,2025-09-29_21h18.00.165,Motor Sequence Learning,,2025.1.1,59.934000706140935,2025-09-29 21h18.06.827883 +0530,
50,c,18,18,3,c,1,0.46815260010771453,None,,,,,3,18,18,2,399.2249694999773,,399.21022939984687,399.2249694999773,400.2245417998638,400.2245417998638,400.2245417998638,400.2245417998638,400.2245417998638,400.7246999000199,400.7246999000199,401.1934715998359,,,,,c,1,0.46815260010771453,None,005,001,2025-09-29_21h18.00.165,Motor Sequence Learning,,2025.1.1,59.934000706140935,2025-09-29 21h18.06.827883 +0530,
150,v,19,19,5,v,1,0.42166209989227355,None,,,,,5,19,19,1,401.20812989980914,,401.1939763999544,401.20812989980914,402.2086513999384,402.2086513999384,402.2086513999384,402.2086513999384,402.2086513999384,402.7082704999484,402.7082704999484,403.1420215999242,,,,,v,1,0.42166209989227355,None,005,001,2025-09-29_21h18.00.165,Motor Sequence Learning,,2025.1.1,59.934000706140935,2025-09-29 21h18.06.827883 +0530,
-50,x,20,20,4,x,1,0.4261444001458585,None,,,,,4,20,20,0,403.1579022000078,,403.1424561999738,403.1579022000078,404.14080940000713,404.14080940000713,404.14080940000713,404.14080940000713,404.15725339995697,404.6412929999642,404.6412929999642,405.07450610003434,,,,,x,1,0.4261444001458585,None,005,001,2025-09-29_21h18.00.165,Motor Sequence Learning,,2025.1.1,59.934000706140935,2025-09-29 21h18.06.827883 +0530,
-150,z,21,21,6,z,1,0.38681609998457134,None,,,,,6,21,21,3,405.0907789999619,,405.074943699874,405.0907789999619,406.07506079995073,406.07506079995073,406.07506079995073,406.07506079995073,406.09134369995445,406.5748889998067,406.5748889998067,406.97600419982336,,,,,z,1,0.38681609998457134,None,005,001,2025-09-29_21h18.00.165,Motor Sequence Learning,,2025.1.1,59.934000706140935,2025-09-29 21h18.06.827883 +0530,
-50,x,22,22,5,x,1,0.4387271001469344,None,,,,,5,22,22,0,406.99159460002556,,406.9766559000127,406.99159460002556,407.99183909990825,407.99183909990825,407.99183909990825,407.99183909990825,407.99183909990825,408.4907611999661,408.4907611999661,408.94226189982146,,,,,x,1,0.4387271001469344,None,005,001,2025-09-29_21h18.00.165,Motor Sequence Learning,,2025.1.1,59.934000706140935,2025-09-29 21h18.06.827883 +0530,
50,c,23,23,4,c,1,0.4979701000265777,None,,,,,4,23,23,2,408.9583147999365,,408.94285729993135,408.9583147999365,409.9585833000019,409.9585833000019,409.9585833000019,409.9585833000019,409.9585833000019,410.4581604998093,410.4581604998093,410.95901759993285,,,,,c,1,0.4979701000265777,None,005,001,2025-09-29_21h18.00.165,Motor Sequence Learning,,2025.1.1,59.934000706140935,2025-09-29 21h18.06.827883 +0530,
150,v,24,24,6,v,1,0.3352317998651415,None,,,,,6,24,24,1,410.9740116999019,,410.95953889982775,410.9740116999019,411.95865789987147,411.95865789987147,411.95865789987147,411.95865789987147,411.9751029999461,412.4582046000287,412.4582046000287,412.8096820998471,,,,,v,1,0.3352317998651415,None,005,001,2025-09-29_21h18.00.165,Motor Sequence Learning,,2025.1.1,59.934000706140935,2025-09-29 21h18.06.827883 +0530,
-50,x,25,25,6,x,1,0.4035633001476526,None,,,,,6,25,25,0,412.8250227998942,,412.81016999995336,412.8250227998942,413.82544889999554,413.82544889999554,413.82544889999554,413.82544889999554,413.82544889999554,414.3252427999396,414.3252427999396,414.7407205000054,,,,,x,1,0.4035633001476526,None,005,001,2025-09-29_21h18.00.165,Motor Sequence Learning,,2025.1.1,59.934000706140935,2025-09-29 21h18.06.827883 +0530,
150,v,26,26,7,v,1,0.4820946999825537,None,,,,,7,26,26,1,414.7571141999215,,414.741073400015,414.7571141999215,415.741080599837,415.741080599837,415.741080599837,415.741080599837,415.75743360002525,416.24099039984867,416.24099039984867,416.72618839982897,,,,,v,1,0.4820946999825537,None,005,001,2025-09-29_21h18.00.165,Motor Sequence Learning,,2025.1.1,59.934000706140935,2025-09-29 21h18.06.827883 +0530,
-150,z,27,27,7,z,1,0.3854713998734951,None,,,,,7,27,27,3,416.74151810002513,,416.72669399995357,416.74151810002513,417.74117990001105,417.74117990001105,417.74117990001105,417.74117990001105,417.74117990001105,418.24167219991796,418.24167219991796,418.64215109986253,,,,,z,1,0.3854713998734951,None,005,001,2025-09-29_21h18.00.165,Motor Sequence Learning,,2025.1.1,59.934000706140935,2025-09-29 21h18.06.827883 +0530,
50,c,28,28,5,c,1,0.4079670999199152,None,,,,,5,28,28,2,418.6575722999405,,418.6426536999643,418.6575722999405,419.64120549988,419.64120549988,419.64120549988,419.64120549988,419.65810459991917,420.1572689998429,420.1572689998429,420.57614180003293,,,,,c,1,0.4079670999199152,None,005,001,2025-09-29_21h18.00.165,Motor Sequence Learning,,2025.1.1,59.934000706140935,2025-09-29 21h18.06.827883 +0530,
150,v,29,29,8,v,1,0.48023989982903004,None,,,,,8,29,29,1,420.5913486999925,,420.57669769995846,420.5913486999925,421.5916740000248,421.5916740000248,421.5916740000248,421.5916740000248,421.5916740000248,422.0911675998941,422.0911675998941,422.57597399991937,,,,,v,1,0.48023989982903004,None,005,001,2025-09-29_21h18.00.165,Motor Sequence Learning,,2025.1.1,59.934000706140935,2025-09-29 21h18.06.827883 +0530,
-150,z,30,30,8,z,1,0.369430199963972,None,,,,,8,30,30,3,422.5911931998562,,422.5765117998235,422.5911931998562,423.57497689989395,423.57497689989395,423.57497689989395,423.57497689989395,423.5917191999033,424.07436199998483,424.07436199998483,424.4587862000335,,,,,z,1,0.369430199963972,None,005,001,2025-09-29_21h18.00.165,Motor Sequence Learning,,2025.1.1,59.934000706140935,2025-09-29 21h18.06.827883 +0530,
-50,x,31,31,7,x,1,0.38455240009352565,None,,,,,7,31,31,0,424.4742097998969,,424.4592174999416,424.4742097998969,425.47489409986883,425.47489409986883,425.47489409986883,425.47489409986883,425.47489409986883,425.9747184999287,425.9747184999287,426.3752494000364,,,,,x,1,0.38455240009352565,None,005,001,2025-09-29_21h18.00.165,Motor Sequence Learning,,2025.1.1,59.934000706140935,2025-09-29 21h18.06.827883 +0530,
150,v,32,32,9,v,1,0.38196599995717406,None,,,,,9,32,32,1,426.39135489985347,,426.37574439984746,426.39135489985347,427.3744530000258,427.3744530000258,427.3744530000258,427.3744530000258,427.3913028999232,427.8746731998399,427.8746731998399,428.25958149996586,,,,,v,1,0.38196599995717406,None,005,001,2025-09-29_21h18.00.165,Motor Sequence Learning,,2025.1.1,59.934000706140935,2025-09-29 21h18.06.827883 +0530,
150,v,33,33,10,c,0,0.39444179995916784,None,,,,,10,33,33,1,428.2737046999391,,428.2600281999912,428.2737046999391,429.274374099914,429.274374099914,429.274374099914,429.274374099914,429.274374099914,429.7739093999844,429.7739093999844,430.17657559993677,,,,,c,0,0.39444179995916784,None,005,001,2025-09-29_21h18.00.165,Motor Sequence Learning,,2025.1.1,59.934000706140935,2025-09-29 21h18.06.827883 +0530,
-150,z,34,34,9,z,1,0.4083128999918699,None,,,,,9,34,34,3,430.19075179984793,,430.17710500000976,430.19075179984793,431.19074529991485,431.19074529991485,431.19074529991485,431.19074529991485,431.19074529991485,431.68989000003785,431.68989000003785,432.1091242998373,,,,,z,1,0.4083128999918699,None,005,001,2025-09-29_21h18.00.165,Motor Sequence Learning,,2025.1.1,59.934000706140935,2025-09-29 21h18.06.827883 +0530,
50,c,35,35,6,c,1,0.5283921998925507,None,,,,,6,35,35,2,432.12469249987043,,432.1097011999227,432.12469249987043,433.1078975999262,433.1078975999262,433.1078975999262,433.1078975999262,433.1243787999265,433.6240757999476,433.6240757999476,434.15740559995174,,,,,c,1,0.5283921998925507,None,005,001,2025-09-29_21h18.00.165,Motor Sequence Learning,,2025.1.1,59.934000706140935,2025-09-29 21h18.06.827883 +0530,
-150,z,36,36,10,z,1,0.42672220012173057,None,,,,,10,36,36,3,434.1737491998356,,434.1581241998356,434.1737491998356,435.1571251999121,435.1571251999121,435.1571251999121,435.1571251999121,435.17331669991836,435.65794950001873,435.65794950001873,436.09089059988037,,,,,z,1,0.42672220012173057,None,005,001,2025-09-29_21h18.00.165,Motor Sequence Learning,,2025.1.1,59.934000706140935,2025-09-29 21h18.06.827883 +0530,
150,v,37,37,11,v,1,0.3629695000126958,None,,,,,11,37,37,1,436.10707709984854,,436.0912748000119,436.10707709984854,437.09074629982933,437.09074629982933,437.09074629982933,437.09074629982933,437.10820959997363,437.59092739992775,437.59092739992775,437.9587742998265,,,,,v,1,0.3629695000126958,None,005,001,2025-09-29_21h18.00.165,Motor Sequence Learning,,2025.1.1,59.934000706140935,2025-09-29 21h18.06.827883 +0530,
-150,z,38,38,11,z,1,0.4342607001308352,None,,,,,11,38,38,3,437.9741282998584,,437.9592867998872,437.9741282998584,438.9735329998657,438.9735329998657,438.9735329998657,438.9735329998657,438.9735329998657,439.47396550001577,439.47396550001577,439.9249605999794,,,,,z,1,0.4342607001308352,None,005,001,2025-09-29_21h18.00.165,Motor Sequence Learning,,2025.1.1,59.934000706140935,2025-09-29 21h18.06.827883 +0530,
-50,x,39,39,8,x,1,0.6434692998882383,None,,,,,8,39,39,0,439.9406915998552,,439.92553039989434,439.9406915998552,440.92359279980883,440.92359279980883,440.92359279980883,440.92359279980883,440.9406865998171,441.42347499984317,441.42347499984317,442.0748515999876,,,,,x,1,0.6434692998882383,None,005,001,2025-09-29_21h18.00.165,Motor Sequence Learning,,2025.1.1,59.934000706140935,2025-09-29 21h18.06.827883 +0530,
150,v,40,40,12,v,1,0.3446464000735432,None,,,,,12,40,40,1,442.09016649983823,,442.07530919997953,442.09016649983823,443.0898483998608,443.0898483998608,443.0898483998608,443.0898483998608,443.0898483998608,443.5903292999137,443.5903292999137,443.9414470999036,,,,,v,1,0.3446464000735432,None,005,001,2025-09-29_21h18.00.165,Motor Sequence Learning,,2025.1.1,59.934000706140935,2025-09-29 21h18.06.827883 +0530,
50,c,41,41,7,c,1,0.566011399962008,None,,,,,7,41,41,2,443.9565150998533,,443.9419940998778,443.9565150998533,444.93949249992147,444.93949249992147,444.93949249992147,444.93949249992147,444.9559181998484,445.4409145999234,445.4409145999234,446.00939959986135,,,,,c,1,0.566011399962008,None,005,001,2025-09-29_21h18.00.165,Motor Sequence Learning,,2025.1.1,59.934000706140935,2025-09-29 21h18.06.827883 +0530,
150,v,42,42,13,v,1,0.4590549001004547,None,,,,,13,42,42,1,446.0244793999009,,446.00993849989027,446.0244793999009,447.0234480998479,447.0234480998479,447.0234480998479,447.0234480998479,447.0234480998479,447.52371909981593,447.52371909981593,447.9914308998268,,,,,v,1,0.4590549001004547,None,005,001,2025-09-29_21h18.00.165,Motor Sequence Learning,,2025.1.1,59.934000706140935,2025-09-29 21h18.06.827883 +0530,
150,v,43,43,14,v,1,0.4560535999480635,None,,,,,14,43,43,1,448.00699629983865,,447.99226309987716,448.00699629983865,448.99088679999113,448.99088679999113,448.99088679999113,448.99088679999113,449.00736299995333,449.49077079980634,449.49077079980634,449.95764169981703,,,,,v,1,0.4560535999480635,None,005,001,2025-09-29_21h18.00.165,Motor Sequence Learning,,2025.1.1,59.934000706140935,2025-09-29 21h18.06.827883 +0530,
50,c,44,44,8,c,1,0.5467999000102282,None,,,,,8,44,44,2,449.97391809988767,,449.9580286999699,449.97391809988767,450.95672239991836,450.95672239991836,450.95672239991836,450.95672239991836,450.97372459992766,451.456988299964,451.456988299964,452.0075646999758,,,,,c,1,0.5467999000102282,None,005,001,2025-09-29_21h18.00.165,Motor Sequence Learning,,2025.1.1,59.934000706140935,2025-09-29 21h18.06.827883 +0530,
-50,x,45,45,9,x,1,0.5168999000452459,None,,,,,9,45,45,0,452.0232956998516,,452.007943399949,452.0232956998516,453.00755849992856,453.00755849992856,453.00755849992856,453.00755849992856,453.02402310003527,453.5068180998787,453.5068180998787,454.0252185999416,,,,,x,1,0.5168999000452459,None,005,001,2025-09-29_21h18.00.165,Motor Sequence Learning,,2025.1.1,59.934000706140935,2025-09-29 21h18.06.827883 +0530,
-50,x,46,46,10,x,1,0.429196200100705,None,,,,,10,46,46,0,454.0408504998777,,454.02583309984766,454.0408504998777,455.03984580002725,455.03984580002725,455.03984580002725,455.03984580002725,455.0565802999772,455.5405929000117,455.5405929000117,455.9749968999531,,,,,x,1,0.429196200100705,None,005,001,2025-09-29_21h18.00.165,Motor Sequence Learning,,2025.1.1,59.934000706140935,2025-09-29 21h18.06.827883 +0530,
-50,x,47,47,11,x,1,0.3992510000243783,None,,,,,11,47,47,0,455.9904083998408,,455.9755239998922,455.9904083998408,456.99102639988996,456.99102639988996,456.99102639988996,456.99102639988996,456.99102639988996,457.473958699964,457.473958699964,457.8756760000251,,,,,x,1,0.3992510000243783,None,005,001,2025-09-29_21h18.00.165,Motor Sequence Learning,,2025.1.1,59.934000706140935,2025-09-29 21h18.06.827883 +0530,
150,v,48,48,15,v,1,0.4151057999115437,None,,,,,15,48,48,1,457.89014279982075,,457.87616999982856,457.89014279982075,458.8911979999393,458.8911979999393,458.8911979999393,458.8911979999393,458.8911979999393,459.39166760002263,459.39166760002263,459.8077173999045,,,,,v,1,0.4151057999115437,None,005,001,2025-09-29_21h18.00.165,Motor Sequence Learning,,2025.1.1,59.934000706140935,2025-09-29 21h18.06.827883 +0530,
150,v,49,49,16,v,1,0.4437279999256134,None,,,,,16,49,49,1,459.8239360000007,,459.80817259987816,459.8239360000007,460.8072686998639,460.8072686998639,460.8072686998639,460.8072686998639,460.82353789987974,461.3229397998657,461.3229397998657,461.77517309994437,,,,,v,1,0.4437279999256134,None,005,001,2025-09-29_21h18.00.165,Motor Sequence Learning,,2025.1.1,59.934000706140935,2025-09-29 21h18.06.827883 +0530,
50,c,50,50,9,c,1,0.6393766000401229,None,,,,,9,50,50,2,461.7906326998491,,461.7756699998863,461.7906326998491,462.790028099902,462.790028099902,462.790028099902,462.790028099902,462.790028099902,463.27342129987665,463.27342129987665,463.9248034998309,,,,,c,1,0.6393766000401229,None,005,001,2025-09-29_21h18.00.165,Motor Sequence Learning,,2025.1.1,59.934000706140935,2025-09-29 21h18.06.827883 +0530,
-50,x,51,51,12,x,1,0.44632410001941025,None,,,,,12,51,51,0,463.9402830998879,,463.9253064999357,463.9402830998879,464.94056679983623,464.94056679983623,464.94056679983623,464.94056679983623,464.94056679983623,465.42439039982855,465.42439039982855,465.87363349995576,,,,,x,1,0.44632410001941025,None,005,001,2025-09-29_21h18.00.165,Motor Sequence Learning,,2025.1.1,59.934000706140935,2025-09-29 21h18.06.827883 +0530,
-150,z,52,52,12,z,1,0.40393540007062256,None,,,,,12,52,52,3,465.8899594999384,,465.87408320000395,465.8899594999384,466.8737442998681,466.8737442998681,466.8737442998681,466.8737442998681,466.88986809994094,467.37369949999265,467.37369949999265,467.79314740002155,,,,,z,1,0.40393540007062256,None,005,001,2025-09-29_21h18.00.165,Motor Sequence Learning,,2025.1.1,59.934000706140935,2025-09-29 21h18.06.827883 +0530,
-50,x,53,53,13,x,1,0.6111833001486957,None,,,,,13,53,53,0,467.80720709986053,,467.79363989993,467.80720709986053,468.8072750000283,468.8072750000283,468.8072750000283,468.8072750000283,468.8072750000283,469.30739259999245,469.30739259999245,469.924996699905,,,,,x,1,0.6111833001486957,None,005,001,2025-09-29_21h18.00.165,Motor Sequence Learning,,2025.1.1,59.934000706140935,2025-09-29 21h18.06.827883 +0530,
-150,z,54,54,13,x,0,0.4255311000160873,None,,,,,13,54,54,3,469.94105469994247,,469.92549369996414,469.94105469994247,470.9408286998514,470.9408286998514,470.9408286998514,470.9408286998514,470.9408286998514,471.4242246998474,471.4242246998474,471.85783210000955,,,,,x,0,0.4255311000160873,None,005,001,2025-09-29_21h18.00.165,Motor Sequence Learning,,2025.1.1,59.934000706140935,2025-09-29 21h18.06.827883 +0530,
-150,z,55,55,14,z,1,0.41197680006735027,None,,,,,14,55,55,3,471.87276759999804,,471.85837409994565,471.87276759999804,472.8569250998553,472.8569250998553,472.8569250998553,472.8569250998553,472.8743417998776,473.35807319986634,473.35807319986634,473.7741173999384,,,,,z,1,0.41197680006735027,None,005,001,2025-09-29_21h18.00.165,Motor Sequence Learning,,2025.1.1,59.934000706140935,2025-09-29 21h18.06.827883 +0530,
-150,z,56,56,15,z,1,0.3846549999434501,None,,,,,15,56,56,3,473.79061889997683,,473.7745162998326,473.79061889997683,474.7729209999088,474.7729209999088,474.7729209999088,474.7729209999088,474.80790199991316,475.27339489990845,475.27339489990845,475.65872089983895,,,,,z,1,0.3846549999434501,None,005,001,2025-09-29_21h18.00.165,Motor Sequence Learning,,2025.1.1,59.934000706140935,2025-09-29 21h18.06.827883 +0530,
150,v,57,57,17,v,1,0.40492370002903044,None,,,,,17,57,57,1,475.6736641000025,,475.6592663000338,475.6736641000025,476.6733706998639,476.6733706998639,476.6733706998639,476.6733706998639,476.6733706998639,477.17361820000224,477.17361820000224,477.5909160999581,,,,,v,1,0.40492370002903044,None,005,001,2025-09-29_21h18.00.165,Motor Sequence Learning,,2025.1.1,59.934000706140935,2025-09-29 21h18.06.827883 +0530,
-50,x,58,58,14,x,1,0.3329682000912726,None,,,,,14,58,58,0,477.60710969986394,,477.5913611999713,477.60710969986394,478.59069429989904,478.59069429989904,478.59069429989904,478.59069429989904,478.6082784999162,479.09025030001067,479.09025030001067,479.42554069985636,,,,,x,1,0.3329682000912726,None,005,001,2025-09-29_21h18.00.165,Motor Sequence Learning,,2025.1.1,59.934000706140935,2025-09-29 21h18.06.827883 +0530,
-50,x,59,59,15,x,1,0.33745759981684387,None,,,,,15,59,59,0,479.4403976998292,,479.4262595998589,479.4403976998292,480.439216400031,480.439216400031,480.439216400031,480.439216400031,480.439216400031,480.93942219996825,480.93942219996825,481.29038989986293,,,,,x,1,0.33745759981684387,None,005,001,2025-09-29_21h18.00.165,Motor Sequence Learning,,2025.1.1,59.934000706140935,2025-09-29 21h18.06.827883 +0530,
-50,x,60,60,16,x,1,0.3303789999336004,None,,,,,16,60,60,0,481.3068319000304,,481.29079689993523,481.3068319000304,482.2899994000327,482.2899994000327,482.2899994000327,482.2899994000327,482.3071126998402,482.7900264998898,482.7900264998898,483.12473019980825,,,,,x,1,0.3303789999336004,None,005,001,2025-09-29_21h18.00.165,Motor Sequence Learning,,2025.1.1,59.934000706140935,2025-09-29 21h18.06.827883 +0530,
-150,z,61,61,16,z,1,0.32235750020481646,None,,,,,16,61,61,3,483.14014080003835,,483.1252394998446,483.14014080003835,484.13983699982055,484.13983699982055,484.13983699982055,484.13983699982055,484.13983699982055,484.6389881998766,484.6389881998766,484.9736134998966,,,,,z,1,0.32235750020481646,None,005,001,2025-09-29_21h18.00.165,Motor Sequence Learning,,2025.1.1,59.934000706140935,2025-09-29 21h18.06.827883 +0530,
-150,z,62,62,17,z,1,0.33818359998986125,None,,,,,17,62,62,3,484.99038059986196,,484.97403039992787,484.99038059986196,485.9740346998442,485.9740346998442,485.9740346998442,485.9740346998442,485.9907170999795,486.47393710003234,486.47393710003234,486.82429099990986,,,,,z,1,0.33818359998986125,None,005,001,2025-09-29_21h18.00.165,Motor Sequence Learning,,2025.1.1,59.934000706140935,2025-09-29 21h18.06.827883 +0530,
150,v,63,63,18,v,1,0.4020787999033928,None,,,,,18,63,63,1,486.840466799913,,486.8247801999096,486.840466799913,487.82319070002995,487.82319070002995,487.82319070002995,487.82319070002995,487.84041019994766,488.32303750002757,488.32303750002757,488.7407312998548,,,,,v,1,0.4020787999033928,None,005,001,2025-09-29_21h18.00.165,Motor Sequence Learning,,2025.1.1,59.934000706140935,2025-09-29 21h18.06.827883 +0530,
150,v,64,64,19,v,1,0.39201630000025034,None,,,,,19,64,64,1,488.7570137998555,,488.74137149984017,488.7570137998555,489.74046519980766,489.74046519980766,489.74046519980766,489.74046519980766,489.7566634998657,490.2402810000349,490.2402810000349,490.6408702998888,,,,,v,1,0.39201630000025034,None,005,001,2025-09-29_21h18.00.165,Motor Sequence Learning,,2025.1.1,59.934000706140935,2025-09-29 21h18.06.827883 +0530,
150,v,65,65,20,v,1,0.3740712001454085,None,,,,,20,65,65,1,490.6569234000053,,490.6413731998764,490.6569234000053,491.6403323998675,491.6403323998675,491.6403323998675,491.6403323998675,491.6568248998374,492.1567774999421,492.1567774999421,492.54152349988,,,,,v,1,0.3740712001454085,None,005,001,2025-09-29_21h18.00.165,Motor Sequence Learning,,2025.1.1,59.934000706140935,2025-09-29 21h18.06.827883 +0530,
150,v,66,66,21,v,1,0.31858969992026687,None,,,,,21,66,66,1,492.5574061998632,,492.5420484999195,492.5574061998632,493.54090939997695,493.54090939997695,493.54090939997695,493.54090939997695,493.55654140003026,494.05681700003333,494.05681700003333,494.3923780999612,,,,,v,1,0.31858969992026687,None,005,001,2025-09-29_21h18.00.165,Motor Sequence Learning,,2025.1.1,59.934000706140935,2025-09-29 21h18.06.827883 +0530,
-150,z,67,67,18,z,1,0.4103872000705451,None,,,,,18,67,67,3,494.4071090000216,,494.3930381999817,494.4071090000216,495.4062353000045,495.4062353000045,495.4062353000045,495.4062353000045,495.4062353000045,495.9061581999995,495.9061581999995,496.3230926999822,,,,,z,1,0.4103872000705451,None,005,001,2025-09-29_21h18.00.165,Motor Sequence Learning,,2025.1.1,59.934000706140935,2025-09-29 21h18.06.827883 +0530,
-150,z,68,68,19,z,1,0.2962130999658257,None,,,,,19,68,68,3,496.3394175998401,,496.3234206000343,496.3394175998401,497.32228589989245,497.32228589989245,497.32228589989245,497.32228589989245,497.3390408998821,497.82291179988533,497.82291179988533,498.1242939999793,,,,,z,1,0.2962130999658257,None,005,001,2025-09-29_21h18.00.165,Motor Sequence Learning,,2025.1.1,59.934000706140935,2025-09-29 21h18.06.827883 +0530,
-150,z,69,69,20,z,1,0.3991006000433117,None,,,,,20,69,69,3,498.1397494999692,,498.1249510999769,498.1397494999692,499.12359029985964,499.12359029985964,499.12359029985964,499.12359029985964,499.140489900019,499.62338769994676,499.62338769994676,500.0254420998972,,,,,z,1,0.3991006000433117,None,005,001,2025-09-29_21h18.00.165,Motor Sequence Learning,,2025.1.1,59.934000706140935,2025-09-29 21h18.06.827883 +0530,
150,v,70,70,22,v,1,0.5765724999364465,None,,,,,22,70,70,1,500.04000489995815,,500.02591209998354,500.04000489995815,501.0405601998791,501.0405601998791,501.0405601998791,501.0405601998791,501.0405601998791,501.53902759985067,501.53902759985067,502.12364979996346,,,,,v,1,0.5765724999364465,None,005,001,2025-09-29_21h18.00.165,Motor Sequence Learning,,2025.1.1,59.934000706140935,2025-09-29 21h18.06.827883 +0530,
-150,z,71,71,21,z,1,0.3453944001812488,None,,,,,21,71,71,3,502.14013349986635,,502.1240956999827,502.14013349986635,503.123549599899,503.123549599899,503.123549599899,503.123549599899,503.14005069993436,503.6223808999639,503.6223808999639,503.9738775999285,,,,,z,1,0.3453944001812488,None,005,001,2025-09-29_21h18.00.165,Motor Sequence Learning,,2025.1.1,59.934000706140935,2025-09-29 21h18.06.827883 +0530,
-150,z,72,72,22,z,1,0.3673112001270056,None,,,,,22,72,72,3,503.98987799999304,,503.9744449998252,503.98987799999304,504.9733239999041,504.9733239999041,504.9733239999041,504.9733239999041,504.98978789988905,505.4726703998167,505.4726703998167,505.85574749996886,,,,,z,1,0.3673112001270056,None,005,001,2025-09-29_21h18.00.165,Motor Sequence Learning,,2025.1.1,59.934000706140935,2025-09-29 21h18.06.827883 +0530,
-150,z,73,73,23,z,1,0.30016879993490875,None,,,,,23,73,73,3,505.87266789982095,,505.8561783998739,505.87266789982095,506.8558282998856,506.8558282998856,506.8558282998856,506.8558282998856,506.87352559994906,507.3562244998757,507.3562244998757,507.6573993000202,,,,,z,1,0.30016879993490875,None,005,001,2025-09-29_21h18.00.165,Motor Sequence Learning,,2025.1.1,59.934000706140935,2025-09-29 21h18.06.827883 +0530,
-150,z,74,74,24,z,1,0.29987019998952746,None,,,,,24,74,74,3,507.6726815998554,,507.6579120999668,507.6726815998554,508.6731206998229,508.6731206998229,508.6731206998229,508.6731206998229,508.6731206998229,509.173311999999,509.173311999999,509.4741471998859,,,,,z,1,0.29987019998952746,None,005,001,2025-09-29_21h18.00.165,Motor Sequence Learning,,2025.1.1,59.934000706140935,2025-09-29 21h18.06.827883 +0530,
-50,x,75,75,17,x,1,0.43483599997125566,None,,,,,17,75,75,0,509.4901998999994,,509.47475850000046,509.4901998999994,510.4891027000267,510.4891027000267,510.4891027000267,510.4891027000267,510.4891027000267,510.9890705998987,510.9890705998987,511.43999599991366,,,,,x,1,0.43483599997125566,None,005,001,2025-09-29_21h18.00.165,Motor Sequence Learning,,2025.1.1,59.934000706140935,2025-09-29 21h18.06.827883 +0530,
50,c,76,76,10,v,0,0.37361379992216825,None,,,,,10,76,76,2,511.4555005999282,,511.44047080003656,511.4555005999282,512.4389664998744,512.4389664998744,512.4389664998744,512.4389664998744,512.4564845999703,512.9400011999533,512.9400011999533,513.3236926998943,,,,,v,0,0.37361379992216825,None,005,001,2025-09-29_21h18.00.165,Motor Sequence Learning,,2025.1.1,59.934000706140935,2025-09-29 21h18.06.827883 +0530,
50,c,77,77,11,c,1,0.5316005998756737,None,,,,,11,77,77,2,513.3392735000234,,513.3241677999031,513.3392735000234,514.3385487999767,514.3385487999767,514.3385487999767,514.3385487999767,514.3385487999767,514.8236567999702,514.8236567999702,515.3569864998572,,,,,c,1,0.5316005998756737,None,005,001,2025-09-29_21h18.00.165,Motor Sequence Learning,,2025.1.1,59.934000706140935,2025-09-29 21h18.06.827883 +0530,
-50,x,78,78,18,x,1,0.38220760016702116,None,,,,,18,78,78,0,515.3729188998695,,515.3575072998647,515.3729188998695,516.3720040998887,516.3720040998887,516.3720040998887,516.3720040998887,516.3720040998887,516.8569674999453,516.8569674999453,517.2402092998382,,,,,x,1,0.38220760016702116,None,005,001,2025-09-29_21h18.00.165,Motor Sequence Learning,,2025.1.1,59.934000706140935,2025-09-29 21h18.06.827883 +0530,
-150,z,79,79,25,z,1,0.35259400005452335,None,,,,,25,79,79,3,517.2556951998267,,517.2407213000115,517.2556951998267,518.2397053998429,518.2397053998429,518.2397053998429,518.2397053998429,518.255924699828,518.7559849999379,518.7559849999379,519.1235406999476,,,,,z,1,0.35259400005452335,None,005,001,2025-09-29_21h18.00.165,Motor Sequence Learning,,2025.1.1,59.934000706140935,2025-09-29 21h18.06.827883 +0530,
-150,z,80,80,26,z,1,0.41160760005004704,None,,,,,26,80,80,3,519.139889099868,,519.124049999984,519.139889099868,520.1231122999452,520.1231122999452,520.1231122999452,520.1231122999452,520.1392574999481,520.6387763998937,520.6387763998937,521.0569891999476,,,,,z,1,0.41160760005004704,None,005,001,2025-09-29_21h18.00.165,Motor Sequence Learning,,2025.1.1,59.934000706140935,2025-09-29 21h18.06.827883 +0530,
-50,x,81,81,19,x,1,0.4400271000340581,None,,,,,19,81,81,0,521.0728988000192,,521.0574196998496,521.0728988000192,522.0734160998836,522.0734160998836,522.0734160998836,522.0734160998836,522.0734160998836,522.5562487000134,522.5562487000134,523.007157499902,,,,,x,1,0.4400271000340581,None,005,001,2025-09-29_21h18.00.165,Motor Sequence Learning,,2025.1.1,59.934000706140935,2025-09-29 21h18.06.827883 +0530,
150,v,82,82,23,v,1,0.42181960004381835,None,,,,,23,82,82,1,523.02282679989,,523.0077372000087,523.02282679989,524.0234166998416,524.0234166998416,524.0234166998416,524.0234166998416,524.0234166998416,524.5221122000366,524.5221122000366,524.9549292000011,,,,,v,1,0.42181960004381835,None,005,001,2025-09-29_21h18.00.165,Motor Sequence Learning,,2025.1.1,59.934000706140935,2025-09-29 21h18.06.827883 +0530,
50,c,83,83,12,c,1,0.5941484998911619,None,,,,,12,83,83,2,524.9713587998413,,524.9552122999448,524.9713587998413,525.9556295999791,525.9556295999791,525.9556295999791,525.9556295999791,525.9723296000157,526.4555662998464,526.4555662998464,527.0550596998073,,,,,c,1,0.5941484998911619,None,005,001,2025-09-29_21h18.00.165,Motor Sequence Learning,,2025.1.1,59.934000706140935,2025-09-29 21h18.06.827883 +0530,
-150,z,84,84,27,z,1,0.3694965001195669,None,,,,,27,84,84,3,527.0714843999594,,527.0553494000342,527.0714843999594,528.056114200037,528.056114200037,528.056114200037,528.056114200037,528.073150199838,528.555595099926,528.555595099926,528.9414385999553,,,,,z,1,0.3694965001195669,None,005,001,2025-09-29_21h18.00.165,Motor Sequence Learning,,2025.1.1,59.934000706140935,2025-09-29 21h18.06.827883 +0530,
50,c,85,85,13,c,1,0.5335189998149872,None,,,,,13,85,85,2,528.9560835999437,,528.9421522999182,528.9560835999437,529.9570170999505,529.9570170999505,529.9570170999505,529.9570170999505,529.9570170999505,530.4545765998773,530.4545765998773,530.9892969999928,,,,,c,1,0.5335189998149872,None,005,001,2025-09-29_21h18.00.165,Motor Sequence Learning,,2025.1.1,59.934000706140935,2025-09-29 21h18.06.827883 +0530,
150,v,86,86,24,v,1,0.4003412998281419,None,,,,,24,86,86,1,531.0053319998551,,530.9897027998231,531.0053319998551,531.9882175000384,531.9882175000384,531.9882175000384,531.9882175000384,532.0055346998852,532.4885982999112,532.4885982999112,532.8901255000383,,,,,v,1,0.4003412998281419,None,005,001,2025-09-29_21h18.00.165,Motor Sequence Learning,,2025.1.1,59.934000706140935,2025-09-29 21h18.06.827883 +0530,
-50,x,87,87,20,x,1,0.3272378998808563,None,,,,,20,87,87,0,532.905395800015,,532.8905083998106,532.905395800015,533.9055249998346,533.9055249998346,533.9055249998346,533.9055249998346,533.9055249998346,534.3897044998594,534.3897044998594,534.7235589998309,,,,,x,1,0.3272378998808563,None,005,001,2025-09-29_21h18.00.165,Motor Sequence Learning,,2025.1.1,59.934000706140935,2025-09-29 21h18.06.827883 +0530,
150,v,88,88,25,v,1,0.3924884998705238,None,,,,,25,88,88,1,534.7390362999868,,534.7241587999742,534.7390362999868,535.7230219999328,535.7230219999328,535.7230219999328,535.7230219999328,535.739481800003,536.2219299999997,536.2219299999997,536.6232502998319,,,,,v,1,0.3924884998705238,None,005,001,2025-09-29_21h18.00.165,Motor Sequence Learning,,2025.1.1,59.934000706140935,2025-09-29 21h18.06.827883 +0530,
-50,x,89,89,21,x,1,0.34580869995988905,None,,,,,21,89,89,0,536.6393862999976,,536.6237573998515,536.6393862999976,537.6385607998818,537.6385607998818,537.6385607998818,537.6385607998818,537.6550185999367,538.1227511998732,538.1227511998732,538.4733056998812,,,,,x,1,0.34580869995988905,None,005,001,2025-09-29_21h18.00.165,Motor Sequence Learning,,2025.1.1,59.934000706140935,2025-09-29 21h18.06.827883 +0530,
150,v,90,90,26,v,1,0.3991821000818163,None,,,,,26,90,90,1,538.488619199954,,538.473958699964,538.488619199954,539.4730880998541,539.4730880998541,539.4730880998541,539.4730880998541,539.4895611000247,539.9887522999197,539.9887522999197,540.3896331998985,,,,,v,1,0.3991821000818163,None,005,001,2025-09-29_21h18.00.165,Motor Sequence Learning,,2025.1.1,59.934000706140935,2025-09-29 21h18.06.827883 +0530,
150,v,91,91,27,v,1,0.36002630018629134,None,,,,,27,91,91,1,540.4051134998444,,540.3900284999982,540.4051134998444,541.3892963998951,541.3892963998951,541.3892963998951,541.3892963998951,541.4059703999665,541.9051853998099,541.9051853998099,542.2732710998971,,,,,v,1,0.36002630018629134,None,005,001,2025-09-29_21h18.00.165,Motor Sequence Learning,,2025.1.1,59.934000706140935,2025-09-29 21h18.06.827883 +0530,
50,c,92,92,14,c,1,0.5699416999705136,None,,,,,14,92,92,2,542.2892609999981,,542.2737886998802,542.2892609999981,543.2725690999068,543.2725690999068,543.2725690999068,543.2725690999068,543.2894904999994,543.7728688998614,543.7728688998614,544.3565620998852,,,,,c,1,0.5699416999705136,None,005,001,2025-09-29_21h18.00.165,Motor Sequence Learning,,2025.1.1,59.934000706140935,2025-09-29 21h18.06.827883 +0530,
150,v,93,93,28,v,1,0.38155859988182783,None,,,,,28,93,93,1,544.3728356999345,,544.3569885999896,544.3728356999345,545.355415500002,545.355415500002,545.355415500002,545.355415500002,545.3729475999717,545.85575290001,545.85575290001,546.240216499893,,,,,v,1,0.38155859988182783,None,005,001,2025-09-29_21h18.00.165,Motor Sequence Learning,,2025.1.1,59.934000706140935,2025-09-29 21h18.06.827883 +0530,
150,v,94,94,29,v,1,0.38817889988422394,None,,,,,29,94,94,1,546.2573879999109,,546.240868399851,546.2573879999109,547.2395099999849,547.2395099999849,547.2395099999849,547.2395099999849,547.2725421998184,547.7557353000157,547.7557353000157,548.1553519000299,,,,,v,1,0.38817889988422394,None,005,001,2025-09-29_21h18.00.165,Motor Sequence Learning,,2025.1.1,59.934000706140935,2025-09-29 21h18.06.827883 +0530,
50,c,95,95,15,c,1,0.52233020006679,None,,,,,15,95,95,2,548.1714691999368,,548.1557078999467,548.1714691999368,549.1559577998705,549.1559577998705,549.1559577998705,549.1559577998705,549.1722587000113,549.6559144000057,549.6559144000057,550.190978199942,,,,,c,1,0.52233020006679,None,005,001,2025-09-29_21h18.00.165,Motor Sequence Learning,,2025.1.1,59.934000706140935,2025-09-29 21h18.06.827883 +0530,
-50,x,96,96,22,x,1,0.38178669987246394,None,,,,,22,96,96,0,550.2062382998411,,550.191632400034,550.2062382998411,551.2061403000262,551.2061403000262,551.2061403000262,551.2061403000262,551.2061403000262,551.7057399998885,551.7057399998885,552.0910620999057,,,,,x,1,0.38178669987246394,None,005,001,2025-09-29_21h18.00.165,Motor Sequence Learning,,2025.1.1,59.934000706140935,2025-09-29 21h18.06.827883 +0530,
50,c,97,97,16,c,1,0.5003382000140846,None,,,,,16,97,97,2,552.1064018998295,,552.0915967000183,552.1064018998295,553.1057213998865,553.1057213998865,553.1057213998865,553.1057213998865,553.1057213998865,553.6059363000095,553.6059363000095,554.123259899905,,,,,c,1,0.5003382000140846,None,005,001,2025-09-29_21h18.00.165,Motor Sequence Learning,,2025.1.1,59.934000706140935,2025-09-29 21h18.06.827883 +0530,
-150,z,98,98,28,z,1,0.39176409994252026,None,,,,,28,98,98,3,554.1388943998609,,554.1237871998455,554.1388943998609,555.1230203998275,555.1230203998275,555.1230203998275,555.1230203998275,555.139218899887,555.6393771998119,555.6393771998119,556.0398269998841,,,,,z,1,0.39176409994252026,None,005,001,2025-09-29_21h18.00.165,Motor Sequence Learning,,2025.1.1,59.934000706140935,2025-09-29 21h18.06.827883 +0530,
-150,z,99,99,29,z,1,0.4979469000827521,None,,,,,29,99,99,3,556.0556585998274,,556.0403268998489,556.0556585998274,557.0380010998342,557.0380010998342,557.0380010998342,557.0380010998342,557.0551383998245,557.5555798998103,557.5555798998103,558.0557835998479,,,,,z,1,0.4979469000827521,None,005,001,2025-09-29_21h18.00.165,Motor Sequence Learning,,2025.1.1,59.934000706140935,2025-09-29 21h18.06.827883 +0530,
50,c,100,100,17,c,1,0.5191997999791056,None,,,,,17,100,100,2,558.0716632998083,,558.056198899867,558.0716632998083,559.0549959999043,559.0549959999043,559.0549959999043,559.0549959999043,559.0713581999298,559.5558984000236,559.5558984000236,560.0899859999772,,,,,c,1,0.5191997999791056,None,005,001,2025-09-29_21h18.00.165,Motor Sequence Learning,,2025.1.1,59.934000706140935,2025-09-29 21h18.06.827883 +0530,
150,v,101,101,30,v,1,0.3321114999707788,None,,,,,30,101,101,1,560.1051097000018,,560.0905322998296,560.1051097000018,561.1059465999715,561.1059465999715,561.1059465999715,561.1059465999715,561.1059465999715,561.5885450998321,561.5885450998321,561.923876099987,,,,,v,1,0.3321114999707788,None,005,001,2025-09-29_21h18.00.165,Motor Sequence Learning,,2025.1.1,59.934000706140935,2025-09-29 21h18.06.827883 +0530,
-50,x,102,102,23,x,1,0.3327164000365883,None,,,,,23,102,102,0,561.9392360998318,,561.9243826998863,561.9392360998318,562.9390143000055,562.9390143000055,562.9390143000055,562.9390143000055,562.9390143000055,563.4229957000352,563.4229957000352,563.7575453999452,,,,,x,1,0.3327164000365883,None,005,001,2025-09-29_21h18.00.165,Motor Sequence Learning,,2025.1.1,59.934000706140935,2025-09-29 21h18.06.827883 +0530,
-50,x,103,103,24,x,1,0.41500399983488023,None,,,,,24,103,103,0,563.7727776998654,,563.7582641998306,563.7727776998654,564.7727908999659,564.7727908999659,564.7727908999659,564.7727908999659,564.7727908999659,565.2716253998224,565.2716253998224,565.6897679998074,,,,,x,1,0.41500399983488023,None,005,001,2025-09-29_21h18.00.165,Motor Sequence Learning,,2025.1.1,59.934000706140935,2025-09-29 21h18.06.827883 +0530,
50,c,104,104,18,c,1,0.5812427001073956,None,,,,,18,104,104,2,565.7045875999611,,565.6904128999449,565.7045875999611,566.6891632999759,566.6891632999759,566.6891632999759,566.6891632999759,566.7056611999869,567.2043612999842,567.2043612999842,567.7900547999889,,,,,c,1,0.5812427001073956,None,005,001,2025-09-29_21h18.00.165,Motor Sequence Learning,,2025.1.1,59.934000706140935,2025-09-29 21h18.06.827883 +0530,
50,c,105,105,19,c,1,0.3783865999430418,None,,,,,19,105,105,2,567.8051040999126,,567.7905311998911,567.8051040999126,568.8059546998702,568.8059546998702,568.8059546998702,568.8059546998702,568.8059546998702,569.3045264999382,569.3045264999382,569.6898305998184,,,,,c,1,0.3783865999430418,None,005,001,2025-09-29_21h18.00.165,Motor Sequence Learning,,2025.1.1,59.934000706140935,2025-09-29 21h18.06.827883 +0530,
-150,z,106,106,30,z,1,0.43625170015729964,None,,,,,30,106,106,3,569.7055585999042,,569.6903150000144,569.7055585999042,570.7052660000045,570.7052660000045,570.7052660000045,570.7052660000045,570.7052660000045,571.2060369998217,571.2060369998217,571.6555523998104,,,,,z,1,0.43625170015729964,None,005,001,2025-09-29_21h18.00.165,Motor Sequence Learning,,2025.1.1,59.934000706140935,2025-09-29 21h18.06.827883 +0530,
-150,z,107,107,31,z,1,0.5129064000211656,None,,,,,31,107,107,3,571.6714426998515,,571.6559348998126,571.6714426998515,572.6553454999812,572.6553454999812,572.6553454999812,572.6553454999812,572.6719388999045,573.1556800999679,573.1556800999679,573.6743717999198,,,,,z,1,0.5129064000211656,None,005,001,2025-09-29_21h18.00.165,Motor Sequence Learning,,2025.1.1,59.934000706140935,2025-09-29 21h18.06.827883 +0530,
-150,z,108,108,32,z,1,0.4179303999990225,None,,,,,32,108,108,3,573.6901234998368,,573.6749030000065,573.6901234998368,574.6879507999402,574.6879507999402,574.6879507999402,574.6879507999402,574.7054488998838,575.188724800013,575.188724800013,575.607450600015,,,,,z,1,0.4179303999990225,None,005,001,2025-09-29_21h18.00.165,Motor Sequence Learning,,2025.1.1,59.934000706140935,2025-09-29 21h18.06.827883 +0530,
-150,z,109,109,33,z,1,0.35100720007903874,None,,,,,33,109,109,3,575.6220327999908,,575.6081583998166,575.6220327999908,576.6216160999611,576.6216160999611,576.6216160999611,576.6216160999611,576.6216160999611,577.1220886998344,577.1220886998344,577.4903352998663,,,,,z,1,0.35100720007903874,None,005,001,2025-09-29_21h18.00.165,Motor Sequence Learning,,2025.1.1,59.934000706140935,2025-09-29 21h18.06.827883 +0530,
150,v,110,110,31,v,1,0.5280820999760181,None,,,,,31,110,110,1,577.5049008999486,,577.4908576000016,577.5049008999486,578.5054695999715,578.5054695999715,578.5054695999715,578.5054695999715,578.5054695999715,579.0052199999336,579.0052199999336,579.5387227998581,,,,,v,1,0.5280820999760181,None,005,001,2025-09-29_21h18.00.165,Motor Sequence Learning,,2025.1.1,59.934000706140935,2025-09-29 21h18.06.827883 +0530,
-150,z,111,111,34,z,1,0.3918341000098735,None,,,,,34,111,111,3,579.554895099951,,579.5392225999385,579.554895099951,580.5387768000364,580.5387768000364,580.5387768000364,580.5387768000364,580.5552526998799,581.039014399983,581.039014399983,581.4389671999961,,,,,z,1,0.3918341000098735,None,005,001,2025-09-29_21h18.00.165,Motor Sequence Learning,,2025.1.1,59.934000706140935,2025-09-29 21h18.06.827883 +0530,
50,c,112,112,20,c,1,0.48571710009127855,None,,,,,20,112,112,2,581.4548776999582,,581.439608699875,581.4548776999582,582.4388204999268,582.4388204999268,582.4388204999268,582.4388204999268,582.4555283000227,582.9389919999521,582.9389919999521,583.4393253999297,,,,,c,1,0.48571710009127855,None,005,001,2025-09-29_21h18.00.165,Motor Sequence Learning,,2025.1.1,59.934000706140935,2025-09-29 21h18.06.827883 +0530,
-50,x,113,113,25,x,1,0.4341658998746425,None,,,,,25,113,113,0,583.4549659998156,,583.4398264999036,583.4549659998156,584.4383133000229,584.4383133000229,584.4383133000229,584.4383133000229,584.4545541999396,584.9379877999891,584.9379877999891,585.3882211998571,,,,,x,1,0.4341658998746425,None,005,001,2025-09-29_21h18.00.165,Motor Sequence Learning,,2025.1.1,59.934000706140935,2025-09-29 21h18.06.827883 +0530,
-150,z,114,114,35,z,1,0.35144490003585815,None,,,,,35,114,114,3,585.4048566999845,,585.3886044998653,585.4048566999845,586.3872930998914,586.3872930998914,586.3872930998914,586.3872930998914,586.4045582998078,586.8874365999363,586.8874365999363,587.25772769982,,,,,z,1,0.35144490003585815,None,005,001,2025-09-29_21h18.00.165,Motor Sequence Learning,,2025.1.1,59.934000706140935,2025-09-29 21h18.06.827883 +0530,
150,v,115,115,32,v,1,0.4245575999375433,None,,,,,32,115,115,1,587.2719288000371,,587.2583802000154,587.2719288000371,588.2714686000254,588.2714686000254,588.2714686000254,588.2714686000254,588.2714686000254,588.7709712998476,588.7709712998476,589.2050874999259,,,,,v,1,0.4245575999375433,None,005,001,2025-09-29_21h18.00.165,Motor Sequence Learning,,2025.1.1,59.934000706140935,2025-09-29 21h18.06.827883 +0530,
150,v,116,116,33,v,1,0.514884099829942,None,,,,,33,116,116,1,589.2212982999627,,589.2055104000028,589.2212982999627,590.2045034000184,590.2045034000184,590.2045034000184,590.2045034000184,590.2212741998956,590.7044394998811,590.7044394998811,591.2226082999259,,,,,v,1,0.514884099829942,None,005,001,2025-09-29_21h18.00.165,Motor Sequence Learning,,2025.1.1,59.934000706140935,2025-09-29 21h18.06.827883 +0530,
-50,x,117,117,26,x,1,0.415102600120008,None,,,,,26,117,117,0,591.2380114998668,,591.2230308998842,591.2380114998668,592.2218776999507,592.2218776999507,592.2218776999507,592.2218776999507,592.238662699936,592.7368958999868,592.7368958999868,593.1549970998894,,,,,x,1,0.415102600120008,None,005,001,2025-09-29_21h18.00.165,Motor Sequence Learning,,2025.1.1,59.934000706140935,2025-09-29 21h18.06.827883 +0530,
-50,x,118,118,27,x,1,0.4853956000879407,None,,,,,27,118,118,0,593.1713525999803,,593.1553513999097,593.1713525999803,594.1543488998432,594.1543488998432,594.1543488998432,594.1543488998432,594.1714168998878,594.6543886999134,594.6543886999134,595.1560684998985,,,,,x,1,0.4853956000879407,None,005,001,2025-09-29_21h18.00.165,Motor Sequence Learning,,2025.1.1,59.934000706140935,2025-09-29 21h18.06.827883 +0530,
-50,x,119,119,28,x,1,0.3909756999928504,None,,,,,28,119,119,0,595.1718660998158,,595.1565318999346,595.1718660998158,596.1549454999622,596.1549454999622,596.1549454999622,596.1549454999622,596.1715604998171,596.6556364998687,596.6556364998687,597.0557378998492,,,,,x,1,0.3909756999928504,None,005,001,2025-09-29_21h18.00.165,Motor Sequence Learning,,2025.1.1,59.934000706140935,2025-09-29 21h18.06.827883 +0530,
50,c,120,120,21,v,0,0.6286803998518735,None,,,,,21,120,120,2,597.0718934999313,,597.0562115998473,597.0718934999313,598.0701315000188,598.0701315000188,598.0701315000188,598.0701315000188,598.086743199965,598.5701921000145,598.5701921000145,599.2037760999519,,,,,v,0,0.6286803998518735,None,005,001,2025-09-29_21h18.00.165,Motor Sequence Learning,,2025.1.1,59.934000706140935,2025-09-29 21h18.06.827883 +0530,
50,c,121,121,22,c,1,0.3632551000919193,None,,,,,22,121,121,2,599.2200754999649,,599.204063099809,599.2200754999649,600.2036879998632,600.2036879998632,600.2036879998632,600.2036879998632,600.2202025000006,600.7034783000126,600.7034783000126,601.0705242999829,,,,,c,1,0.3632551000919193,None,005,001,2025-09-29_21h18.00.165,Motor Sequence Learning,,2025.1.1,59.934000706140935,2025-09-29 21h18.06.827883 +0530,
50,c,122,122,23,c,1,0.34390880004502833,None,,,,,23,122,122,2,601.086788199842,,601.0708375999238,601.086788199842,602.0703173000365,602.0703173000365,602.0703173000365,602.0703173000365,602.0870443999302,602.5701031999197,602.5701031999197,602.9205692999531,,,,,c,1,0.34390880004502833,None,005,001,2025-09-29_21h18.00.165,Motor Sequence Learning,,2025.1.1,59.934000706140935,2025-09-29 21h18.06.827883 +0530,
50,c,123,123,24,c,1,0.298596799839288,None,,,,,24,123,123,2,602.9370398998726,,602.9208088999148,602.9370398998726,603.9211575000081,603.9211575000081,603.9211575000081,603.9211575000081,603.9377509998158,604.4202755999286,604.4202755999286,604.7221554999705,,,,,c,1,0.298596799839288,None,005,001,2025-09-29_21h18.00.165,Motor Sequence Learning,,2025.1.1,59.934000706140935,2025-09-29 21h18.06.827883 +0530,
150,v,124,124,34,v,1,0.3690541998948902,None,,,,,34,124,124,1,604.7382639998104,,604.7227479999419,604.7382639998104,605.7378197999205,605.7378197999205,605.7378197999205,605.7378197999205,605.7378197999205,606.2373862999957,606.2373862999957,606.621615699958,,,,,v,1,0.3690541998948902,None,005,001,2025-09-29_21h18.00.165,Motor Sequence Learning,,2025.1.1,59.934000706140935,2025-09-29 21h18.06.827883 +0530,
50,c,125,125,25,c,1,0.465515400050208,None,,,,,25,125,125,2,606.6375174999703,,606.6220070000272,606.6375174999703,607.6217351998203,607.6217351998203,607.6217351998203,607.6217351998203,607.6379880998284,608.1206139998976,608.1206139998976,608.5903837999795,,,,,c,1,0.465515400050208,None,005,001,2025-09-29_21h18.00.165,Motor Sequence Learning,,2025.1.1,59.934000706140935,2025-09-29 21h18.06.827883 +0530,
150,v,126,126,35,v,1,0.440920100081712,None,,,,,35,126,126,1,608.6048315998632,,608.5908848999534,608.6048315998632,609.6054918000009,609.6054918000009,609.6054918000009,609.6054918000009,609.6054918000009,610.1048175999895,610.1048175999895,610.5555274998769,,,,,v,1,0.440920100081712,None,005,001,2025-09-29_21h18.00.165,Motor Sequence Learning,,2025.1.1,59.934000706140935,2025-09-29 21h18.06.827883 +0530,
-50,x,127,127,29,x,1,0.46445899992249906,None,,,,,29,127,127,0,610.5716184999328,,610.5560186000075,610.5716184999328,611.5543823998887,611.5543823998887,611.5543823998887,611.5543823998887,611.5727346998174,612.0557336998172,612.0557336998172,612.5231153999921,,,,,x,1,0.46445899992249906,None,005,001,2025-09-29_21h18.00.165,Motor Sequence Learning,,2025.1.1,59.934000706140935,2025-09-29 21h18.06.827883 +0530,
-150,z,128,128,36,z,1,0.6133495001122355,None,,,,,36,128,128,3,612.538345299894,,612.5235875998624,612.538345299894,613.537876599934,613.537876599934,613.537876599934,613.537876599934,613.537876599934,614.0382936999667,614.0382936999667,614.6562101999298,,,,,z,1,0.6133495001122355,None,005,001,2025-09-29_21h18.00.165,Motor Sequence Learning,,2025.1.1,59.934000706140935,2025-09-29 21h18.06.827883 +0530,
-150,z,129,129,37,z,1,0.45613560010679066,None,,,,,37,129,129,3,614.6715824999847,,614.6567622998264,614.6715824999847,615.6717507999856,615.6717507999856,615.6717507999856,615.6717507999856,615.6717507999856,616.1711526999716,616.1711526999716,616.6385810000356,,,,,z,1,0.45613560010679066,None,005,001,2025-09-29_21h18.00.165,Motor Sequence Learning,,2025.1.1,59.934000706140935,2025-09-29 21h18.06.827883 +0530,
-50,x,130,130,30,x,1,0.5048855999484658,None,,,,,30,130,130,0,616.6549948998727,,616.6389733999968,616.6549948998727,617.6384033998474,617.6384033998474,617.6384033998474,617.6384033998474,617.6541202999651,618.1391008000355,618.1391008000355,618.6547444998287,,,,,x,1,0.5048855999484658,None,005,001,2025-09-29_21h18.00.165,Motor Sequence Learning,,2025.1.1,59.934000706140935,2025-09-29 21h18.06.827883 +0530,
150,v,131,131,36,v,1,0.49992770003154874,None,,,,,36,131,131,1,618.6707649999298,,618.6551903998479,618.6707649999298,619.6547518000007,619.6547518000007,619.6547518000007,619.6547518000007,619.6713213999756,620.1707108998671,620.1707108998671,620.6713717998937,,,,,v,1,0.49992770003154874,None,005,001,2025-09-29_21h18.00.165,Motor Sequence Learning,,2025.1.1,59.934000706140935,2025-09-29 21h18.06.827883 +0530,
-150,z,132,132,38,z,1,0.5235188000369817,None,,,,,38,132,132,3,620.6872021998279,,620.6717361998744,620.6872021998279,621.6713484998327,621.6713484998327,621.6713484998327,621.6713484998327,621.687606099993,622.1710117999464,622.1710117999464,622.7056446999777,,,,,z,1,0.5235188000369817,None,005,001,2025-09-29_21h18.00.165,Motor Sequence Learning,,2025.1.1,59.934000706140935,2025-09-29 21h18.06.827883 +0530,
50,c,133,133,26,c,1,0.6996042998507619,None,,,,,26,133,133,2,622.7224280999508,,622.7061633998528,622.7224280999508,623.7214054998476,623.7214054998476,623.7214054998476,623.7214054998476,623.7381980998907,624.2051946998108,624.2051946998108,624.9220639998093,,,,,c,1,0.6996042998507619,None,005,001,2025-09-29_21h18.00.165,Motor Sequence Learning,,2025.1.1,59.934000706140935,2025-09-29 21h18.06.827883 +0530,
-150,z,134,134,39,z,1,0.4141440000385046,None,,,,,39,134,134,3,624.937698799884,,624.9225416998379,624.937698799884,625.9220567999873,625.9220567999873,625.9220567999873,625.9220567999873,625.9378279999364,626.4364879999775,626.4364879999775,626.8544007998426,,,,,z,1,0.4141440000385046,None,005,001,2025-09-29_21h18.00.165,Motor Sequence Learning,,2025.1.1,59.934000706140935,2025-09-29 21h18.06.827883 +0530,
-50,x,135,135,31,x,1,0.3718832000158727,None,,,,,31,135,135,0,626.8709577999543,,626.8548012999818,626.8709577999543,627.8549291000236,627.8549291000236,627.8549291000236,627.8549291000236,627.8715305000078,628.3544881998096,628.3544881998096,628.7389906998724,,,,,x,1,0.3718832000158727,None,005,001,2025-09-29_21h18.00.165,Motor Sequence Learning,,2025.1.1,59.934000706140935,2025-09-29 21h18.06.827883 +0530,
-150,z,136,136,40,z,1,0.49770069983787835,None,,,,,40,136,136,3,628.753502999898,,628.7396122999489,628.753502999898,629.7380394998472,629.7380394998472,629.7380394998472,629.7380394998472,629.7543210999575,630.2551929999609,630.2551929999609,630.7563810998108,,,,,z,1,0.49770069983787835,None,005,001,2025-09-29_21h18.00.165,Motor Sequence Learning,,2025.1.1,59.934000706140935,2025-09-29 21h18.06.827883 +0530,
-150,z,137,137,41,z,1,0.4097056998871267,None,,,,,41,137,137,3,630.7719296999276,,630.7570102999453,630.7719296999276,631.771399299847,631.771399299847,631.771399299847,631.771399299847,631.771399299847,632.2708882000297,632.2708882000297,632.6885697999969,,,,,z,1,0.4097056998871267,None,005,001,2025-09-29_21h18.00.165,Motor Sequence Learning,,2025.1.1,59.934000706140935,2025-09-29 21h18.06.827883 +0530,
50,c,138,138,27,c,1,0.5808922997675836,None,,,,,27,138,138,2,632.7042729998939,,632.6890608000103,632.7042729998939,633.6874060998671,633.6874060998671,633.6874060998671,633.6874060998671,633.7046625998337,634.1880536999088,634.1880536999088,634.771957000019,,,,,c,1,0.5808922997675836,None,005,001,2025-09-29_21h18.00.165,Motor Sequence Learning,,2025.1.1,59.934000706140935,2025-09-29 21h18.06.827883 +0530,
150,v,139,139,37,v,1,0.45776329981163144,None,,,,,37,139,139,1,634.789555599913,,634.7723940999713,634.789555599913,635.7722779999021,635.7722779999021,635.7722779999021,635.7722779999021,635.7883847998455,636.2878580000252,636.2878580000252,636.7545839999802,,,,,v,1,0.45776329981163144,None,005,001,2025-09-29_21h18.00.165,Motor Sequence Learning,,2025.1.1,59.934000706140935,2025-09-29 21h18.06.827883 +0530,
-50,x,140,140,32,x,1,0.3651506998576224,None,,,,,32,140,140,0,636.7708467999473,,636.7550764000043,636.7708467999473,637.7537516998127,637.7537516998127,637.7537516998127,637.7537516998127,637.7709961999208,638.2542878999375,638.2542878999375,638.6209230998065,,,,,x,1,0.3651506998576224,None,005,001,2025-09-29_21h18.00.165,Motor Sequence Learning,,2025.1.1,59.934000706140935,2025-09-29 21h18.06.827883 +0530,
50,c,141,141,28,c,1,0.4964392001274973,None,,,,,28,141,141,2,638.637027699966,,638.6212773998268,638.637027699966,639.6211311998777,639.6211311998777,639.6211311998777,639.6211311998777,639.6365745998919,640.1199932999443,640.1199932999443,640.6219295999035,,,,,c,1,0.4964392001274973,None,005,001,2025-09-29_21h18.00.165,Motor Sequence Learning,,2025.1.1,59.934000706140935,2025-09-29 21h18.06.827883 +0530,
50,c,142,142,29,c,1,0.4444772999268025,None,,,,,29,142,142,2,640.6375283999369,,640.6224759998731,640.6375283999369,641.6370665000286,641.6370665000286,641.6370665000286,641.6370665000286,641.6535020999145,642.1373266000301,642.1373266000301,642.5892125000246,,,,,c,1,0.4444772999268025,None,005,001,2025-09-29_21h18.00.165,Motor Sequence Learning,,2025.1.1,59.934000706140935,2025-09-29 21h18.06.827883 +0530,
50,c,143,143,30,c,1,0.3985257998574525,None,,,,,30,143,143,2,642.6033351998776,,642.5898279999383,642.6033351998776,643.6027541998774,643.6027541998774,643.6027541998774,643.6027541998774,643.6027541998774,644.1027926998213,644.1027926998213,644.5054613999091,,,,,c,1,0.3985257998574525,None,005,001,2025-09-29_21h18.00.165,Motor Sequence Learning,,2025.1.1,59.934000706140935,2025-09-29 21h18.06.827883 +0530,
-50,x,144,144,33,x,1,0.48242209991440177,None,,,,,33,144,144,0,644.5206753998064,,644.505967099918,644.5206753998064,645.5210135998204,645.5210135998204,645.5210135998204,645.5210135998204,645.5210135998204,646.020321500022,646.020321500022,646.5042654999997,,,,,x,1,0.48242209991440177,None,005,001,2025-09-29_21h18.00.165,Motor Sequence Learning,,2025.1.1,59.934000706140935,2025-09-29 21h18.06.827883 +0530,
-50,x,145,145,34,x,1,0.3628740001004189,None,,,,,34,145,145,0,646.5203405998182,,646.5047513998579,646.5203405998182,647.5030236998573,647.5030236998573,647.5030236998573,647.5030236998573,647.5193996999878,648.004381599836,648.004381599836,648.3714124998078,,,,,x,1,0.3628740001004189,None,005,001,2025-09-29_21h18.00.165,Motor Sequence Learning,,2025.1.1,59.934000706140935,2025-09-29 21h18.06.827883 +0530,
-50,x,146,146,35,x,1,0.3865734999999404,None,,,,,35,146,146,0,648.3870176998898,,648.3719124000054,648.3870176998898,649.387113200035,649.387113200035,649.387113200035,649.387113200035,649.387113200035,649.8709749998525,649.8709749998525,650.2700855999719,,,,,x,1,0.3865734999999404,None,005,001,2025-09-29_21h18.00.165,Motor Sequence Learning,,2025.1.1,59.934000706140935,2025-09-29 21h18.06.827883 +0530,
150,v,147,147,38,v,1,0.4785736999474466,None,,,,,38,147,147,1,650.2879255998414,,650.2703193998896,650.2879255998414,651.2704427998979,651.2704427998979,651.2704427998979,651.2704427998979,651.2875299998559,651.7697652999777,651.7697652999777,652.2565724998713,,,,,v,1,0.4785736999474466,None,005,001,2025-09-29_21h18.00.165,Motor Sequence Learning,,2025.1.1,59.934000706140935,2025-09-29 21h18.06.827883 +0530,
50,c,148,148,31,c,1,0.42855329997837543,None,,,,,31,148,148,2,652.270680599846,,652.2572129999753,652.270680599846,653.2704073998611,653.2704073998611,653.2704073998611,653.2704073998611,653.2704073998611,653.7700072999578,653.7700072999578,654.2039103999268,,,,,c,1,0.42855329997837543,None,005,001,2025-09-29_21h18.00.165,Motor Sequence Learning,,2025.1.1,59.934000706140935,2025-09-29 21h18.06.827883 +0530,
-150,z,149,149,42,z,1,0.5686170998960733,None,,,,,42,149,149,3,654.2198810998816,,654.2043006999884,654.2198810998816,655.2040475998074,655.2040475998074,655.2040475998074,655.2040475998074,655.2212584000081,655.7038326999173,655.7038326999173,656.2878435999155,,,,,z,1,0.5686170998960733,None,005,001,2025-09-29_21h18.00.165,Motor Sequence Learning,,2025.1.1,59.934000706140935,2025-09-29 21h18.06.827883 +0530,
-50,x,150,150,36,x,1,0.43443719996139407,None,,,,,36,150,150,0,656.303993199952,,656.2882336999755,656.303993199952,657.2876066998579,657.2876066998579,657.2876066998579,657.2876066998579,657.3035108998884,657.7872734998818,657.7872734998818,658.2222871999256,,,,,x,1,0.43443719996139407,None,005,001,2025-09-29_21h18.00.165,Motor Sequence Learning,,2025.1.1,59.934000706140935,2025-09-29 21h18.06.827883 +0530,
-150,z,151,151,43,z,1,0.4419765998609364,None,,,,,43,151,151,3,658.2371949998196,,658.2227254000027,658.2371949998196,659.2368759999517,659.2368759999517,659.2368759999517,659.2368759999517,659.2368759999517,659.7380736998748,659.7380736998748,660.1871648000088,,,,,z,1,0.4419765998609364,None,005,001,2025-09-29_21h18.00.165,Motor Sequence Learning,,2025.1.1,59.934000706140935,2025-09-29 21h18.06.827883 +0530,
50,c,152,152,32,c,1,0.5231372001580894,None,,,,,32,152,152,2,660.203061999986,,660.187559899874,660.203061999986,661.1863471998367,661.1863471998367,661.1863471998367,661.1863471998367,661.2029883998912,661.687432799954,661.687432799954,662.2210663999431,,,,,c,1,0.5231372001580894,None,005,001,2025-09-29_21h18.00.165,Motor Sequence Learning,,2025.1.1,59.934000706140935,2025-09-29 21h18.06.827883 +0530,
50,c,153,153,33,c,1,0.4523346999194473,None,,,,,33,153,153,2,662.2372029998805,,662.221582399914,662.2372029998805,663.2203015999403,663.2203015999403,663.2203015999403,663.2203015999403,663.2376265998464,663.7209643998649,663.7209643998649,664.1878861000296,,,,,c,1,0.4523346999194473,None,005,001,2025-09-29_21h18.00.165,Motor Sequence Learning,,2025.1.1,59.934000706140935,2025-09-29 21h18.06.827883 +0530,
50,c,154,154,34,c,1,0.46815169998444617,None,,,,,34,154,154,2,664.2035719999112,,664.1884069999214,664.2035719999112,665.1875731998589,665.1875731998589,665.1875731998589,665.1875731998589,665.2043460998684,665.7042771999259,665.7042771999259,666.1877513998188,,,,,c,1,0.46815169998444617,None,005,001,2025-09-29_21h18.00.165,Motor Sequence Learning,,2025.1.1,59.934000706140935,2025-09-29 21h18.06.827883 +0530,
-150,z,155,155,44,z,1,0.6195090999826789,None,,,,,44,155,155,3,666.2038517999463,,666.188277799869,666.2038517999463,667.1875442999881,667.1875442999881,667.1875442999881,667.1875442999881,667.2041129998397,667.6872774998192,667.6872774998192,668.3222798998468,,,,,z,1,0.6195090999826789,None,005,001,2025-09-29_21h18.00.165,Motor Sequence Learning,,2025.1.1,59.934000706140935,2025-09-29 21h18.06.827883 +0530,
50,c,156,156,35,c,1,0.4630537999328226,None,,,,,35,156,156,2,668.3378713999409,,668.3229420999996,668.3378713999409,669.33717720001,669.33717720001,669.33717720001,669.33717720001,669.33717720001,669.8380813999102,669.8380813999102,670.3050349999685,,,,,c,1,0.4630537999328226,None,005,001,2025-09-29_21h18.00.165,Motor Sequence Learning,,2025.1.1,59.934000706140935,2025-09-29 21h18.06.827883 +0530,
50,c,157,157,36,c,1,0.39687640010379255,None,,,,,36,157,157,2,670.320381199941,,670.3054777998477,670.320381199941,671.3202941999771,671.3202941999771,671.3202941999771,671.3202941999771,671.3202941999771,671.8036390999332,671.8036390999332,672.2051492999308,,,,,c,1,0.39687640010379255,None,005,001,2025-09-29_21h18.00.165,Motor Sequence Learning,,2025.1.1,59.934000706140935,2025-09-29 21h18.06.827883 +0530,
-150,z,158,158,45,z,1,0.6160528999753296,None,,,,,45,158,158,3,672.2202359000221,,672.2056903999764,672.2202359000221,673.2201255999971,673.2201255999971,673.2201255999971,673.2201255999971,673.2201255999971,673.7206639999058,673.7206639999058,674.3388321998063,,,,,z,1,0.6160528999753296,None,005,001,2025-09-29_21h18.00.165,Motor Sequence Learning,,2025.1.1,59.934000706140935,2025-09-29 21h18.06.827883 +0530,
150,v,159,159,39,v,1,0.41855560010299087,None,,,,,39,159,159,1,674.3531847998966,,674.3393826999236,674.3531847998966,675.3537826999091,675.3537826999091,675.3537826999091,675.3537826999091,675.3537826999091,675.8537049998995,675.8537049998995,676.2866556998342,,,,,v,1,0.41855560010299087,None,005,001,2025-09-29_21h18.00.165,Motor Sequence Learning,,2025.1.1,59.934000706140935,2025-09-29 21h18.06.827883 +0530,
50,c,160,160,37,c,1,0.48413969995453954,None,,,,,37,160,160,2,676.302870699903,,676.2870310998987,676.302870699903,677.288428499829,677.288428499829,677.288428499829,677.288428499829,677.3036429998465,677.7865815998521,677.7865815998521,678.2717363999691,,,,,c,1,0.48413969995453954,None,005,001,2025-09-29_21h18.00.165,Motor Sequence Learning,,2025.1.1,59.934000706140935,2025-09-29 21h18.06.827883 +0530,
150,v,161,161,40,v,1,0.4183621001429856,None,,,,,40,161,161,1,678.2867504998576,,678.2721780999564,678.2867504998576,679.2868534999434,679.2868534999434,679.2868534999434,679.2868534999434,679.2868534999434,679.7874033998232,679.7874033998232,680.2197798998095,,,,,v,1,0.4183621001429856,None,005,001,2025-09-29_21h18.00.165,Motor Sequence Learning,,2025.1.1,59.934000706140935,2025-09-29 21h18.06.827883 +0530,
50,c,162,162,38,c,1,0.5186549001373351,None,,,,,38,162,162,2,680.2355875999201,,680.2200817000121,680.2355875999201,681.219552599825,681.219552599825,681.219552599825,681.219552599825,681.235932599986,681.7193284998648,681.7193284998648,682.2547073999885,,,,,c,1,0.5186549001373351,None,005,001,2025-09-29_21h18.00.165,Motor Sequence Learning,,2025.1.1,59.934000706140935,2025-09-29 21h18.06.827883 +0530,
150,v,163,163,41,v,1,0.4204412999097258,None,,,,,41,163,163,1,682.2696403998416,,682.2553579998203,682.2696403998416,683.270292500034,683.270292500034,683.270292500034,683.270292500034,683.270292500034,683.753840399906,683.753840399906,684.1878426999319,,,,,v,1,0.4204412999097258,None,005,001,2025-09-29_21h18.00.165,Motor Sequence Learning,,2025.1.1,59.934000706140935,2025-09-29 21h18.06.827883 +0530,
150,v,164,164,42,v,1,0.3867220999673009,None,,,,,42,164,164,1,684.203690999886,,684.1883180998266,684.203690999886,685.2035769999493,685.2035769999493,685.2035769999493,685.2035769999493,685.2035769999493,685.7039369000122,685.7039369000122,686.104935699841,,,,,v,1,0.3867220999673009,None,005,001,2025-09-29_21h18.00.165,Motor Sequence Learning,,2025.1.1,59.934000706140935,2025-09-29 21h18.06.827883 +0530,
-50,x,165,165,37,x,1,0.5414167998824269,None,,,,,37,165,165,0,686.1199685998727,,686.1056389999576,686.1199685998727,687.1204895998817,687.1204895998817,687.1204895998817,687.1204895998817,687.1204895998817,687.6198614998721,687.6198614998721,688.1706476998515,,,,,x,1,0.5414167998824269,None,005,001,2025-09-29_21h18.00.165,Motor Sequence Learning,,2025.1.1,59.934000706140935,2025-09-29 21h18.06.827883 +0530,
-50,x,166,166,38,x,1,0.3952452999074012,None,,,,,38,166,166,0,688.1862581998575,,688.1710589998402,688.1862581998575,689.1699743999634,689.1699743999634,689.1699743999634,689.1699743999634,689.1869122998323,689.6697120999452,689.6697120999452,690.0707107000053,,,,,x,1,0.3952452999074012,None,005,001,2025-09-29_21h18.00.165,Motor Sequence Learning,,2025.1.1,59.934000706140935,2025-09-29 21h18.06.827883 +0530,
50,c,167,167,39,c,1,0.6713074999861419,None,,,,,39,167,167,2,690.0865235999227,,690.0712122998666,690.0865235999227,691.0698180999607,691.0698180999607,691.0698180999607,691.0698180999607,691.0867231998127,691.5702818999998,691.5702818999998,692.2544911999721,,,,,c,1,0.6713074999861419,None,005,001,2025-09-29_21h18.00.165,Motor Sequence Learning,,2025.1.1,59.934000706140935,2025-09-29 21h18.06.827883 +0530,
-50,x,168,168,39,x,1,0.4638447999022901,None,,,,,39,168,168,0,692.269075299846,,692.2548733998556,692.269075299846,693.2533489000052,693.2533489000052,693.2533489000052,693.2533489000052,693.2696450999938,693.752907200018,693.752907200018,694.221866699867,,,,,x,1,0.4638447999022901,None,005,001,2025-09-29_21h18.00.165,Motor Sequence Learning,,2025.1.1,59.934000706140935,2025-09-29 21h18.06.827883 +0530,
150,v,169,169,43,v,1,0.38886040006764233,None,,,,,43,169,169,1,694.2368052999955,,694.2224271998275,694.2368052999955,695.2376470000017,695.2376470000017,695.2376470000017,695.2376470000017,695.2376470000017,695.7369379999582,695.7369379999582,696.1362940999679,,,,,v,1,0.38886040006764233,None,005,001,2025-09-29_21h18.00.165,Motor Sequence Learning,,2025.1.1,59.934000706140935,2025-09-29 21h18.06.827883 +0530,
-50,x,170,170,40,x,1,0.3581441000569612,None,,,,,40,170,170,0,696.1523996999022,,696.1367309000343,696.1523996999022,697.1371141998097,697.1371141998097,697.1371141998097,697.1371141998097,697.1534692998976,697.6366951998789,697.6366951998789,698.0040984998923,,,,,x,1,0.3581441000569612,None,005,001,2025-09-29_21h18.00.165,Motor Sequence Learning,,2025.1.1,59.934000706140935,2025-09-29 21h18.06.827883 +0530,
50,c,171,171,40,c,1,0.5637765000574291,None,,,,,40,171,171,2,698.0195513998624,,698.0046422998421,698.0195513998624,699.0029563999269,699.0029563999269,699.0029563999269,699.0029563999269,699.0204366999678,699.502942299936,699.502942299936,700.0711810998619,,,,,c,1,0.5637765000574291,None,005,001,2025-09-29_21h18.00.165,Motor Sequence Learning,,2025.1.1,59.934000706140935,2025-09-29 21h18.06.827883 +0530,
50,c,172,172,41,c,1,0.3962723999284208,None,,,,,41,172,172,2,700.0862636000384,,700.0715985000134,700.0862636000384,701.085822999943,701.085822999943,701.085822999943,701.085822999943,701.085822999943,701.5862362999469,701.5862362999469,701.9866885999218,,,,,c,1,0.3962723999284208,None,005,001,2025-09-29_21h18.00.165,Motor Sequence Learning,,2025.1.1,59.934000706140935,2025-09-29 21h18.06.827883 +0530,
-50,x,173,173,41,x,1,0.45907009998336434,None,,,,,41,173,173,0,702.0025139998179,,701.9870419998188,702.0025139998179,702.9859126999509,702.9859126999509,702.9859126999509,702.9859126999509,703.0032095999923,703.4871930000372,703.4871930000372,703.9546966999769,,,,,x,1,0.45907009998336434,None,005,001,2025-09-29_21h18.00.165,Motor Sequence Learning,,2025.1.1,59.934000706140935,2025-09-29 21h18.06.827883 +0530,
50,c,174,174,42,c,1,0.42921580001711845,None,,,,,42,174,174,2,703.9702331000008,,703.9553994999733,703.9702331000008,704.9708532998338,704.9708532998338,704.9708532998338,704.9708532998338,704.9708532998338,705.453195199836,705.453195199836,705.8875744999386,,,,,c,1,0.42921580001711845,None,005,001,2025-09-29_21h18.00.165,Motor Sequence Learning,,2025.1.1,59.934000706140935,2025-09-29 21h18.06.827883 +0530,
-50,x,175,175,42,x,1,0.4648529998958111,None,,,,,42,175,175,0,705.9031620998867,,705.8880367998499,705.9031620998867,706.887177699944,706.887177699944,706.887177699944,706.887177699944,706.9023282998241,707.3861908998806,707.3861908998806,707.8538518999703,,,,,x,1,0.4648529998958111,None,005,001,2025-09-29_21h18.00.165,Motor Sequence Learning,,2025.1.1,59.934000706140935,2025-09-29 21h18.06.827883 +0530,
150,v,176,176,44,v,1,0.41911649983376265,None,,,,,44,176,176,1,707.8695239999797,,707.854390299879,707.8695239999797,708.8692749999464,708.8692749999464,708.8692749999464,708.8692749999464,708.8692749999464,709.3527469998226,709.3527469998226,709.7725963999983,,,,,v,1,0.41911649983376265,None,005,001,2025-09-29_21h18.00.165,Motor Sequence Learning,,2025.1.1,59.934000706140935,2025-09-29 21h18.06.827883 +0530,
50,c,177,177,43,c,1,0.4723225000780076,None,,,,,43,177,177,2,709.7861426000018,,709.7733054999262,709.7861426000018,710.7860784998629,710.7860784998629,710.7860784998629,710.7860784998629,710.7860784998629,711.2862118999474,711.2862118999474,711.7702142000198,,,,,c,1,0.4723225000780076,None,005,001,2025-09-29_21h18.00.165,Motor Sequence Learning,,2025.1.1,59.934000706140935,2025-09-29 21h18.06.827883 +0530,
-50,x,178,178,43,x,1,0.333296500146389,None,,,,,43,178,178,0,711.7863121998962,,711.7706155998167,711.7863121998962,712.7701350999996,712.7701350999996,712.7701350999996,712.7701350999996,712.7865601000376,713.2861217998434,713.2861217998434,713.6199234998785,,,,,x,1,0.333296500146389,None,005,001,2025-09-29_21h18.00.165,Motor Sequence Learning,,2025.1.1,59.934000706140935,2025-09-29 21h18.06.827883 +0530,
-150,z,179,179,46,z,1,0.4240625000093132,None,,,,,46,179,179,3,713.6358507999685,,713.6203006999567,713.6358507999685,714.6369272999,714.6369272999,714.6369272999,714.6369272999,714.6369272999,715.1192970999982,715.1192970999982,715.5533312000334,,,,,z,1,0.4240625000093132,None,005,001,2025-09-29_21h18.00.165,Motor Sequence Learning,,2025.1.1,59.934000706140935,2025-09-29 21h18.06.827883 +0530,
-50,x,180,180,44,x,1,0.3705251000355929,None,,,,,44,180,180,0,715.5693810000084,,715.5537238998804,715.5693810000084,716.5533773999196,716.5533773999196,716.5533773999196,716.5533773999196,716.5698650998529,717.0528013999574,717.0528013999574,717.4370299000293,,,,,x,1,0.3705251000355929,None,005,001,2025-09-29_21h18.00.165,Motor Sequence Learning,,2025.1.1,59.934000706140935,2025-09-29 21h18.06.827883 +0530,
-50,x,181,181,45,x,1,0.41586850001476705,None,,,,,45,181,181,0,717.4533796999604,,717.4376508998685,717.4533796999604,718.4369212000165,718.4369212000165,718.4369212000165,718.4369212000165,718.4531051998492,718.9372578999028,718.9372578999028,719.369388199877,,,,,x,1,0.41586850001476705,None,005,001,2025-09-29_21h18.00.165,Motor Sequence Learning,,2025.1.1,59.934000706140935,2025-09-29 21h18.06.827883 +0530,
-50,x,182,182,46,x,1,0.3730678998399526,None,,,,,46,182,182,0,719.3853271999396,,719.3697777998168,719.3853271999396,720.3697571998928,720.3697571998928,720.3697571998928,720.3697571998928,720.3866480998695,720.8697837998625,720.8697837998625,721.2550531998277,,,,,x,1,0.3730678998399526,None,005,001,2025-09-29_21h18.00.165,Motor Sequence Learning,,2025.1.1,59.934000706140935,2025-09-29 21h18.06.827883 +0530,
50,c,183,183,44,c,1,0.5753136998973787,None,,,,,44,183,183,2,721.2692593999673,,721.2555829999037,721.2692593999673,722.2697898999322,722.2697898999322,722.2697898999322,722.2697898999322,722.2697898999322,722.7697441999335,722.7697441999335,723.3538027999457,,,,,c,1,0.5753136998973787,None,005,001,2025-09-29_21h18.00.165,Motor Sequence Learning,,2025.1.1,59.934000706140935,2025-09-29 21h18.06.827883 +0530,
50,c,184,184,45,c,1,0.3334896001033485,None,,,,,45,184,184,2,723.3696088998113,,723.354263599962,723.3696088998113,724.3530806000344,724.3530806000344,724.3530806000344,724.3530806000344,724.3703228998929,724.8523264999967,724.8523264999967,725.1881096998695,,,,,c,1,0.3334896001033485,None,005,001,2025-09-29_21h18.00.165,Motor Sequence Learning,,2025.1.1,59.934000706140935,2025-09-29 21h18.06.827883 +0530,
150,v,185,185,45,v,1,0.45770930009894073,None,,,,,45,185,185,1,725.2035476998426,,725.1885768999346,725.2035476998426,726.2018162999302,726.2018162999302,726.2018162999302,726.2018162999302,726.2018162999302,726.7025588999968,726.7025588999968,727.16967689991,,,,,v,1,0.45770930009894073,None,005,001,2025-09-29_21h18.00.165,Motor Sequence Learning,,2025.1.1,59.934000706140935,2025-09-29 21h18.06.827883 +0530,
-50,x,186,186,47,x,1,0.41929590003564954,None,,,,,47,186,186,0,727.1855735999998,,727.170077299932,727.1855735999998,728.1854780998547,728.1854780998547,728.1854780998547,728.1854780998547,728.1854780998547,728.6694736999925,728.6694736999925,729.1040725000203,,,,,x,1,0.41929590003564954,None,005,001,2025-09-29_21h18.00.165,Motor Sequence Learning,,2025.1.1,59.934000706140935,2025-09-29 21h18.06.827883 +0530,
-50,x,187,187,48,x,1,0.3190582999959588,None,,,,,48,187,187,0,729.1190762999468,,729.1045440000016,729.1190762999468,730.1201205998659,730.1201205998659,730.1201205998659,730.1201205998659,730.1201205998659,730.6028779000044,730.6028779000044,730.9366295000073,,,,,x,1,0.3190582999959588,None,005,001,2025-09-29_21h18.00.165,Motor Sequence Learning,,2025.1.1,59.934000706140935,2025-09-29 21h18.06.827883 +0530,
-150,z,188,188,47,z,1,0.42955689993686974,None,,,,,47,188,188,3,730.952321899822,,730.9371402999386,730.952321899822,731.9368624000344,731.9368624000344,731.9368624000344,731.9368624000344,731.9529684998561,732.4365685000084,732.4365685000084,732.8705640998669,,,,,z,1,0.42955689993686974,None,005,001,2025-09-29_21h18.00.165,Motor Sequence Learning,,2025.1.1,59.934000706140935,2025-09-29 21h18.06.827883 +0530,
50,c,189,189,46,c,1,0.4344171998091042,None,,,,,46,189,189,2,732.8859236999415,,732.871056499891,732.8859236999415,733.869696199894,733.869696199894,733.869696199894,733.869696199894,733.8862964999862,734.3693808999378,734.3693808999378,734.8185140998103,,,,,c,1,0.4344171998091042,None,005,001,2025-09-29_21h18.00.165,Motor Sequence Learning,,2025.1.1,59.934000706140935,2025-09-29 21h18.06.827883 +0530,
50,c,190,190,47,c,1,0.36811859998852015,None,,,,,47,190,190,2,734.8356951000169,,734.8187855998985,734.8356951000169,735.8189024999738,735.8189024999738,735.8189024999738,735.8189024999738,735.836778299883,736.3185419999063,736.3185419999063,736.7029216999654,,,,,c,1,0.36811859998852015,None,005,001,2025-09-29_21h18.00.165,Motor Sequence Learning,,2025.1.1,59.934000706140935,2025-09-29 21h18.06.827883 +0530,
50,c,191,191,48,c,1,0.38892269995994866,None,,,,,48,191,191,2,736.7193577999715,,736.7033921999391,736.7193577999715,737.7027588000055,737.7027588000055,737.7027588000055,737.7027588000055,737.719772899989,738.2027836998459,738.2027836998459,738.6043714999687,,,,,c,1,0.38892269995994866,None,005,001,2025-09-29_21h18.00.165,Motor Sequence Learning,,2025.1.1,59.934000706140935,2025-09-29 21h18.06.827883 +0530,
150,v,192,192,46,v,1,0.4024694999679923,None,,,,,46,192,192,1,738.6183388000354,,738.6049764999188,738.6183388000354,739.6193718998693,739.6193718998693,739.6193718998693,739.6193718998693,739.6193718998693,740.1190571999177,740.1190571999177,740.5347696000244,,,,,v,1,0.4024694999679923,None,005,001,2025-09-29_21h18.00.165,Motor Sequence Learning,,2025.1.1,59.934000706140935,2025-09-29 21h18.06.827883 +0530,
150,v,193,193,47,v,1,0.3892010001000017,None,,,,,47,193,193,1,740.5510195000097,,740.5350100998767,740.5510195000097,741.535469399998,741.535469399998,741.535469399998,741.535469399998,741.5522727000061,742.0364987000357,742.0364987000357,742.4367539000232,,,,,v,1,0.3892010001000017,None,005,001,2025-09-29_21h18.00.165,Motor Sequence Learning,,2025.1.1,59.934000706140935,2025-09-29 21h18.06.827883 +0530,
150,v,194,194,48,v,1,0.4415885000489652,None,,,,,48,194,194,1,742.4525442998856,,742.4372129000258,742.4525442998856,743.4521430998575,743.4521430998575,743.4521430998575,743.4521430998575,743.4521430998575,743.935211799806,743.935211799806,744.3873056999873,,,,,v,1,0.4415885000489652,None,005,001,2025-09-29_21h18.00.165,Motor Sequence Learning,,2025.1.1,59.934000706140935,2025-09-29 21h18.06.827883 +0530,
-150,z,195,195,48,z,1,0.45084800012409687,None,,,,,48,195,195,3,744.4028195999563,,744.387935299892,744.4028195999563,745.4012045999989,745.4012045999989,745.4012045999989,745.4012045999989,745.4189542999957,745.9021623998415,745.9021623998415,746.3534937999211,,,,,z,1,0.45084800012409687,None,005,001,2025-09-29_21h18.00.165,Motor Sequence Learning,,2025.1.1,59.934000706140935,2025-09-29 21h18.06.827883 +0530,
150,v,196,196,49,v,1,0.7525508999824524,None,,,,,49,196,196,1,746.3686678998638,,746.3538867998868,746.3686678998638,747.3689451999962,747.3689451999962,747.3689451999962,747.3689451999962,747.3689451999962,747.869657299947,747.869657299947,748.6360086998902,,,,,v,1,0.7525508999824524,None,005,001,2025-09-29_21h18.00.165,Motor Sequence Learning,,2025.1.1,59.934000706140935,2025-09-29 21h18.06.827883 +0530,
-150,z,197,197,49,z,1,0.288624299922958,None,,,,,49,197,197,3,748.6524620000273,,748.6363986998331,748.6524620000273,749.6357336998917,749.6357336998917,749.6357336998917,749.6357336998917,749.6526173998136,750.1358522998635,750.1358522998635,750.4369626999833,,,,,z,1,0.288624299922958,None,005,001,2025-09-29_21h18.00.165,Motor Sequence Learning,,2025.1.1,59.934000706140935,2025-09-29 21h18.06.827883 +0530,
50,c,198,198,49,c,1,0.621900700032711,None,,,,,49,198,198,2,750.4525839998387,,750.4375073998235,750.4525839998387,751.4364968999289,751.4364968999289,751.4364968999289,751.4364968999289,751.452141799964,751.9518765998073,751.9518765998073,752.5858245999552,,,,,c,1,0.621900700032711,None,005,001,2025-09-29_21h18.00.165,Motor Sequence Learning,,2025.1.1,59.934000706140935,2025-09-29 21h18.06.827883 +0530,
-50,x,199,199,49,x,1,0.5491841998882592,None,,,,,49,199,199,0,752.6018311998341,,752.586190499831,752.6018311998341,753.5858920998871,753.5858920998871,753.5858920998871,753.5858920998871,753.6024507000111,754.0860384998377,754.0860384998377,754.6377584999427,,,,,x,1,0.5491841998882592,None,005,001,2025-09-29_21h18.00.165,Motor Sequence Learning,,2025.1.1,59.934000706140935,2025-09-29 21h18.06.827883 +0530,
